ssh_cidr=66.108.102.239/32

=== 1. Apply isolated Hivemind POC infra ===
[0m[1mInitializing the backend...[0m
[0m[1mInitializing provider plugins...[0m
- Reusing previous version of hashicorp/aws from the dependency lock file
- Using previously-installed hashicorp/aws v5.100.0

[0m[1m[32mTerraform has been successfully initialized![0m[32m[0m
[0m[32m
You may now begin working with Terraform. Try running "terraform plan" to see
any changes that are required for your infrastructure. All Terraform commands
should now work.

If you ever set or change modules or backend configuration for Terraform,
rerun this command to reinitialize your working directory. If you forget, other
commands will detect it and remind you to do so if necessary.[0m

Terraform used the selected providers to generate the following execution
plan. Resource actions are indicated with the following symbols:
  [32m+[0m create[0m

Terraform will perform the following actions:

[1m  # aws_ecr_repository.workloads[0m will be created
[0m  [32m+[0m[0m resource "aws_ecr_repository" "workloads" {
      [32m+[0m[0m arn                  = (known after apply)
      [32m+[0m[0m force_delete         = true
      [32m+[0m[0m id                   = (known after apply)
      [32m+[0m[0m image_tag_mutability = "MUTABLE"
      [32m+[0m[0m name                 = "hivemind-poc"
      [32m+[0m[0m registry_id          = (known after apply)
      [32m+[0m[0m repository_url       = (known after apply)
      [32m+[0m[0m tags                 = {
          [32m+[0m[0m "Name" = "hivemind-poc-workloads"
        }
      [32m+[0m[0m tags_all             = {
          [32m+[0m[0m "Name" = "hivemind-poc-workloads"
        }

      [32m+[0m[0m image_scanning_configuration {
          [32m+[0m[0m scan_on_push = false
        }
    }

[1m  # aws_instance.replica[0][0m will be created
[0m  [32m+[0m[0m resource "aws_instance" "replica" {
      [32m+[0m[0m ami                                  = "ami-098e39bafa7e7303d"
      [32m+[0m[0m arn                                  = (known after apply)
      [32m+[0m[0m associate_public_ip_address          = (known after apply)
      [32m+[0m[0m availability_zone                    = (known after apply)
      [32m+[0m[0m cpu_core_count                       = (known after apply)
      [32m+[0m[0m cpu_threads_per_core                 = (known after apply)
      [32m+[0m[0m disable_api_stop                     = (known after apply)
      [32m+[0m[0m disable_api_termination              = (known after apply)
      [32m+[0m[0m ebs_optimized                        = (known after apply)
      [32m+[0m[0m enable_primary_ipv6                  = (known after apply)
      [32m+[0m[0m get_password_data                    = false
      [32m+[0m[0m host_id                              = (known after apply)
      [32m+[0m[0m host_resource_group_arn              = (known after apply)
      [32m+[0m[0m iam_instance_profile                 = (known after apply)
      [32m+[0m[0m id                                   = (known after apply)
      [32m+[0m[0m instance_initiated_shutdown_behavior = (known after apply)
      [32m+[0m[0m instance_lifecycle                   = (known after apply)
      [32m+[0m[0m instance_state                       = (known after apply)
      [32m+[0m[0m instance_type                        = "c5.xlarge"
      [32m+[0m[0m ipv6_address_count                   = (known after apply)
      [32m+[0m[0m ipv6_addresses                       = (known after apply)
      [32m+[0m[0m key_name                             = "hivemind-poc-deployer"
      [32m+[0m[0m monitoring                           = (known after apply)
      [32m+[0m[0m outpost_arn                          = (known after apply)
      [32m+[0m[0m password_data                        = (known after apply)
      [32m+[0m[0m placement_group                      = (known after apply)
      [32m+[0m[0m placement_partition_number           = (known after apply)
      [32m+[0m[0m primary_network_interface_id         = (known after apply)
      [32m+[0m[0m private_dns                          = (known after apply)
      [32m+[0m[0m private_ip                           = (known after apply)
      [32m+[0m[0m public_dns                           = (known after apply)
      [32m+[0m[0m public_ip                            = (known after apply)
      [32m+[0m[0m secondary_private_ips                = (known after apply)
      [32m+[0m[0m security_groups                      = (known after apply)
      [32m+[0m[0m source_dest_check                    = true
      [32m+[0m[0m spot_instance_request_id             = (known after apply)
      [32m+[0m[0m subnet_id                            = (known after apply)
      [32m+[0m[0m tags                                 = {
          [32m+[0m[0m "Name" = "hivemind-replica-0"
          [32m+[0m[0m "Role" = "replica"
        }
      [32m+[0m[0m tags_all                             = {
          [32m+[0m[0m "Name" = "hivemind-replica-0"
          [32m+[0m[0m "Role" = "replica"
        }
      [32m+[0m[0m tenancy                              = (known after apply)
      [32m+[0m[0m user_data                            = (sensitive value)
      [32m+[0m[0m user_data_base64                     = (known after apply)
      [32m+[0m[0m user_data_replace_on_change          = false
      [32m+[0m[0m vpc_security_group_ids               = (known after apply)

      [32m+[0m[0m capacity_reservation_specification (known after apply)

      [32m+[0m[0m cpu_options (known after apply)

      [32m+[0m[0m ebs_block_device (known after apply)

      [32m+[0m[0m enclave_options (known after apply)

      [32m+[0m[0m ephemeral_block_device (known after apply)

      [32m+[0m[0m instance_market_options (known after apply)

      [32m+[0m[0m maintenance_options (known after apply)

      [32m+[0m[0m metadata_options (known after apply)

      [32m+[0m[0m network_interface (known after apply)

      [32m+[0m[0m private_dns_name_options (known after apply)

      [32m+[0m[0m root_block_device {
          [32m+[0m[0m delete_on_termination = true
          [32m+[0m[0m device_name           = (known after apply)
          [32m+[0m[0m encrypted             = (known after apply)
          [32m+[0m[0m iops                  = (known after apply)
          [32m+[0m[0m kms_key_id            = (known after apply)
          [32m+[0m[0m tags_all              = (known after apply)
          [32m+[0m[0m throughput            = (known after apply)
          [32m+[0m[0m volume_id             = (known after apply)
          [32m+[0m[0m volume_size           = 50
          [32m+[0m[0m volume_type           = "gp3"
        }
    }

[1m  # aws_instance.replica[1][0m will be created
[0m  [32m+[0m[0m resource "aws_instance" "replica" {
      [32m+[0m[0m ami                                  = "ami-098e39bafa7e7303d"
      [32m+[0m[0m arn                                  = (known after apply)
      [32m+[0m[0m associate_public_ip_address          = (known after apply)
      [32m+[0m[0m availability_zone                    = (known after apply)
      [32m+[0m[0m cpu_core_count                       = (known after apply)
      [32m+[0m[0m cpu_threads_per_core                 = (known after apply)
      [32m+[0m[0m disable_api_stop                     = (known after apply)
      [32m+[0m[0m disable_api_termination              = (known after apply)
      [32m+[0m[0m ebs_optimized                        = (known after apply)
      [32m+[0m[0m enable_primary_ipv6                  = (known after apply)
      [32m+[0m[0m get_password_data                    = false
      [32m+[0m[0m host_id                              = (known after apply)
      [32m+[0m[0m host_resource_group_arn              = (known after apply)
      [32m+[0m[0m iam_instance_profile                 = (known after apply)
      [32m+[0m[0m id                                   = (known after apply)
      [32m+[0m[0m instance_initiated_shutdown_behavior = (known after apply)
      [32m+[0m[0m instance_lifecycle                   = (known after apply)
      [32m+[0m[0m instance_state                       = (known after apply)
      [32m+[0m[0m instance_type                        = "c5.xlarge"
      [32m+[0m[0m ipv6_address_count                   = (known after apply)
      [32m+[0m[0m ipv6_addresses                       = (known after apply)
      [32m+[0m[0m key_name                             = "hivemind-poc-deployer"
      [32m+[0m[0m monitoring                           = (known after apply)
      [32m+[0m[0m outpost_arn                          = (known after apply)
      [32m+[0m[0m password_data                        = (known after apply)
      [32m+[0m[0m placement_group                      = (known after apply)
      [32m+[0m[0m placement_partition_number           = (known after apply)
      [32m+[0m[0m primary_network_interface_id         = (known after apply)
      [32m+[0m[0m private_dns                          = (known after apply)
      [32m+[0m[0m private_ip                           = (known after apply)
      [32m+[0m[0m public_dns                           = (known after apply)
      [32m+[0m[0m public_ip                            = (known after apply)
      [32m+[0m[0m secondary_private_ips                = (known after apply)
      [32m+[0m[0m security_groups                      = (known after apply)
      [32m+[0m[0m source_dest_check                    = true
      [32m+[0m[0m spot_instance_request_id             = (known after apply)
      [32m+[0m[0m subnet_id                            = (known after apply)
      [32m+[0m[0m tags                                 = {
          [32m+[0m[0m "Name" = "hivemind-replica-1"
          [32m+[0m[0m "Role" = "replica"
        }
      [32m+[0m[0m tags_all                             = {
          [32m+[0m[0m "Name" = "hivemind-replica-1"
          [32m+[0m[0m "Role" = "replica"
        }
      [32m+[0m[0m tenancy                              = (known after apply)
      [32m+[0m[0m user_data                            = (sensitive value)
      [32m+[0m[0m user_data_base64                     = (known after apply)
      [32m+[0m[0m user_data_replace_on_change          = false
      [32m+[0m[0m vpc_security_group_ids               = (known after apply)

      [32m+[0m[0m capacity_reservation_specification (known after apply)

      [32m+[0m[0m cpu_options (known after apply)

      [32m+[0m[0m ebs_block_device (known after apply)

      [32m+[0m[0m enclave_options (known after apply)

      [32m+[0m[0m ephemeral_block_device (known after apply)

      [32m+[0m[0m instance_market_options (known after apply)

      [32m+[0m[0m maintenance_options (known after apply)

      [32m+[0m[0m metadata_options (known after apply)

      [32m+[0m[0m network_interface (known after apply)

      [32m+[0m[0m private_dns_name_options (known after apply)

      [32m+[0m[0m root_block_device {
          [32m+[0m[0m delete_on_termination = true
          [32m+[0m[0m device_name           = (known after apply)
          [32m+[0m[0m encrypted             = (known after apply)
          [32m+[0m[0m iops                  = (known after apply)
          [32m+[0m[0m kms_key_id            = (known after apply)
          [32m+[0m[0m tags_all              = (known after apply)
          [32m+[0m[0m throughput            = (known after apply)
          [32m+[0m[0m volume_id             = (known after apply)
          [32m+[0m[0m volume_size           = 50
          [32m+[0m[0m volume_type           = "gp3"
        }
    }

[1m  # aws_instance.replica[2][0m will be created
[0m  [32m+[0m[0m resource "aws_instance" "replica" {
      [32m+[0m[0m ami                                  = "ami-098e39bafa7e7303d"
      [32m+[0m[0m arn                                  = (known after apply)
      [32m+[0m[0m associate_public_ip_address          = (known after apply)
      [32m+[0m[0m availability_zone                    = (known after apply)
      [32m+[0m[0m cpu_core_count                       = (known after apply)
      [32m+[0m[0m cpu_threads_per_core                 = (known after apply)
      [32m+[0m[0m disable_api_stop                     = (known after apply)
      [32m+[0m[0m disable_api_termination              = (known after apply)
      [32m+[0m[0m ebs_optimized                        = (known after apply)
      [32m+[0m[0m enable_primary_ipv6                  = (known after apply)
      [32m+[0m[0m get_password_data                    = false
      [32m+[0m[0m host_id                              = (known after apply)
      [32m+[0m[0m host_resource_group_arn              = (known after apply)
      [32m+[0m[0m iam_instance_profile                 = (known after apply)
      [32m+[0m[0m id                                   = (known after apply)
      [32m+[0m[0m instance_initiated_shutdown_behavior = (known after apply)
      [32m+[0m[0m instance_lifecycle                   = (known after apply)
      [32m+[0m[0m instance_state                       = (known after apply)
      [32m+[0m[0m instance_type                        = "c5.xlarge"
      [32m+[0m[0m ipv6_address_count                   = (known after apply)
      [32m+[0m[0m ipv6_addresses                       = (known after apply)
      [32m+[0m[0m key_name                             = "hivemind-poc-deployer"
      [32m+[0m[0m monitoring                           = (known after apply)
      [32m+[0m[0m outpost_arn                          = (known after apply)
      [32m+[0m[0m password_data                        = (known after apply)
      [32m+[0m[0m placement_group                      = (known after apply)
      [32m+[0m[0m placement_partition_number           = (known after apply)
      [32m+[0m[0m primary_network_interface_id         = (known after apply)
      [32m+[0m[0m private_dns                          = (known after apply)
      [32m+[0m[0m private_ip                           = (known after apply)
      [32m+[0m[0m public_dns                           = (known after apply)
      [32m+[0m[0m public_ip                            = (known after apply)
      [32m+[0m[0m secondary_private_ips                = (known after apply)
      [32m+[0m[0m security_groups                      = (known after apply)
      [32m+[0m[0m source_dest_check                    = true
      [32m+[0m[0m spot_instance_request_id             = (known after apply)
      [32m+[0m[0m subnet_id                            = (known after apply)
      [32m+[0m[0m tags                                 = {
          [32m+[0m[0m "Name" = "hivemind-replica-2"
          [32m+[0m[0m "Role" = "replica"
        }
      [32m+[0m[0m tags_all                             = {
          [32m+[0m[0m "Name" = "hivemind-replica-2"
          [32m+[0m[0m "Role" = "replica"
        }
      [32m+[0m[0m tenancy                              = (known after apply)
      [32m+[0m[0m user_data                            = (sensitive value)
      [32m+[0m[0m user_data_base64                     = (known after apply)
      [32m+[0m[0m user_data_replace_on_change          = false
      [32m+[0m[0m vpc_security_group_ids               = (known after apply)

      [32m+[0m[0m capacity_reservation_specification (known after apply)

      [32m+[0m[0m cpu_options (known after apply)

      [32m+[0m[0m ebs_block_device (known after apply)

      [32m+[0m[0m enclave_options (known after apply)

      [32m+[0m[0m ephemeral_block_device (known after apply)

      [32m+[0m[0m instance_market_options (known after apply)

      [32m+[0m[0m maintenance_options (known after apply)

      [32m+[0m[0m metadata_options (known after apply)

      [32m+[0m[0m network_interface (known after apply)

      [32m+[0m[0m private_dns_name_options (known after apply)

      [32m+[0m[0m root_block_device {
          [32m+[0m[0m delete_on_termination = true
          [32m+[0m[0m device_name           = (known after apply)
          [32m+[0m[0m encrypted             = (known after apply)
          [32m+[0m[0m iops                  = (known after apply)
          [32m+[0m[0m kms_key_id            = (known after apply)
          [32m+[0m[0m tags_all              = (known after apply)
          [32m+[0m[0m throughput            = (known after apply)
          [32m+[0m[0m volume_id             = (known after apply)
          [32m+[0m[0m volume_size           = 50
          [32m+[0m[0m volume_type           = "gp3"
        }
    }

[1m  # aws_instance.replica[3][0m will be created
[0m  [32m+[0m[0m resource "aws_instance" "replica" {
      [32m+[0m[0m ami                                  = "ami-098e39bafa7e7303d"
      [32m+[0m[0m arn                                  = (known after apply)
      [32m+[0m[0m associate_public_ip_address          = (known after apply)
      [32m+[0m[0m availability_zone                    = (known after apply)
      [32m+[0m[0m cpu_core_count                       = (known after apply)
      [32m+[0m[0m cpu_threads_per_core                 = (known after apply)
      [32m+[0m[0m disable_api_stop                     = (known after apply)
      [32m+[0m[0m disable_api_termination              = (known after apply)
      [32m+[0m[0m ebs_optimized                        = (known after apply)
      [32m+[0m[0m enable_primary_ipv6                  = (known after apply)
      [32m+[0m[0m get_password_data                    = false
      [32m+[0m[0m host_id                              = (known after apply)
      [32m+[0m[0m host_resource_group_arn              = (known after apply)
      [32m+[0m[0m iam_instance_profile                 = (known after apply)
      [32m+[0m[0m id                                   = (known after apply)
      [32m+[0m[0m instance_initiated_shutdown_behavior = (known after apply)
      [32m+[0m[0m instance_lifecycle                   = (known after apply)
      [32m+[0m[0m instance_state                       = (known after apply)
      [32m+[0m[0m instance_type                        = "c5.xlarge"
      [32m+[0m[0m ipv6_address_count                   = (known after apply)
      [32m+[0m[0m ipv6_addresses                       = (known after apply)
      [32m+[0m[0m key_name                             = "hivemind-poc-deployer"
      [32m+[0m[0m monitoring                           = (known after apply)
      [32m+[0m[0m outpost_arn                          = (known after apply)
      [32m+[0m[0m password_data                        = (known after apply)
      [32m+[0m[0m placement_group                      = (known after apply)
      [32m+[0m[0m placement_partition_number           = (known after apply)
      [32m+[0m[0m primary_network_interface_id         = (known after apply)
      [32m+[0m[0m private_dns                          = (known after apply)
      [32m+[0m[0m private_ip                           = (known after apply)
      [32m+[0m[0m public_dns                           = (known after apply)
      [32m+[0m[0m public_ip                            = (known after apply)
      [32m+[0m[0m secondary_private_ips                = (known after apply)
      [32m+[0m[0m security_groups                      = (known after apply)
      [32m+[0m[0m source_dest_check                    = true
      [32m+[0m[0m spot_instance_request_id             = (known after apply)
      [32m+[0m[0m subnet_id                            = (known after apply)
      [32m+[0m[0m tags                                 = {
          [32m+[0m[0m "Name" = "hivemind-replica-3"
          [32m+[0m[0m "Role" = "replica"
        }
      [32m+[0m[0m tags_all                             = {
          [32m+[0m[0m "Name" = "hivemind-replica-3"
          [32m+[0m[0m "Role" = "replica"
        }
      [32m+[0m[0m tenancy                              = (known after apply)
      [32m+[0m[0m user_data                            = (sensitive value)
      [32m+[0m[0m user_data_base64                     = (known after apply)
      [32m+[0m[0m user_data_replace_on_change          = false
      [32m+[0m[0m vpc_security_group_ids               = (known after apply)

      [32m+[0m[0m capacity_reservation_specification (known after apply)

      [32m+[0m[0m cpu_options (known after apply)

      [32m+[0m[0m ebs_block_device (known after apply)

      [32m+[0m[0m enclave_options (known after apply)

      [32m+[0m[0m ephemeral_block_device (known after apply)

      [32m+[0m[0m instance_market_options (known after apply)

      [32m+[0m[0m maintenance_options (known after apply)

      [32m+[0m[0m metadata_options (known after apply)

      [32m+[0m[0m network_interface (known after apply)

      [32m+[0m[0m private_dns_name_options (known after apply)

      [32m+[0m[0m root_block_device {
          [32m+[0m[0m delete_on_termination = true
          [32m+[0m[0m device_name           = (known after apply)
          [32m+[0m[0m encrypted             = (known after apply)
          [32m+[0m[0m iops                  = (known after apply)
          [32m+[0m[0m kms_key_id            = (known after apply)
          [32m+[0m[0m tags_all              = (known after apply)
          [32m+[0m[0m throughput            = (known after apply)
          [32m+[0m[0m volume_id             = (known after apply)
          [32m+[0m[0m volume_size           = 50
          [32m+[0m[0m volume_type           = "gp3"
        }
    }

[1m  # aws_instance.replica[4][0m will be created
[0m  [32m+[0m[0m resource "aws_instance" "replica" {
      [32m+[0m[0m ami                                  = "ami-098e39bafa7e7303d"
      [32m+[0m[0m arn                                  = (known after apply)
      [32m+[0m[0m associate_public_ip_address          = (known after apply)
      [32m+[0m[0m availability_zone                    = (known after apply)
      [32m+[0m[0m cpu_core_count                       = (known after apply)
      [32m+[0m[0m cpu_threads_per_core                 = (known after apply)
      [32m+[0m[0m disable_api_stop                     = (known after apply)
      [32m+[0m[0m disable_api_termination              = (known after apply)
      [32m+[0m[0m ebs_optimized                        = (known after apply)
      [32m+[0m[0m enable_primary_ipv6                  = (known after apply)
      [32m+[0m[0m get_password_data                    = false
      [32m+[0m[0m host_id                              = (known after apply)
      [32m+[0m[0m host_resource_group_arn              = (known after apply)
      [32m+[0m[0m iam_instance_profile                 = (known after apply)
      [32m+[0m[0m id                                   = (known after apply)
      [32m+[0m[0m instance_initiated_shutdown_behavior = (known after apply)
      [32m+[0m[0m instance_lifecycle                   = (known after apply)
      [32m+[0m[0m instance_state                       = (known after apply)
      [32m+[0m[0m instance_type                        = "c5.xlarge"
      [32m+[0m[0m ipv6_address_count                   = (known after apply)
      [32m+[0m[0m ipv6_addresses                       = (known after apply)
      [32m+[0m[0m key_name                             = "hivemind-poc-deployer"
      [32m+[0m[0m monitoring                           = (known after apply)
      [32m+[0m[0m outpost_arn                          = (known after apply)
      [32m+[0m[0m password_data                        = (known after apply)
      [32m+[0m[0m placement_group                      = (known after apply)
      [32m+[0m[0m placement_partition_number           = (known after apply)
      [32m+[0m[0m primary_network_interface_id         = (known after apply)
      [32m+[0m[0m private_dns                          = (known after apply)
      [32m+[0m[0m private_ip                           = (known after apply)
      [32m+[0m[0m public_dns                           = (known after apply)
      [32m+[0m[0m public_ip                            = (known after apply)
      [32m+[0m[0m secondary_private_ips                = (known after apply)
      [32m+[0m[0m security_groups                      = (known after apply)
      [32m+[0m[0m source_dest_check                    = true
      [32m+[0m[0m spot_instance_request_id             = (known after apply)
      [32m+[0m[0m subnet_id                            = (known after apply)
      [32m+[0m[0m tags                                 = {
          [32m+[0m[0m "Name" = "hivemind-replica-4"
          [32m+[0m[0m "Role" = "replica"
        }
      [32m+[0m[0m tags_all                             = {
          [32m+[0m[0m "Name" = "hivemind-replica-4"
          [32m+[0m[0m "Role" = "replica"
        }
      [32m+[0m[0m tenancy                              = (known after apply)
      [32m+[0m[0m user_data                            = (sensitive value)
      [32m+[0m[0m user_data_base64                     = (known after apply)
      [32m+[0m[0m user_data_replace_on_change          = false
      [32m+[0m[0m vpc_security_group_ids               = (known after apply)

      [32m+[0m[0m capacity_reservation_specification (known after apply)

      [32m+[0m[0m cpu_options (known after apply)

      [32m+[0m[0m ebs_block_device (known after apply)

      [32m+[0m[0m enclave_options (known after apply)

      [32m+[0m[0m ephemeral_block_device (known after apply)

      [32m+[0m[0m instance_market_options (known after apply)

      [32m+[0m[0m maintenance_options (known after apply)

      [32m+[0m[0m metadata_options (known after apply)

      [32m+[0m[0m network_interface (known after apply)

      [32m+[0m[0m private_dns_name_options (known after apply)

      [32m+[0m[0m root_block_device {
          [32m+[0m[0m delete_on_termination = true
          [32m+[0m[0m device_name           = (known after apply)
          [32m+[0m[0m encrypted             = (known after apply)
          [32m+[0m[0m iops                  = (known after apply)
          [32m+[0m[0m kms_key_id            = (known after apply)
          [32m+[0m[0m tags_all              = (known after apply)
          [32m+[0m[0m throughput            = (known after apply)
          [32m+[0m[0m volume_id             = (known after apply)
          [32m+[0m[0m volume_size           = 50
          [32m+[0m[0m volume_type           = "gp3"
        }
    }

[1m  # aws_instance.worker_cpu[0m will be created
[0m  [32m+[0m[0m resource "aws_instance" "worker_cpu" {
      [32m+[0m[0m ami                                  = "ami-0714f823ff4e72d73"
      [32m+[0m[0m arn                                  = (known after apply)
      [32m+[0m[0m associate_public_ip_address          = (known after apply)
      [32m+[0m[0m availability_zone                    = (known after apply)
      [32m+[0m[0m cpu_core_count                       = (known after apply)
      [32m+[0m[0m cpu_threads_per_core                 = (known after apply)
      [32m+[0m[0m disable_api_stop                     = (known after apply)
      [32m+[0m[0m disable_api_termination              = (known after apply)
      [32m+[0m[0m ebs_optimized                        = (known after apply)
      [32m+[0m[0m enable_primary_ipv6                  = (known after apply)
      [32m+[0m[0m get_password_data                    = false
      [32m+[0m[0m host_id                              = (known after apply)
      [32m+[0m[0m host_resource_group_arn              = (known after apply)
      [32m+[0m[0m iam_instance_profile                 = (known after apply)
      [32m+[0m[0m id                                   = (known after apply)
      [32m+[0m[0m instance_initiated_shutdown_behavior = (known after apply)
      [32m+[0m[0m instance_lifecycle                   = (known after apply)
      [32m+[0m[0m instance_state                       = (known after apply)
      [32m+[0m[0m instance_type                        = "c5.xlarge"
      [32m+[0m[0m ipv6_address_count                   = (known after apply)
      [32m+[0m[0m ipv6_addresses                       = (known after apply)
      [32m+[0m[0m key_name                             = "hivemind-poc-deployer"
      [32m+[0m[0m monitoring                           = (known after apply)
      [32m+[0m[0m outpost_arn                          = (known after apply)
      [32m+[0m[0m password_data                        = (known after apply)
      [32m+[0m[0m placement_group                      = (known after apply)
      [32m+[0m[0m placement_partition_number           = (known after apply)
      [32m+[0m[0m primary_network_interface_id         = (known after apply)
      [32m+[0m[0m private_dns                          = (known after apply)
      [32m+[0m[0m private_ip                           = (known after apply)
      [32m+[0m[0m public_dns                           = (known after apply)
      [32m+[0m[0m public_ip                            = (known after apply)
      [32m+[0m[0m secondary_private_ips                = (known after apply)
      [32m+[0m[0m security_groups                      = (known after apply)
      [32m+[0m[0m source_dest_check                    = true
      [32m+[0m[0m spot_instance_request_id             = (known after apply)
      [32m+[0m[0m subnet_id                            = (known after apply)
      [32m+[0m[0m tags                                 = {
          [32m+[0m[0m "Name" = "hivemind-worker-cpu"
          [32m+[0m[0m "Role" = "worker"
        }
      [32m+[0m[0m tags_all                             = {
          [32m+[0m[0m "Name" = "hivemind-worker-cpu"
          [32m+[0m[0m "Role" = "worker"
        }
      [32m+[0m[0m tenancy                              = (known after apply)
      [32m+[0m[0m user_data                            = (sensitive value)
      [32m+[0m[0m user_data_base64                     = (known after apply)
      [32m+[0m[0m user_data_replace_on_change          = false
      [32m+[0m[0m vpc_security_group_ids               = (known after apply)

      [32m+[0m[0m capacity_reservation_specification (known after apply)

      [32m+[0m[0m cpu_options (known after apply)

      [32m+[0m[0m ebs_block_device (known after apply)

      [32m+[0m[0m enclave_options (known after apply)

      [32m+[0m[0m ephemeral_block_device (known after apply)

      [32m+[0m[0m instance_market_options (known after apply)

      [32m+[0m[0m maintenance_options (known after apply)

      [32m+[0m[0m metadata_options (known after apply)

      [32m+[0m[0m network_interface (known after apply)

      [32m+[0m[0m private_dns_name_options (known after apply)

      [32m+[0m[0m root_block_device {
          [32m+[0m[0m delete_on_termination = true
          [32m+[0m[0m device_name           = (known after apply)
          [32m+[0m[0m encrypted             = (known after apply)
          [32m+[0m[0m iops                  = (known after apply)
          [32m+[0m[0m kms_key_id            = (known after apply)
          [32m+[0m[0m tags_all              = (known after apply)
          [32m+[0m[0m throughput            = (known after apply)
          [32m+[0m[0m volume_id             = (known after apply)
          [32m+[0m[0m volume_size           = 100
          [32m+[0m[0m volume_type           = "gp3"
        }
    }

[1m  # aws_instance.worker_gpu[0m will be created
[0m  [32m+[0m[0m resource "aws_instance" "worker_gpu" {
      [32m+[0m[0m ami                                  = "ami-0714f823ff4e72d73"
      [32m+[0m[0m arn                                  = (known after apply)
      [32m+[0m[0m associate_public_ip_address          = (known after apply)
      [32m+[0m[0m availability_zone                    = (known after apply)
      [32m+[0m[0m cpu_core_count                       = (known after apply)
      [32m+[0m[0m cpu_threads_per_core                 = (known after apply)
      [32m+[0m[0m disable_api_stop                     = (known after apply)
      [32m+[0m[0m disable_api_termination              = (known after apply)
      [32m+[0m[0m ebs_optimized                        = (known after apply)
      [32m+[0m[0m enable_primary_ipv6                  = (known after apply)
      [32m+[0m[0m get_password_data                    = false
      [32m+[0m[0m host_id                              = (known after apply)
      [32m+[0m[0m host_resource_group_arn              = (known after apply)
      [32m+[0m[0m iam_instance_profile                 = (known after apply)
      [32m+[0m[0m id                                   = (known after apply)
      [32m+[0m[0m instance_initiated_shutdown_behavior = (known after apply)
      [32m+[0m[0m instance_lifecycle                   = (known after apply)
      [32m+[0m[0m instance_state                       = (known after apply)
      [32m+[0m[0m instance_type                        = "g4dn.xlarge"
      [32m+[0m[0m ipv6_address_count                   = (known after apply)
      [32m+[0m[0m ipv6_addresses                       = (known after apply)
      [32m+[0m[0m key_name                             = "hivemind-poc-deployer"
      [32m+[0m[0m monitoring                           = (known after apply)
      [32m+[0m[0m outpost_arn                          = (known after apply)
      [32m+[0m[0m password_data                        = (known after apply)
      [32m+[0m[0m placement_group                      = (known after apply)
      [32m+[0m[0m placement_partition_number           = (known after apply)
      [32m+[0m[0m primary_network_interface_id         = (known after apply)
      [32m+[0m[0m private_dns                          = (known after apply)
      [32m+[0m[0m private_ip                           = (known after apply)
      [32m+[0m[0m public_dns                           = (known after apply)
      [32m+[0m[0m public_ip                            = (known after apply)
      [32m+[0m[0m secondary_private_ips                = (known after apply)
      [32m+[0m[0m security_groups                      = (known after apply)
      [32m+[0m[0m source_dest_check                    = true
      [32m+[0m[0m spot_instance_request_id             = (known after apply)
      [32m+[0m[0m subnet_id                            = (known after apply)
      [32m+[0m[0m tags                                 = {
          [32m+[0m[0m "Name" = "hivemind-worker-gpu"
          [32m+[0m[0m "Role" = "worker"
        }
      [32m+[0m[0m tags_all                             = {
          [32m+[0m[0m "Name" = "hivemind-worker-gpu"
          [32m+[0m[0m "Role" = "worker"
        }
      [32m+[0m[0m tenancy                              = (known after apply)
      [32m+[0m[0m user_data                            = (sensitive value)
      [32m+[0m[0m user_data_base64                     = (known after apply)
      [32m+[0m[0m user_data_replace_on_change          = false
      [32m+[0m[0m vpc_security_group_ids               = (known after apply)

      [32m+[0m[0m capacity_reservation_specification (known after apply)

      [32m+[0m[0m cpu_options (known after apply)

      [32m+[0m[0m ebs_block_device (known after apply)

      [32m+[0m[0m enclave_options (known after apply)

      [32m+[0m[0m ephemeral_block_device (known after apply)

      [32m+[0m[0m instance_market_options (known after apply)

      [32m+[0m[0m maintenance_options (known after apply)

      [32m+[0m[0m metadata_options (known after apply)

      [32m+[0m[0m network_interface (known after apply)

      [32m+[0m[0m private_dns_name_options (known after apply)

      [32m+[0m[0m root_block_device {
          [32m+[0m[0m delete_on_termination = true
          [32m+[0m[0m device_name           = (known after apply)
          [32m+[0m[0m encrypted             = (known after apply)
          [32m+[0m[0m iops                  = (known after apply)
          [32m+[0m[0m kms_key_id            = (known after apply)
          [32m+[0m[0m tags_all              = (known after apply)
          [32m+[0m[0m throughput            = (known after apply)
          [32m+[0m[0m volume_id             = (known after apply)
          [32m+[0m[0m volume_size           = 100
          [32m+[0m[0m volume_type           = "gp3"
        }
    }

[1m  # aws_key_pair.poc[0m will be created
[0m  [32m+[0m[0m resource "aws_key_pair" "poc" {
      [32m+[0m[0m arn             = (known after apply)
      [32m+[0m[0m fingerprint     = (known after apply)
      [32m+[0m[0m id              = (known after apply)
      [32m+[0m[0m key_name        = "hivemind-poc-deployer"
      [32m+[0m[0m key_name_prefix = (known after apply)
      [32m+[0m[0m key_pair_id     = (known after apply)
      [32m+[0m[0m key_type        = (known after apply)
      [32m+[0m[0m public_key      = "ssh-ed25519 AAAAC3NzaC1lZDI1NTE5AAAAILralVpTQ0tgwve6HyxwiZ0bzY1wymH/lCm91uL5NjcP"
      [32m+[0m[0m tags_all        = (known after apply)
    }

[1m  # aws_security_group.hivemind[0m will be created
[0m  [32m+[0m[0m resource "aws_security_group" "hivemind" {
      [32m+[0m[0m arn                    = (known after apply)
      [32m+[0m[0m description            = "Managed by Terraform"
      [32m+[0m[0m egress                 = [
          [32m+[0m[0m {
              [32m+[0m[0m cidr_blocks      = [
                  [32m+[0m[0m "0.0.0.0/0",
                ]
              [32m+[0m[0m from_port        = 0
              [32m+[0m[0m ipv6_cidr_blocks = []
              [32m+[0m[0m prefix_list_ids  = []
              [32m+[0m[0m protocol         = "-1"
              [32m+[0m[0m security_groups  = []
              [32m+[0m[0m self             = false
              [32m+[0m[0m to_port          = 0
                [90m# (1 unchanged attribute hidden)[0m[0m
            },
        ]
      [32m+[0m[0m id                     = (known after apply)
      [32m+[0m[0m ingress                = [
          [32m+[0m[0m {
              [32m+[0m[0m cidr_blocks      = [
                  [32m+[0m[0m "66.108.102.239/32",
                ]
              [32m+[0m[0m from_port        = 22
              [32m+[0m[0m ipv6_cidr_blocks = []
              [32m+[0m[0m prefix_list_ids  = []
              [32m+[0m[0m protocol         = "tcp"
              [32m+[0m[0m security_groups  = []
              [32m+[0m[0m self             = false
              [32m+[0m[0m to_port          = 22
                [90m# (1 unchanged attribute hidden)[0m[0m
            },
          [32m+[0m[0m {
              [32m+[0m[0m cidr_blocks      = [
                  [32m+[0m[0m "66.108.102.239/32",
                ]
              [32m+[0m[0m from_port        = 8080
              [32m+[0m[0m ipv6_cidr_blocks = []
              [32m+[0m[0m prefix_list_ids  = []
              [32m+[0m[0m protocol         = "tcp"
              [32m+[0m[0m security_groups  = []
              [32m+[0m[0m self             = false
              [32m+[0m[0m to_port          = 8080
                [90m# (1 unchanged attribute hidden)[0m[0m
            },
          [32m+[0m[0m {
              [32m+[0m[0m cidr_blocks      = []
              [32m+[0m[0m from_port        = 8080
              [32m+[0m[0m ipv6_cidr_blocks = []
              [32m+[0m[0m prefix_list_ids  = []
              [32m+[0m[0m protocol         = "tcp"
              [32m+[0m[0m security_groups  = []
              [32m+[0m[0m self             = true
              [32m+[0m[0m to_port          = 9300
                [90m# (1 unchanged attribute hidden)[0m[0m
            },
          [32m+[0m[0m {
              [32m+[0m[0m cidr_blocks      = []
              [32m+[0m[0m from_port        = 9300
              [32m+[0m[0m ipv6_cidr_blocks = []
              [32m+[0m[0m prefix_list_ids  = []
              [32m+[0m[0m protocol         = "udp"
              [32m+[0m[0m security_groups  = []
              [32m+[0m[0m self             = true
              [32m+[0m[0m to_port          = 9300
                [90m# (1 unchanged attribute hidden)[0m[0m
            },
        ]
      [32m+[0m[0m name                   = (known after apply)
      [32m+[0m[0m name_prefix            = "hivemind-poc-"
      [32m+[0m[0m owner_id               = (known after apply)
      [32m+[0m[0m revoke_rules_on_delete = false
      [32m+[0m[0m tags                   = {
          [32m+[0m[0m "Name" = "hivemind-poc"
        }
      [32m+[0m[0m tags_all               = {
          [32m+[0m[0m "Name" = "hivemind-poc"
        }
      [32m+[0m[0m vpc_id                 = (known after apply)
    }

[1mPlan:[0m [0m10 to add, 0 to change, 0 to destroy.

Changes to Outputs:
  [32m+[0m[0m api_url              = (known after apply)
  [32m+[0m[0m dashboard_url        = (known after apply)
  [32m+[0m[0m ecr_repository_name  = "hivemind-poc"
  [32m+[0m[0m ecr_repository_url   = (known after apply)
  [32m+[0m[0m replica_ami          = "ami-098e39bafa7e7303d"
  [32m+[0m[0m replica_ips          = [
      [32m+[0m[0m (known after apply),
      [32m+[0m[0m (known after apply),
      [32m+[0m[0m (known after apply),
      [32m+[0m[0m (known after apply),
      [32m+[0m[0m (known after apply),
    ]
  [32m+[0m[0m replica_public_ips   = [
      [32m+[0m[0m (known after apply),
      [32m+[0m[0m (known after apply),
      [32m+[0m[0m (known after apply),
      [32m+[0m[0m (known after apply),
      [32m+[0m[0m (known after apply),
    ]
  [32m+[0m[0m worker_ami           = "ami-0714f823ff4e72d73"
  [32m+[0m[0m worker_cpu_ip        = (known after apply)
  [32m+[0m[0m worker_cpu_public_ip = (known after apply)
  [32m+[0m[0m worker_gpu_ip        = (known after apply)
  [32m+[0m[0m worker_gpu_public_ip = (known after apply)
[0m[1maws_key_pair.poc: Creating...[0m[0m
[0m[1maws_ecr_repository.workloads: Creating...[0m[0m
[0m[1maws_security_group.hivemind: Creating...[0m[0m
[0m[1maws_ecr_repository.workloads: Creation complete after 0s [id=hivemind-poc][0m
[0m[1maws_key_pair.poc: Creation complete after 0s [id=hivemind-poc-deployer][0m
[0m[1maws_security_group.hivemind: Creation complete after 4s [id=sg-0885e24049a0b4325][0m
[0m[1maws_instance.replica[1]: Creating...[0m[0m
[0m[1maws_instance.replica[2]: Creating...[0m[0m
[0m[1maws_instance.replica[4]: Creating...[0m[0m
[0m[1maws_instance.worker_gpu: Creating...[0m[0m
[0m[1maws_instance.worker_cpu: Creating...[0m[0m
[0m[1maws_instance.replica[3]: Creating...[0m[0m
[0m[1maws_instance.replica[0]: Creating...[0m[0m
[0m[1maws_instance.worker_gpu: Still creating... [00m10s elapsed][0m[0m
[0m[1maws_instance.replica[2]: Still creating... [00m10s elapsed][0m[0m
[0m[1maws_instance.replica[4]: Still creating... [00m10s elapsed][0m[0m
[0m[1maws_instance.worker_cpu: Still creating... [00m10s elapsed][0m[0m
[0m[1maws_instance.replica[1]: Still creating... [00m10s elapsed][0m[0m
[0m[1maws_instance.replica[3]: Still creating... [00m10s elapsed][0m[0m
[0m[1maws_instance.replica[0]: Still creating... [00m10s elapsed][0m[0m
[0m[1maws_instance.replica[4]: Creation complete after 13s [id=i-00c5806457eab2c11][0m
[0m[1maws_instance.worker_cpu: Creation complete after 13s [id=i-0f9bdd664ed3c952b][0m
[0m[1maws_instance.replica[1]: Creation complete after 13s [id=i-04f3cde5149cbe9cb][0m
[0m[1maws_instance.worker_gpu: Creation complete after 13s [id=i-0a3e445f312054cd6][0m
[0m[1maws_instance.replica[2]: Creation complete after 13s [id=i-0fc06cfb31cb5f93f][0m
[0m[1maws_instance.replica[0]: Creation complete after 13s [id=i-02e830143d18d1635][0m
[0m[1maws_instance.replica[3]: Creation complete after 13s [id=i-04dd3f099e6e7bddc][0m
[0m[1m[32m
Apply complete! Resources: 10 added, 0 changed, 0 destroyed.[0m
[0m[1m[32m
Outputs:

[0mapi_url = "http://44.201.106.237:8080"
dashboard_url = "http://44.201.106.237:8080/dashboard"
ecr_repository_name = "hivemind-poc"
ecr_repository_url = "288552132534.dkr.ecr.us-east-1.amazonaws.com/hivemind-poc"
replica_ami = "ami-098e39bafa7e7303d"
replica_ips = [
  "172.31.69.137",
  "172.31.78.82",
  "172.31.64.172",
  "172.31.70.161",
  "172.31.76.60",
]
replica_public_ips = [
  "44.201.106.237",
  "18.232.185.149",
  "44.210.108.108",
  "35.173.35.64",
  "3.223.3.134",
]
worker_ami = "ami-0714f823ff4e72d73"
worker_cpu_ip = "172.31.66.127"
worker_cpu_public_ip = "98.82.126.85"
worker_gpu_ip = "172.31.69.62"
worker_gpu_public_ip = "98.92.112.241"
api_url=http://44.201.106.237:8080
replica_public_ips=44.201.106.237,18.232.185.149,44.210.108.108,35.173.35.64,3.223.3.134
worker_cpu_public_ip=98.82.126.85
worker_gpu_public_ip=98.92.112.241
ecr_repository_url=288552132534.dkr.ecr.us-east-1.amazonaws.com/hivemind-poc

=== 2. Build and push workload images ===
missing required command: docker

=== Exit teardown ===

=== Destroy isolated EKS baseline ===
[0m[1mInitializing the backend...[0m
[0m[1mInitializing provider plugins...[0m
- Finding hashicorp/aws versions matching "~> 5.0"...
- Installing hashicorp/aws v5.100.0...
- Installed hashicorp/aws v5.100.0 (signed by HashiCorp)
Terraform has created a lock file [1m.terraform.lock.hcl[0m to record the provider
selections it made above. Include this file in your version control repository
so that Terraform can guarantee to make the same selections by default when
you run "terraform init" in the future.[0m

[0m[1m[32mTerraform has been successfully initialized![0m[32m[0m
[0m[32m
You may now begin working with Terraform. Try running "terraform plan" to see
any changes that are required for your infrastructure. All Terraform commands
should now work.

If you ever set or change modules or backend configuration for Terraform,
rerun this command to reinitialize your working directory. If you forget, other
commands will detect it and remind you to do so if necessary.[0m

[0m[1m[32mNo changes.[0m[1m No objects need to be destroyed.[0m

[0mEither you have not created any objects yet or the existing objects were
already deleted outside of Terraform.
[0m[1m[32m
Destroy complete! Resources: 0 destroyed.[0m

=== Destroy isolated Hivemind POC infra ===
[0m[1mInitializing the backend...[0m
[0m[1mInitializing provider plugins...[0m
- Reusing previous version of hashicorp/aws from the dependency lock file
- Using previously-installed hashicorp/aws v5.100.0

[0m[1m[32mTerraform has been successfully initialized![0m[32m[0m
[0m[32m
You may now begin working with Terraform. Try running "terraform plan" to see
any changes that are required for your infrastructure. All Terraform commands
should now work.

If you ever set or change modules or backend configuration for Terraform,
rerun this command to reinitialize your working directory. If you forget, other
commands will detect it and remind you to do so if necessary.[0m
[0m[1maws_key_pair.poc: Refreshing state... [id=hivemind-poc-deployer][0m
[0m[1maws_ecr_repository.workloads: Refreshing state... [id=hivemind-poc][0m
[0m[1maws_security_group.hivemind: Refreshing state... [id=sg-0885e24049a0b4325][0m
[0m[1maws_instance.worker_cpu: Refreshing state... [id=i-0f9bdd664ed3c952b][0m
[0m[1maws_instance.worker_gpu: Refreshing state... [id=i-0a3e445f312054cd6][0m
[0m[1maws_instance.replica[0]: Refreshing state... [id=i-02e830143d18d1635][0m
[0m[1maws_instance.replica[3]: Refreshing state... [id=i-04dd3f099e6e7bddc][0m
[0m[1maws_instance.replica[4]: Refreshing state... [id=i-00c5806457eab2c11][0m
[0m[1maws_instance.replica[2]: Refreshing state... [id=i-0fc06cfb31cb5f93f][0m
[0m[1maws_instance.replica[1]: Refreshing state... [id=i-04f3cde5149cbe9cb][0m

Terraform used the selected providers to generate the following execution
plan. Resource actions are indicated with the following symbols:
  [31m-[0m destroy[0m

Terraform will perform the following actions:

[1m  # aws_ecr_repository.workloads[0m will be [1m[31mdestroyed[0m
[0m  [31m-[0m[0m resource "aws_ecr_repository" "workloads" {
      [31m-[0m[0m arn                  = "arn:aws:ecr:us-east-1:288552132534:repository/hivemind-poc" [90m-> null[0m[0m
      [31m-[0m[0m force_delete         = true [90m-> null[0m[0m
      [31m-[0m[0m id                   = "hivemind-poc" [90m-> null[0m[0m
      [31m-[0m[0m image_tag_mutability = "MUTABLE" [90m-> null[0m[0m
      [31m-[0m[0m name                 = "hivemind-poc" [90m-> null[0m[0m
      [31m-[0m[0m registry_id          = "288552132534" [90m-> null[0m[0m
      [31m-[0m[0m repository_url       = "288552132534.dkr.ecr.us-east-1.amazonaws.com/hivemind-poc" [90m-> null[0m[0m
      [31m-[0m[0m tags                 = {
          [31m-[0m[0m "Name" = "hivemind-poc-workloads"
        } [90m-> null[0m[0m
      [31m-[0m[0m tags_all             = {
          [31m-[0m[0m "Name" = "hivemind-poc-workloads"
        } [90m-> null[0m[0m

      [31m-[0m[0m encryption_configuration {
          [31m-[0m[0m encryption_type = "AES256" [90m-> null[0m[0m
            [90m# (1 unchanged attribute hidden)[0m[0m
        }

      [31m-[0m[0m image_scanning_configuration {
          [31m-[0m[0m scan_on_push = false [90m-> null[0m[0m
        }
    }

[1m  # aws_instance.replica[0][0m will be [1m[31mdestroyed[0m
[0m  [31m-[0m[0m resource "aws_instance" "replica" {
      [31m-[0m[0m ami                                  = "ami-098e39bafa7e7303d" [90m-> null[0m[0m
      [31m-[0m[0m arn                                  = "arn:aws:ec2:us-east-1:288552132534:instance/i-02e830143d18d1635" [90m-> null[0m[0m
      [31m-[0m[0m associate_public_ip_address          = true [90m-> null[0m[0m
      [31m-[0m[0m availability_zone                    = "us-east-1f" [90m-> null[0m[0m
      [31m-[0m[0m cpu_core_count                       = 2 [90m-> null[0m[0m
      [31m-[0m[0m cpu_threads_per_core                 = 2 [90m-> null[0m[0m
      [31m-[0m[0m disable_api_stop                     = false [90m-> null[0m[0m
      [31m-[0m[0m disable_api_termination              = false [90m-> null[0m[0m
      [31m-[0m[0m ebs_optimized                        = false [90m-> null[0m[0m
      [31m-[0m[0m get_password_data                    = false [90m-> null[0m[0m
      [31m-[0m[0m hibernation                          = false [90m-> null[0m[0m
      [31m-[0m[0m id                                   = "i-02e830143d18d1635" [90m-> null[0m[0m
      [31m-[0m[0m instance_initiated_shutdown_behavior = "stop" [90m-> null[0m[0m
      [31m-[0m[0m instance_state                       = "running" [90m-> null[0m[0m
      [31m-[0m[0m instance_type                        = "c5.xlarge" [90m-> null[0m[0m
      [31m-[0m[0m ipv6_address_count                   = 0 [90m-> null[0m[0m
      [31m-[0m[0m ipv6_addresses                       = [] [90m-> null[0m[0m
      [31m-[0m[0m key_name                             = "hivemind-poc-deployer" [90m-> null[0m[0m
      [31m-[0m[0m monitoring                           = false [90m-> null[0m[0m
      [31m-[0m[0m placement_partition_number           = 0 [90m-> null[0m[0m
      [31m-[0m[0m primary_network_interface_id         = "eni-006738df7587a4230" [90m-> null[0m[0m
      [31m-[0m[0m private_dns                          = "ip-172-31-69-137.ec2.internal" [90m-> null[0m[0m
      [31m-[0m[0m private_ip                           = "172.31.69.137" [90m-> null[0m[0m
      [31m-[0m[0m public_dns                           = "ec2-44-201-106-237.compute-1.amazonaws.com" [90m-> null[0m[0m
      [31m-[0m[0m public_ip                            = "44.201.106.237" [90m-> null[0m[0m
      [31m-[0m[0m secondary_private_ips                = [] [90m-> null[0m[0m
      [31m-[0m[0m security_groups                      = [
          [31m-[0m[0m "hivemind-poc-20260425200602066700000001",
        ] [90m-> null[0m[0m
      [31m-[0m[0m source_dest_check                    = true [90m-> null[0m[0m
      [31m-[0m[0m subnet_id                            = "subnet-89d4f687" [90m-> null[0m[0m
      [31m-[0m[0m tags                                 = {
          [31m-[0m[0m "Name" = "hivemind-replica-0"
          [31m-[0m[0m "Role" = "replica"
        } [90m-> null[0m[0m
      [31m-[0m[0m tags_all                             = {
          [31m-[0m[0m "Name" = "hivemind-replica-0"
          [31m-[0m[0m "Role" = "replica"
        } [90m-> null[0m[0m
      [31m-[0m[0m tenancy                              = "default" [90m-> null[0m[0m
      [31m-[0m[0m user_data                            = (sensitive value) [90m-> null[0m[0m
      [31m-[0m[0m user_data_replace_on_change          = false [90m-> null[0m[0m
      [31m-[0m[0m vpc_security_group_ids               = [
          [31m-[0m[0m "sg-0885e24049a0b4325",
        ] [90m-> null[0m[0m
        [90m# (7 unchanged attributes hidden)[0m[0m

      [31m-[0m[0m capacity_reservation_specification {
          [31m-[0m[0m capacity_reservation_preference = "open" [90m-> null[0m[0m
        }

      [31m-[0m[0m cpu_options {
          [31m-[0m[0m core_count       = 2 [90m-> null[0m[0m
          [31m-[0m[0m threads_per_core = 2 [90m-> null[0m[0m
            [90m# (1 unchanged attribute hidden)[0m[0m
        }

      [31m-[0m[0m enclave_options {
          [31m-[0m[0m enabled = false [90m-> null[0m[0m
        }

      [31m-[0m[0m maintenance_options {
          [31m-[0m[0m auto_recovery = "default" [90m-> null[0m[0m
        }

      [31m-[0m[0m metadata_options {
          [31m-[0m[0m http_endpoint               = "enabled" [90m-> null[0m[0m
          [31m-[0m[0m http_protocol_ipv6          = "disabled" [90m-> null[0m[0m
          [31m-[0m[0m http_put_response_hop_limit = 2 [90m-> null[0m[0m
          [31m-[0m[0m http_tokens                 = "required" [90m-> null[0m[0m
          [31m-[0m[0m instance_metadata_tags      = "disabled" [90m-> null[0m[0m
        }

      [31m-[0m[0m private_dns_name_options {
          [31m-[0m[0m enable_resource_name_dns_a_record    = false [90m-> null[0m[0m
          [31m-[0m[0m enable_resource_name_dns_aaaa_record = false [90m-> null[0m[0m
          [31m-[0m[0m hostname_type                        = "ip-name" [90m-> null[0m[0m
        }

      [31m-[0m[0m root_block_device {
          [31m-[0m[0m delete_on_termination = true [90m-> null[0m[0m
          [31m-[0m[0m device_name           = "/dev/xvda" [90m-> null[0m[0m
          [31m-[0m[0m encrypted             = false [90m-> null[0m[0m
          [31m-[0m[0m iops                  = 3000 [90m-> null[0m[0m
          [31m-[0m[0m tags                  = {} [90m-> null[0m[0m
          [31m-[0m[0m tags_all              = {} [90m-> null[0m[0m
          [31m-[0m[0m throughput            = 125 [90m-> null[0m[0m
          [31m-[0m[0m volume_id             = "vol-0d78bc4591d467d82" [90m-> null[0m[0m
          [31m-[0m[0m volume_size           = 50 [90m-> null[0m[0m
          [31m-[0m[0m volume_type           = "gp3" [90m-> null[0m[0m
            [90m# (1 unchanged attribute hidden)[0m[0m
        }
    }

[1m  # aws_instance.replica[1][0m will be [1m[31mdestroyed[0m
[0m  [31m-[0m[0m resource "aws_instance" "replica" {
      [31m-[0m[0m ami                                  = "ami-098e39bafa7e7303d" [90m-> null[0m[0m
      [31m-[0m[0m arn                                  = "arn:aws:ec2:us-east-1:288552132534:instance/i-04f3cde5149cbe9cb" [90m-> null[0m[0m
      [31m-[0m[0m associate_public_ip_address          = true [90m-> null[0m[0m
      [31m-[0m[0m availability_zone                    = "us-east-1f" [90m-> null[0m[0m
      [31m-[0m[0m cpu_core_count                       = 2 [90m-> null[0m[0m
      [31m-[0m[0m cpu_threads_per_core                 = 2 [90m-> null[0m[0m
      [31m-[0m[0m disable_api_stop                     = false [90m-> null[0m[0m
      [31m-[0m[0m disable_api_termination              = false [90m-> null[0m[0m
      [31m-[0m[0m ebs_optimized                        = false [90m-> null[0m[0m
      [31m-[0m[0m get_password_data                    = false [90m-> null[0m[0m
      [31m-[0m[0m hibernation                          = false [90m-> null[0m[0m
      [31m-[0m[0m id                                   = "i-04f3cde5149cbe9cb" [90m-> null[0m[0m
      [31m-[0m[0m instance_initiated_shutdown_behavior = "stop" [90m-> null[0m[0m
      [31m-[0m[0m instance_state                       = "running" [90m-> null[0m[0m
      [31m-[0m[0m instance_type                        = "c5.xlarge" [90m-> null[0m[0m
      [31m-[0m[0m ipv6_address_count                   = 0 [90m-> null[0m[0m
      [31m-[0m[0m ipv6_addresses                       = [] [90m-> null[0m[0m
      [31m-[0m[0m key_name                             = "hivemind-poc-deployer" [90m-> null[0m[0m
      [31m-[0m[0m monitoring                           = false [90m-> null[0m[0m
      [31m-[0m[0m placement_partition_number           = 0 [90m-> null[0m[0m
      [31m-[0m[0m primary_network_interface_id         = "eni-0d4a4e78d2de79a42" [90m-> null[0m[0m
      [31m-[0m[0m private_dns                          = "ip-172-31-78-82.ec2.internal" [90m-> null[0m[0m
      [31m-[0m[0m private_ip                           = "172.31.78.82" [90m-> null[0m[0m
      [31m-[0m[0m public_dns                           = "ec2-18-232-185-149.compute-1.amazonaws.com" [90m-> null[0m[0m
      [31m-[0m[0m public_ip                            = "18.232.185.149" [90m-> null[0m[0m
      [31m-[0m[0m secondary_private_ips                = [] [90m-> null[0m[0m
      [31m-[0m[0m security_groups                      = [
          [31m-[0m[0m "hivemind-poc-20260425200602066700000001",
        ] [90m-> null[0m[0m
      [31m-[0m[0m source_dest_check                    = true [90m-> null[0m[0m
      [31m-[0m[0m subnet_id                            = "subnet-89d4f687" [90m-> null[0m[0m
      [31m-[0m[0m tags                                 = {
          [31m-[0m[0m "Name" = "hivemind-replica-1"
          [31m-[0m[0m "Role" = "replica"
        } [90m-> null[0m[0m
      [31m-[0m[0m tags_all                             = {
          [31m-[0m[0m "Name" = "hivemind-replica-1"
          [31m-[0m[0m "Role" = "replica"
        } [90m-> null[0m[0m
      [31m-[0m[0m tenancy                              = "default" [90m-> null[0m[0m
      [31m-[0m[0m user_data                            = (sensitive value) [90m-> null[0m[0m
      [31m-[0m[0m user_data_replace_on_change          = false [90m-> null[0m[0m
      [31m-[0m[0m vpc_security_group_ids               = [
          [31m-[0m[0m "sg-0885e24049a0b4325",
        ] [90m-> null[0m[0m
        [90m# (7 unchanged attributes hidden)[0m[0m

      [31m-[0m[0m capacity_reservation_specification {
          [31m-[0m[0m capacity_reservation_preference = "open" [90m-> null[0m[0m
        }

      [31m-[0m[0m cpu_options {
          [31m-[0m[0m core_count       = 2 [90m-> null[0m[0m
          [31m-[0m[0m threads_per_core = 2 [90m-> null[0m[0m
            [90m# (1 unchanged attribute hidden)[0m[0m
        }

      [31m-[0m[0m enclave_options {
          [31m-[0m[0m enabled = false [90m-> null[0m[0m
        }

      [31m-[0m[0m maintenance_options {
          [31m-[0m[0m auto_recovery = "default" [90m-> null[0m[0m
        }

      [31m-[0m[0m metadata_options {
          [31m-[0m[0m http_endpoint               = "enabled" [90m-> null[0m[0m
          [31m-[0m[0m http_protocol_ipv6          = "disabled" [90m-> null[0m[0m
          [31m-[0m[0m http_put_response_hop_limit = 2 [90m-> null[0m[0m
          [31m-[0m[0m http_tokens                 = "required" [90m-> null[0m[0m
          [31m-[0m[0m instance_metadata_tags      = "disabled" [90m-> null[0m[0m
        }

      [31m-[0m[0m private_dns_name_options {
          [31m-[0m[0m enable_resource_name_dns_a_record    = false [90m-> null[0m[0m
          [31m-[0m[0m enable_resource_name_dns_aaaa_record = false [90m-> null[0m[0m
          [31m-[0m[0m hostname_type                        = "ip-name" [90m-> null[0m[0m
        }

      [31m-[0m[0m root_block_device {
          [31m-[0m[0m delete_on_termination = true [90m-> null[0m[0m
          [31m-[0m[0m device_name           = "/dev/xvda" [90m-> null[0m[0m
          [31m-[0m[0m encrypted             = false [90m-> null[0m[0m
          [31m-[0m[0m iops                  = 3000 [90m-> null[0m[0m
          [31m-[0m[0m tags                  = {} [90m-> null[0m[0m
          [31m-[0m[0m tags_all              = {} [90m-> null[0m[0m
          [31m-[0m[0m throughput            = 125 [90m-> null[0m[0m
          [31m-[0m[0m volume_id             = "vol-02543b033afc0d162" [90m-> null[0m[0m
          [31m-[0m[0m volume_size           = 50 [90m-> null[0m[0m
          [31m-[0m[0m volume_type           = "gp3" [90m-> null[0m[0m
            [90m# (1 unchanged attribute hidden)[0m[0m
        }
    }

[1m  # aws_instance.replica[2][0m will be [1m[31mdestroyed[0m
[0m  [31m-[0m[0m resource "aws_instance" "replica" {
      [31m-[0m[0m ami                                  = "ami-098e39bafa7e7303d" [90m-> null[0m[0m
      [31m-[0m[0m arn                                  = "arn:aws:ec2:us-east-1:288552132534:instance/i-0fc06cfb31cb5f93f" [90m-> null[0m[0m
      [31m-[0m[0m associate_public_ip_address          = true [90m-> null[0m[0m
      [31m-[0m[0m availability_zone                    = "us-east-1f" [90m-> null[0m[0m
      [31m-[0m[0m cpu_core_count                       = 2 [90m-> null[0m[0m
      [31m-[0m[0m cpu_threads_per_core                 = 2 [90m-> null[0m[0m
      [31m-[0m[0m disable_api_stop                     = false [90m-> null[0m[0m
      [31m-[0m[0m disable_api_termination              = false [90m-> null[0m[0m
      [31m-[0m[0m ebs_optimized                        = false [90m-> null[0m[0m
      [31m-[0m[0m get_password_data                    = false [90m-> null[0m[0m
      [31m-[0m[0m hibernation                          = false [90m-> null[0m[0m
      [31m-[0m[0m id                                   = "i-0fc06cfb31cb5f93f" [90m-> null[0m[0m
      [31m-[0m[0m instance_initiated_shutdown_behavior = "stop" [90m-> null[0m[0m
      [31m-[0m[0m instance_state                       = "running" [90m-> null[0m[0m
      [31m-[0m[0m instance_type                        = "c5.xlarge" [90m-> null[0m[0m
      [31m-[0m[0m ipv6_address_count                   = 0 [90m-> null[0m[0m
      [31m-[0m[0m ipv6_addresses                       = [] [90m-> null[0m[0m
      [31m-[0m[0m key_name                             = "hivemind-poc-deployer" [90m-> null[0m[0m
      [31m-[0m[0m monitoring                           = false [90m-> null[0m[0m
      [31m-[0m[0m placement_partition_number           = 0 [90m-> null[0m[0m
      [31m-[0m[0m primary_network_interface_id         = "eni-0c58ba6a01b9b045d" [90m-> null[0m[0m
      [31m-[0m[0m private_dns                          = "ip-172-31-64-172.ec2.internal" [90m-> null[0m[0m
      [31m-[0m[0m private_ip                           = "172.31.64.172" [90m-> null[0m[0m
      [31m-[0m[0m public_dns                           = "ec2-44-210-108-108.compute-1.amazonaws.com" [90m-> null[0m[0m
      [31m-[0m[0m public_ip                            = "44.210.108.108" [90m-> null[0m[0m
      [31m-[0m[0m secondary_private_ips                = [] [90m-> null[0m[0m
      [31m-[0m[0m security_groups                      = [
          [31m-[0m[0m "hivemind-poc-20260425200602066700000001",
        ] [90m-> null[0m[0m
      [31m-[0m[0m source_dest_check                    = true [90m-> null[0m[0m
      [31m-[0m[0m subnet_id                            = "subnet-89d4f687" [90m-> null[0m[0m
      [31m-[0m[0m tags                                 = {
          [31m-[0m[0m "Name" = "hivemind-replica-2"
          [31m-[0m[0m "Role" = "replica"
        } [90m-> null[0m[0m
      [31m-[0m[0m tags_all                             = {
          [31m-[0m[0m "Name" = "hivemind-replica-2"
          [31m-[0m[0m "Role" = "replica"
        } [90m-> null[0m[0m
      [31m-[0m[0m tenancy                              = "default" [90m-> null[0m[0m
      [31m-[0m[0m user_data                            = (sensitive value) [90m-> null[0m[0m
      [31m-[0m[0m user_data_replace_on_change          = false [90m-> null[0m[0m
      [31m-[0m[0m vpc_security_group_ids               = [
          [31m-[0m[0m "sg-0885e24049a0b4325",
        ] [90m-> null[0m[0m
        [90m# (7 unchanged attributes hidden)[0m[0m

      [31m-[0m[0m capacity_reservation_specification {
          [31m-[0m[0m capacity_reservation_preference = "open" [90m-> null[0m[0m
        }

      [31m-[0m[0m cpu_options {
          [31m-[0m[0m core_count       = 2 [90m-> null[0m[0m
          [31m-[0m[0m threads_per_core = 2 [90m-> null[0m[0m
            [90m# (1 unchanged attribute hidden)[0m[0m
        }

      [31m-[0m[0m enclave_options {
          [31m-[0m[0m enabled = false [90m-> null[0m[0m
        }

      [31m-[0m[0m maintenance_options {
          [31m-[0m[0m auto_recovery = "default" [90m-> null[0m[0m
        }

      [31m-[0m[0m metadata_options {
          [31m-[0m[0m http_endpoint               = "enabled" [90m-> null[0m[0m
          [31m-[0m[0m http_protocol_ipv6          = "disabled" [90m-> null[0m[0m
          [31m-[0m[0m http_put_response_hop_limit = 2 [90m-> null[0m[0m
          [31m-[0m[0m http_tokens                 = "required" [90m-> null[0m[0m
          [31m-[0m[0m instance_metadata_tags      = "disabled" [90m-> null[0m[0m
        }

      [31m-[0m[0m private_dns_name_options {
          [31m-[0m[0m enable_resource_name_dns_a_record    = false [90m-> null[0m[0m
          [31m-[0m[0m enable_resource_name_dns_aaaa_record = false [90m-> null[0m[0m
          [31m-[0m[0m hostname_type                        = "ip-name" [90m-> null[0m[0m
        }

      [31m-[0m[0m root_block_device {
          [31m-[0m[0m delete_on_termination = true [90m-> null[0m[0m
          [31m-[0m[0m device_name           = "/dev/xvda" [90m-> null[0m[0m
          [31m-[0m[0m encrypted             = false [90m-> null[0m[0m
          [31m-[0m[0m iops                  = 3000 [90m-> null[0m[0m
          [31m-[0m[0m tags                  = {} [90m-> null[0m[0m
          [31m-[0m[0m tags_all              = {} [90m-> null[0m[0m
          [31m-[0m[0m throughput            = 125 [90m-> null[0m[0m
          [31m-[0m[0m volume_id             = "vol-0f5ddfb5047735b42" [90m-> null[0m[0m
          [31m-[0m[0m volume_size           = 50 [90m-> null[0m[0m
          [31m-[0m[0m volume_type           = "gp3" [90m-> null[0m[0m
            [90m# (1 unchanged attribute hidden)[0m[0m
        }
    }

[1m  # aws_instance.replica[3][0m will be [1m[31mdestroyed[0m
[0m  [31m-[0m[0m resource "aws_instance" "replica" {
      [31m-[0m[0m ami                                  = "ami-098e39bafa7e7303d" [90m-> null[0m[0m
      [31m-[0m[0m arn                                  = "arn:aws:ec2:us-east-1:288552132534:instance/i-04dd3f099e6e7bddc" [90m-> null[0m[0m
      [31m-[0m[0m associate_public_ip_address          = true [90m-> null[0m[0m
      [31m-[0m[0m availability_zone                    = "us-east-1f" [90m-> null[0m[0m
      [31m-[0m[0m cpu_core_count                       = 2 [90m-> null[0m[0m
      [31m-[0m[0m cpu_threads_per_core                 = 2 [90m-> null[0m[0m
      [31m-[0m[0m disable_api_stop                     = false [90m-> null[0m[0m
      [31m-[0m[0m disable_api_termination              = false [90m-> null[0m[0m
      [31m-[0m[0m ebs_optimized                        = false [90m-> null[0m[0m
      [31m-[0m[0m get_password_data                    = false [90m-> null[0m[0m
      [31m-[0m[0m hibernation                          = false [90m-> null[0m[0m
      [31m-[0m[0m id                                   = "i-04dd3f099e6e7bddc" [90m-> null[0m[0m
      [31m-[0m[0m instance_initiated_shutdown_behavior = "stop" [90m-> null[0m[0m
      [31m-[0m[0m instance_state                       = "running" [90m-> null[0m[0m
      [31m-[0m[0m instance_type                        = "c5.xlarge" [90m-> null[0m[0m
      [31m-[0m[0m ipv6_address_count                   = 0 [90m-> null[0m[0m
      [31m-[0m[0m ipv6_addresses                       = [] [90m-> null[0m[0m
      [31m-[0m[0m key_name                             = "hivemind-poc-deployer" [90m-> null[0m[0m
      [31m-[0m[0m monitoring                           = false [90m-> null[0m[0m
      [31m-[0m[0m placement_partition_number           = 0 [90m-> null[0m[0m
      [31m-[0m[0m primary_network_interface_id         = "eni-013d00b07d2179f27" [90m-> null[0m[0m
      [31m-[0m[0m private_dns                          = "ip-172-31-70-161.ec2.internal" [90m-> null[0m[0m
      [31m-[0m[0m private_ip                           = "172.31.70.161" [90m-> null[0m[0m
      [31m-[0m[0m public_dns                           = "ec2-35-173-35-64.compute-1.amazonaws.com" [90m-> null[0m[0m
      [31m-[0m[0m public_ip                            = "35.173.35.64" [90m-> null[0m[0m
      [31m-[0m[0m secondary_private_ips                = [] [90m-> null[0m[0m
      [31m-[0m[0m security_groups                      = [
          [31m-[0m[0m "hivemind-poc-20260425200602066700000001",
        ] [90m-> null[0m[0m
      [31m-[0m[0m source_dest_check                    = true [90m-> null[0m[0m
      [31m-[0m[0m subnet_id                            = "subnet-89d4f687" [90m-> null[0m[0m
      [31m-[0m[0m tags                                 = {
          [31m-[0m[0m "Name" = "hivemind-replica-3"
          [31m-[0m[0m "Role" = "replica"
        } [90m-> null[0m[0m
      [31m-[0m[0m tags_all                             = {
          [31m-[0m[0m "Name" = "hivemind-replica-3"
          [31m-[0m[0m "Role" = "replica"
        } [90m-> null[0m[0m
      [31m-[0m[0m tenancy                              = "default" [90m-> null[0m[0m
      [31m-[0m[0m user_data                            = (sensitive value) [90m-> null[0m[0m
      [31m-[0m[0m user_data_replace_on_change          = false [90m-> null[0m[0m
      [31m-[0m[0m vpc_security_group_ids               = [
          [31m-[0m[0m "sg-0885e24049a0b4325",
        ] [90m-> null[0m[0m
        [90m# (7 unchanged attributes hidden)[0m[0m

      [31m-[0m[0m capacity_reservation_specification {
          [31m-[0m[0m capacity_reservation_preference = "open" [90m-> null[0m[0m
        }

      [31m-[0m[0m cpu_options {
          [31m-[0m[0m core_count       = 2 [90m-> null[0m[0m
          [31m-[0m[0m threads_per_core = 2 [90m-> null[0m[0m
            [90m# (1 unchanged attribute hidden)[0m[0m
        }

      [31m-[0m[0m enclave_options {
          [31m-[0m[0m enabled = false [90m-> null[0m[0m
        }

      [31m-[0m[0m maintenance_options {
          [31m-[0m[0m auto_recovery = "default" [90m-> null[0m[0m
        }

      [31m-[0m[0m metadata_options {
          [31m-[0m[0m http_endpoint               = "enabled" [90m-> null[0m[0m
          [31m-[0m[0m http_protocol_ipv6          = "disabled" [90m-> null[0m[0m
          [31m-[0m[0m http_put_response_hop_limit = 2 [90m-> null[0m[0m
          [31m-[0m[0m http_tokens                 = "required" [90m-> null[0m[0m
          [31m-[0m[0m instance_metadata_tags      = "disabled" [90m-> null[0m[0m
        }

      [31m-[0m[0m private_dns_name_options {
          [31m-[0m[0m enable_resource_name_dns_a_record    = false [90m-> null[0m[0m
          [31m-[0m[0m enable_resource_name_dns_aaaa_record = false [90m-> null[0m[0m
          [31m-[0m[0m hostname_type                        = "ip-name" [90m-> null[0m[0m
        }

      [31m-[0m[0m root_block_device {
          [31m-[0m[0m delete_on_termination = true [90m-> null[0m[0m
          [31m-[0m[0m device_name           = "/dev/xvda" [90m-> null[0m[0m
          [31m-[0m[0m encrypted             = false [90m-> null[0m[0m
          [31m-[0m[0m iops                  = 3000 [90m-> null[0m[0m
          [31m-[0m[0m tags                  = {} [90m-> null[0m[0m
          [31m-[0m[0m tags_all              = {} [90m-> null[0m[0m
          [31m-[0m[0m throughput            = 125 [90m-> null[0m[0m
          [31m-[0m[0m volume_id             = "vol-07cad1ee45adc254b" [90m-> null[0m[0m
          [31m-[0m[0m volume_size           = 50 [90m-> null[0m[0m
          [31m-[0m[0m volume_type           = "gp3" [90m-> null[0m[0m
            [90m# (1 unchanged attribute hidden)[0m[0m
        }
    }

[1m  # aws_instance.replica[4][0m will be [1m[31mdestroyed[0m
[0m  [31m-[0m[0m resource "aws_instance" "replica" {
      [31m-[0m[0m ami                                  = "ami-098e39bafa7e7303d" [90m-> null[0m[0m
      [31m-[0m[0m arn                                  = "arn:aws:ec2:us-east-1:288552132534:instance/i-00c5806457eab2c11" [90m-> null[0m[0m
      [31m-[0m[0m associate_public_ip_address          = true [90m-> null[0m[0m
      [31m-[0m[0m availability_zone                    = "us-east-1f" [90m-> null[0m[0m
      [31m-[0m[0m cpu_core_count                       = 2 [90m-> null[0m[0m
      [31m-[0m[0m cpu_threads_per_core                 = 2 [90m-> null[0m[0m
      [31m-[0m[0m disable_api_stop                     = false [90m-> null[0m[0m
      [31m-[0m[0m disable_api_termination              = false [90m-> null[0m[0m
      [31m-[0m[0m ebs_optimized                        = false [90m-> null[0m[0m
      [31m-[0m[0m get_password_data                    = false [90m-> null[0m[0m
      [31m-[0m[0m hibernation                          = false [90m-> null[0m[0m
      [31m-[0m[0m id                                   = "i-00c5806457eab2c11" [90m-> null[0m[0m
      [31m-[0m[0m instance_initiated_shutdown_behavior = "stop" [90m-> null[0m[0m
      [31m-[0m[0m instance_state                       = "running" [90m-> null[0m[0m
      [31m-[0m[0m instance_type                        = "c5.xlarge" [90m-> null[0m[0m
      [31m-[0m[0m ipv6_address_count                   = 0 [90m-> null[0m[0m
      [31m-[0m[0m ipv6_addresses                       = [] [90m-> null[0m[0m
      [31m-[0m[0m key_name                             = "hivemind-poc-deployer" [90m-> null[0m[0m
      [31m-[0m[0m monitoring                           = false [90m-> null[0m[0m
      [31m-[0m[0m placement_partition_number           = 0 [90m-> null[0m[0m
      [31m-[0m[0m primary_network_interface_id         = "eni-0f0829c7e8c4e76e6" [90m-> null[0m[0m
      [31m-[0m[0m private_dns                          = "ip-172-31-76-60.ec2.internal" [90m-> null[0m[0m
      [31m-[0m[0m private_ip                           = "172.31.76.60" [90m-> null[0m[0m
      [31m-[0m[0m public_dns                           = "ec2-3-223-3-134.compute-1.amazonaws.com" [90m-> null[0m[0m
      [31m-[0m[0m public_ip                            = "3.223.3.134" [90m-> null[0m[0m
      [31m-[0m[0m secondary_private_ips                = [] [90m-> null[0m[0m
      [31m-[0m[0m security_groups                      = [
          [31m-[0m[0m "hivemind-poc-20260425200602066700000001",
        ] [90m-> null[0m[0m
      [31m-[0m[0m source_dest_check                    = true [90m-> null[0m[0m
      [31m-[0m[0m subnet_id                            = "subnet-89d4f687" [90m-> null[0m[0m
      [31m-[0m[0m tags                                 = {
          [31m-[0m[0m "Name" = "hivemind-replica-4"
          [31m-[0m[0m "Role" = "replica"
        } [90m-> null[0m[0m
      [31m-[0m[0m tags_all                             = {
          [31m-[0m[0m "Name" = "hivemind-replica-4"
          [31m-[0m[0m "Role" = "replica"
        } [90m-> null[0m[0m
      [31m-[0m[0m tenancy                              = "default" [90m-> null[0m[0m
      [31m-[0m[0m user_data                            = (sensitive value) [90m-> null[0m[0m
      [31m-[0m[0m user_data_replace_on_change          = false [90m-> null[0m[0m
      [31m-[0m[0m vpc_security_group_ids               = [
          [31m-[0m[0m "sg-0885e24049a0b4325",
        ] [90m-> null[0m[0m
        [90m# (7 unchanged attributes hidden)[0m[0m

      [31m-[0m[0m capacity_reservation_specification {
          [31m-[0m[0m capacity_reservation_preference = "open" [90m-> null[0m[0m
        }

      [31m-[0m[0m cpu_options {
          [31m-[0m[0m core_count       = 2 [90m-> null[0m[0m
          [31m-[0m[0m threads_per_core = 2 [90m-> null[0m[0m
            [90m# (1 unchanged attribute hidden)[0m[0m
        }

      [31m-[0m[0m enclave_options {
          [31m-[0m[0m enabled = false [90m-> null[0m[0m
        }

      [31m-[0m[0m maintenance_options {
          [31m-[0m[0m auto_recovery = "default" [90m-> null[0m[0m
        }

      [31m-[0m[0m metadata_options {
          [31m-[0m[0m http_endpoint               = "enabled" [90m-> null[0m[0m
          [31m-[0m[0m http_protocol_ipv6          = "disabled" [90m-> null[0m[0m
          [31m-[0m[0m http_put_response_hop_limit = 2 [90m-> null[0m[0m
          [31m-[0m[0m http_tokens                 = "required" [90m-> null[0m[0m
          [31m-[0m[0m instance_metadata_tags      = "disabled" [90m-> null[0m[0m
        }

      [31m-[0m[0m private_dns_name_options {
          [31m-[0m[0m enable_resource_name_dns_a_record    = false [90m-> null[0m[0m
          [31m-[0m[0m enable_resource_name_dns_aaaa_record = false [90m-> null[0m[0m
          [31m-[0m[0m hostname_type                        = "ip-name" [90m-> null[0m[0m
        }

      [31m-[0m[0m root_block_device {
          [31m-[0m[0m delete_on_termination = true [90m-> null[0m[0m
          [31m-[0m[0m device_name           = "/dev/xvda" [90m-> null[0m[0m
          [31m-[0m[0m encrypted             = false [90m-> null[0m[0m
          [31m-[0m[0m iops                  = 3000 [90m-> null[0m[0m
          [31m-[0m[0m tags                  = {} [90m-> null[0m[0m
          [31m-[0m[0m tags_all              = {} [90m-> null[0m[0m
          [31m-[0m[0m throughput            = 125 [90m-> null[0m[0m
          [31m-[0m[0m volume_id             = "vol-0c83210e35800a8b0" [90m-> null[0m[0m
          [31m-[0m[0m volume_size           = 50 [90m-> null[0m[0m
          [31m-[0m[0m volume_type           = "gp3" [90m-> null[0m[0m
            [90m# (1 unchanged attribute hidden)[0m[0m
        }
    }

[1m  # aws_instance.worker_cpu[0m will be [1m[31mdestroyed[0m
[0m  [31m-[0m[0m resource "aws_instance" "worker_cpu" {
      [31m-[0m[0m ami                                  = "ami-0714f823ff4e72d73" [90m-> null[0m[0m
      [31m-[0m[0m arn                                  = "arn:aws:ec2:us-east-1:288552132534:instance/i-0f9bdd664ed3c952b" [90m-> null[0m[0m
      [31m-[0m[0m associate_public_ip_address          = true [90m-> null[0m[0m
      [31m-[0m[0m availability_zone                    = "us-east-1f" [90m-> null[0m[0m
      [31m-[0m[0m cpu_core_count                       = 2 [90m-> null[0m[0m
      [31m-[0m[0m cpu_threads_per_core                 = 2 [90m-> null[0m[0m
      [31m-[0m[0m disable_api_stop                     = false [90m-> null[0m[0m
      [31m-[0m[0m disable_api_termination              = false [90m-> null[0m[0m
      [31m-[0m[0m ebs_optimized                        = false [90m-> null[0m[0m
      [31m-[0m[0m get_password_data                    = false [90m-> null[0m[0m
      [31m-[0m[0m hibernation                          = false [90m-> null[0m[0m
      [31m-[0m[0m id                                   = "i-0f9bdd664ed3c952b" [90m-> null[0m[0m
      [31m-[0m[0m instance_initiated_shutdown_behavior = "stop" [90m-> null[0m[0m
      [31m-[0m[0m instance_state                       = "running" [90m-> null[0m[0m
      [31m-[0m[0m instance_type                        = "c5.xlarge" [90m-> null[0m[0m
      [31m-[0m[0m ipv6_address_count                   = 0 [90m-> null[0m[0m
      [31m-[0m[0m ipv6_addresses                       = [] [90m-> null[0m[0m
      [31m-[0m[0m key_name                             = "hivemind-poc-deployer" [90m-> null[0m[0m
      [31m-[0m[0m monitoring                           = false [90m-> null[0m[0m
      [31m-[0m[0m placement_partition_number           = 0 [90m-> null[0m[0m
      [31m-[0m[0m primary_network_interface_id         = "eni-03b72e16436134382" [90m-> null[0m[0m
      [31m-[0m[0m private_dns                          = "ip-172-31-66-127.ec2.internal" [90m-> null[0m[0m
      [31m-[0m[0m private_ip                           = "172.31.66.127" [90m-> null[0m[0m
      [31m-[0m[0m public_dns                           = "ec2-98-82-126-85.compute-1.amazonaws.com" [90m-> null[0m[0m
      [31m-[0m[0m public_ip                            = "98.82.126.85" [90m-> null[0m[0m
      [31m-[0m[0m secondary_private_ips                = [] [90m-> null[0m[0m
      [31m-[0m[0m security_groups                      = [
          [31m-[0m[0m "hivemind-poc-20260425200602066700000001",
        ] [90m-> null[0m[0m
      [31m-[0m[0m source_dest_check                    = true [90m-> null[0m[0m
      [31m-[0m[0m subnet_id                            = "subnet-89d4f687" [90m-> null[0m[0m
      [31m-[0m[0m tags                                 = {
          [31m-[0m[0m "Name" = "hivemind-worker-cpu"
          [31m-[0m[0m "Role" = "worker"
        } [90m-> null[0m[0m
      [31m-[0m[0m tags_all                             = {
          [31m-[0m[0m "Name" = "hivemind-worker-cpu"
          [31m-[0m[0m "Role" = "worker"
        } [90m-> null[0m[0m
      [31m-[0m[0m tenancy                              = "default" [90m-> null[0m[0m
      [31m-[0m[0m user_data                            = (sensitive value) [90m-> null[0m[0m
      [31m-[0m[0m user_data_replace_on_change          = false [90m-> null[0m[0m
      [31m-[0m[0m vpc_security_group_ids               = [
          [31m-[0m[0m "sg-0885e24049a0b4325",
        ] [90m-> null[0m[0m
        [90m# (7 unchanged attributes hidden)[0m[0m

      [31m-[0m[0m capacity_reservation_specification {
          [31m-[0m[0m capacity_reservation_preference = "open" [90m-> null[0m[0m
        }

      [31m-[0m[0m cpu_options {
          [31m-[0m[0m core_count       = 2 [90m-> null[0m[0m
          [31m-[0m[0m threads_per_core = 2 [90m-> null[0m[0m
            [90m# (1 unchanged attribute hidden)[0m[0m
        }

      [31m-[0m[0m enclave_options {
          [31m-[0m[0m enabled = false [90m-> null[0m[0m
        }

      [31m-[0m[0m maintenance_options {
          [31m-[0m[0m auto_recovery = "default" [90m-> null[0m[0m
        }

      [31m-[0m[0m metadata_options {
          [31m-[0m[0m http_endpoint               = "enabled" [90m-> null[0m[0m
          [31m-[0m[0m http_protocol_ipv6          = "disabled" [90m-> null[0m[0m
          [31m-[0m[0m http_put_response_hop_limit = 2 [90m-> null[0m[0m
          [31m-[0m[0m http_tokens                 = "required" [90m-> null[0m[0m
          [31m-[0m[0m instance_metadata_tags      = "disabled" [90m-> null[0m[0m
        }

      [31m-[0m[0m private_dns_name_options {
          [31m-[0m[0m enable_resource_name_dns_a_record    = false [90m-> null[0m[0m
          [31m-[0m[0m enable_resource_name_dns_aaaa_record = false [90m-> null[0m[0m
          [31m-[0m[0m hostname_type                        = "ip-name" [90m-> null[0m[0m
        }

      [31m-[0m[0m root_block_device {
          [31m-[0m[0m delete_on_termination = true [90m-> null[0m[0m
          [31m-[0m[0m device_name           = "/dev/sda1" [90m-> null[0m[0m
          [31m-[0m[0m encrypted             = false [90m-> null[0m[0m
          [31m-[0m[0m iops                  = 4000 [90m-> null[0m[0m
          [31m-[0m[0m tags                  = {} [90m-> null[0m[0m
          [31m-[0m[0m tags_all              = {} [90m-> null[0m[0m
          [31m-[0m[0m throughput            = 1000 [90m-> null[0m[0m
          [31m-[0m[0m volume_id             = "vol-096441b55489ecde4" [90m-> null[0m[0m
          [31m-[0m[0m volume_size           = 100 [90m-> null[0m[0m
          [31m-[0m[0m volume_type           = "gp3" [90m-> null[0m[0m
            [90m# (1 unchanged attribute hidden)[0m[0m
        }
    }

[1m  # aws_instance.worker_gpu[0m will be [1m[31mdestroyed[0m
[0m  [31m-[0m[0m resource "aws_instance" "worker_gpu" {
      [31m-[0m[0m ami                                  = "ami-0714f823ff4e72d73" [90m-> null[0m[0m
      [31m-[0m[0m arn                                  = "arn:aws:ec2:us-east-1:288552132534:instance/i-0a3e445f312054cd6" [90m-> null[0m[0m
      [31m-[0m[0m associate_public_ip_address          = true [90m-> null[0m[0m
      [31m-[0m[0m availability_zone                    = "us-east-1f" [90m-> null[0m[0m
      [31m-[0m[0m cpu_core_count                       = 2 [90m-> null[0m[0m
      [31m-[0m[0m cpu_threads_per_core                 = 2 [90m-> null[0m[0m
      [31m-[0m[0m disable_api_stop                     = false [90m-> null[0m[0m
      [31m-[0m[0m disable_api_termination              = false [90m-> null[0m[0m
      [31m-[0m[0m ebs_optimized                        = false [90m-> null[0m[0m
      [31m-[0m[0m get_password_data                    = false [90m-> null[0m[0m
      [31m-[0m[0m hibernation                          = false [90m-> null[0m[0m
      [31m-[0m[0m id                                   = "i-0a3e445f312054cd6" [90m-> null[0m[0m
      [31m-[0m[0m instance_initiated_shutdown_behavior = "stop" [90m-> null[0m[0m
      [31m-[0m[0m instance_state                       = "running" [90m-> null[0m[0m
      [31m-[0m[0m instance_type                        = "g4dn.xlarge" [90m-> null[0m[0m
      [31m-[0m[0m ipv6_address_count                   = 0 [90m-> null[0m[0m
      [31m-[0m[0m ipv6_addresses                       = [] [90m-> null[0m[0m
      [31m-[0m[0m key_name                             = "hivemind-poc-deployer" [90m-> null[0m[0m
      [31m-[0m[0m monitoring                           = false [90m-> null[0m[0m
      [31m-[0m[0m placement_partition_number           = 0 [90m-> null[0m[0m
      [31m-[0m[0m primary_network_interface_id         = "eni-0c335dc1c106674f2" [90m-> null[0m[0m
      [31m-[0m[0m private_dns                          = "ip-172-31-69-62.ec2.internal" [90m-> null[0m[0m
      [31m-[0m[0m private_ip                           = "172.31.69.62" [90m-> null[0m[0m
      [31m-[0m[0m public_dns                           = "ec2-98-92-112-241.compute-1.amazonaws.com" [90m-> null[0m[0m
      [31m-[0m[0m public_ip                            = "98.92.112.241" [90m-> null[0m[0m
      [31m-[0m[0m secondary_private_ips                = [] [90m-> null[0m[0m
      [31m-[0m[0m security_groups                      = [
          [31m-[0m[0m "hivemind-poc-20260425200602066700000001",
        ] [90m-> null[0m[0m
      [31m-[0m[0m source_dest_check                    = true [90m-> null[0m[0m
      [31m-[0m[0m subnet_id                            = "subnet-89d4f687" [90m-> null[0m[0m
      [31m-[0m[0m tags                                 = {
          [31m-[0m[0m "Name" = "hivemind-worker-gpu"
          [31m-[0m[0m "Role" = "worker"
        } [90m-> null[0m[0m
      [31m-[0m[0m tags_all                             = {
          [31m-[0m[0m "Name" = "hivemind-worker-gpu"
          [31m-[0m[0m "Role" = "worker"
        } [90m-> null[0m[0m
      [31m-[0m[0m tenancy                              = "default" [90m-> null[0m[0m
      [31m-[0m[0m user_data                            = (sensitive value) [90m-> null[0m[0m
      [31m-[0m[0m user_data_replace_on_change          = false [90m-> null[0m[0m
      [31m-[0m[0m vpc_security_group_ids               = [
          [31m-[0m[0m "sg-0885e24049a0b4325",
        ] [90m-> null[0m[0m
        [90m# (7 unchanged attributes hidden)[0m[0m

      [31m-[0m[0m capacity_reservation_specification {
          [31m-[0m[0m capacity_reservation_preference = "open" [90m-> null[0m[0m
        }

      [31m-[0m[0m cpu_options {
          [31m-[0m[0m core_count       = 2 [90m-> null[0m[0m
          [31m-[0m[0m threads_per_core = 2 [90m-> null[0m[0m
            [90m# (1 unchanged attribute hidden)[0m[0m
        }

      [31m-[0m[0m enclave_options {
          [31m-[0m[0m enabled = false [90m-> null[0m[0m
        }

      [31m-[0m[0m maintenance_options {
          [31m-[0m[0m auto_recovery = "default" [90m-> null[0m[0m
        }

      [31m-[0m[0m metadata_options {
          [31m-[0m[0m http_endpoint               = "enabled" [90m-> null[0m[0m
          [31m-[0m[0m http_protocol_ipv6          = "disabled" [90m-> null[0m[0m
          [31m-[0m[0m http_put_response_hop_limit = 2 [90m-> null[0m[0m
          [31m-[0m[0m http_tokens                 = "required" [90m-> null[0m[0m
          [31m-[0m[0m instance_metadata_tags      = "disabled" [90m-> null[0m[0m
        }

      [31m-[0m[0m private_dns_name_options {
          [31m-[0m[0m enable_resource_name_dns_a_record    = false [90m-> null[0m[0m
          [31m-[0m[0m enable_resource_name_dns_aaaa_record = false [90m-> null[0m[0m
          [31m-[0m[0m hostname_type                        = "ip-name" [90m-> null[0m[0m
        }

      [31m-[0m[0m root_block_device {
          [31m-[0m[0m delete_on_termination = true [90m-> null[0m[0m
          [31m-[0m[0m device_name           = "/dev/sda1" [90m-> null[0m[0m
          [31m-[0m[0m encrypted             = false [90m-> null[0m[0m
          [31m-[0m[0m iops                  = 4000 [90m-> null[0m[0m
          [31m-[0m[0m tags                  = {} [90m-> null[0m[0m
          [31m-[0m[0m tags_all              = {} [90m-> null[0m[0m
          [31m-[0m[0m throughput            = 1000 [90m-> null[0m[0m
          [31m-[0m[0m volume_id             = "vol-09722f1c46ac2552a" [90m-> null[0m[0m
          [31m-[0m[0m volume_size           = 100 [90m-> null[0m[0m
          [31m-[0m[0m volume_type           = "gp3" [90m-> null[0m[0m
            [90m# (1 unchanged attribute hidden)[0m[0m
        }
    }

[1m  # aws_key_pair.poc[0m will be [1m[31mdestroyed[0m
[0m  [31m-[0m[0m resource "aws_key_pair" "poc" {
      [31m-[0m[0m arn             = "arn:aws:ec2:us-east-1:288552132534:key-pair/hivemind-poc-deployer" [90m-> null[0m[0m
      [31m-[0m[0m fingerprint     = "bFcQiS5Kk9fwo3YpYa/nWKg73Af+SBcKS1s3BpMdneg=" [90m-> null[0m[0m
      [31m-[0m[0m id              = "hivemind-poc-deployer" [90m-> null[0m[0m
      [31m-[0m[0m key_name        = "hivemind-poc-deployer" [90m-> null[0m[0m
      [31m-[0m[0m key_pair_id     = "key-0ce3cd4e376e5f839" [90m-> null[0m[0m
      [31m-[0m[0m key_type        = "ed25519" [90m-> null[0m[0m
      [31m-[0m[0m public_key      = "ssh-ed25519 AAAAC3NzaC1lZDI1NTE5AAAAILralVpTQ0tgwve6HyxwiZ0bzY1wymH/lCm91uL5NjcP" [90m-> null[0m[0m
      [31m-[0m[0m tags            = {} [90m-> null[0m[0m
      [31m-[0m[0m tags_all        = {} [90m-> null[0m[0m
        [90m# (1 unchanged attribute hidden)[0m[0m
    }

[1m  # aws_security_group.hivemind[0m will be [1m[31mdestroyed[0m
[0m  [31m-[0m[0m resource "aws_security_group" "hivemind" {
      [31m-[0m[0m arn                    = "arn:aws:ec2:us-east-1:288552132534:security-group/sg-0885e24049a0b4325" [90m-> null[0m[0m
      [31m-[0m[0m description            = "Managed by Terraform" [90m-> null[0m[0m
      [31m-[0m[0m egress                 = [
          [31m-[0m[0m {
              [31m-[0m[0m cidr_blocks      = [
                  [31m-[0m[0m "0.0.0.0/0",
                ]
              [31m-[0m[0m from_port        = 0
              [31m-[0m[0m ipv6_cidr_blocks = []
              [31m-[0m[0m prefix_list_ids  = []
              [31m-[0m[0m protocol         = "-1"
              [31m-[0m[0m security_groups  = []
              [31m-[0m[0m self             = false
              [31m-[0m[0m to_port          = 0
                [90m# (1 unchanged attribute hidden)[0m[0m
            },
        ] [90m-> null[0m[0m
      [31m-[0m[0m id                     = "sg-0885e24049a0b4325" [90m-> null[0m[0m
      [31m-[0m[0m ingress                = [
          [31m-[0m[0m {
              [31m-[0m[0m cidr_blocks      = [
                  [31m-[0m[0m "66.108.102.239/32",
                ]
              [31m-[0m[0m from_port        = 22
              [31m-[0m[0m ipv6_cidr_blocks = []
              [31m-[0m[0m prefix_list_ids  = []
              [31m-[0m[0m protocol         = "tcp"
              [31m-[0m[0m security_groups  = []
              [31m-[0m[0m self             = false
              [31m-[0m[0m to_port          = 22
                [90m# (1 unchanged attribute hidden)[0m[0m
            },
          [31m-[0m[0m {
              [31m-[0m[0m cidr_blocks      = [
                  [31m-[0m[0m "66.108.102.239/32",
                ]
              [31m-[0m[0m from_port        = 8080
              [31m-[0m[0m ipv6_cidr_blocks = []
              [31m-[0m[0m prefix_list_ids  = []
              [31m-[0m[0m protocol         = "tcp"
              [31m-[0m[0m security_groups  = []
              [31m-[0m[0m self             = false
              [31m-[0m[0m to_port          = 8080
                [90m# (1 unchanged attribute hidden)[0m[0m
            },
          [31m-[0m[0m {
              [31m-[0m[0m cidr_blocks      = []
              [31m-[0m[0m from_port        = 8080
              [31m-[0m[0m ipv6_cidr_blocks = []
              [31m-[0m[0m prefix_list_ids  = []
              [31m-[0m[0m protocol         = "tcp"
              [31m-[0m[0m security_groups  = []
              [31m-[0m[0m self             = true
              [31m-[0m[0m to_port          = 9300
                [90m# (1 unchanged attribute hidden)[0m[0m
            },
          [31m-[0m[0m {
              [31m-[0m[0m cidr_blocks      = []
              [31m-[0m[0m from_port        = 9300
              [31m-[0m[0m ipv6_cidr_blocks = []
              [31m-[0m[0m prefix_list_ids  = []
              [31m-[0m[0m protocol         = "udp"
              [31m-[0m[0m security_groups  = []
              [31m-[0m[0m self             = true
              [31m-[0m[0m to_port          = 9300
                [90m# (1 unchanged attribute hidden)[0m[0m
            },
        ] [90m-> null[0m[0m
      [31m-[0m[0m name                   = "hivemind-poc-20260425200602066700000001" [90m-> null[0m[0m
      [31m-[0m[0m name_prefix            = "hivemind-poc-" [90m-> null[0m[0m
      [31m-[0m[0m owner_id               = "288552132534" [90m-> null[0m[0m
      [31m-[0m[0m revoke_rules_on_delete = false [90m-> null[0m[0m
      [31m-[0m[0m tags                   = {
          [31m-[0m[0m "Name" = "hivemind-poc"
        } [90m-> null[0m[0m
      [31m-[0m[0m tags_all               = {
          [31m-[0m[0m "Name" = "hivemind-poc"
        } [90m-> null[0m[0m
      [31m-[0m[0m vpc_id                 = "vpc-4b71f536" [90m-> null[0m[0m
    }

[1mPlan:[0m [0m0 to add, 0 to change, 10 to destroy.

Changes to Outputs:
  [31m-[0m[0m api_url              = "http://44.201.106.237:8080" [90m-> null[0m[0m
  [31m-[0m[0m dashboard_url        = "http://44.201.106.237:8080/dashboard" [90m-> null[0m[0m
  [31m-[0m[0m ecr_repository_name  = "hivemind-poc" [90m-> null[0m[0m
  [31m-[0m[0m ecr_repository_url   = "288552132534.dkr.ecr.us-east-1.amazonaws.com/hivemind-poc" [90m-> null[0m[0m
  [31m-[0m[0m replica_ami          = "ami-098e39bafa7e7303d" [90m-> null[0m[0m
  [31m-[0m[0m replica_ips          = [
      [31m-[0m[0m "172.31.69.137",
      [31m-[0m[0m "172.31.78.82",
      [31m-[0m[0m "172.31.64.172",
      [31m-[0m[0m "172.31.70.161",
      [31m-[0m[0m "172.31.76.60",
    ] [90m-> null[0m[0m
  [31m-[0m[0m replica_public_ips   = [
      [31m-[0m[0m "44.201.106.237",
      [31m-[0m[0m "18.232.185.149",
      [31m-[0m[0m "44.210.108.108",
      [31m-[0m[0m "35.173.35.64",
      [31m-[0m[0m "3.223.3.134",
    ] [90m-> null[0m[0m
  [31m-[0m[0m worker_ami           = "ami-0714f823ff4e72d73" [90m-> null[0m[0m
  [31m-[0m[0m worker_cpu_ip        = "172.31.66.127" [90m-> null[0m[0m
  [31m-[0m[0m worker_cpu_public_ip = "98.82.126.85" [90m-> null[0m[0m
  [31m-[0m[0m worker_gpu_ip        = "172.31.69.62" [90m-> null[0m[0m
  [31m-[0m[0m worker_gpu_public_ip = "98.92.112.241" [90m-> null[0m[0m
[0m[1maws_ecr_repository.workloads: Destroying... [id=hivemind-poc][0m[0m
[0m[1maws_instance.worker_gpu: Destroying... [id=i-0a3e445f312054cd6][0m[0m
[0m[1maws_instance.replica[4]: Destroying... [id=i-00c5806457eab2c11][0m[0m
[0m[1maws_instance.replica[3]: Destroying... [id=i-04dd3f099e6e7bddc][0m[0m
[0m[1maws_instance.replica[2]: Destroying... [id=i-0fc06cfb31cb5f93f][0m[0m
[0m[1maws_instance.replica[1]: Destroying... [id=i-04f3cde5149cbe9cb][0m[0m
[0m[1maws_instance.replica[0]: Destroying... [id=i-02e830143d18d1635][0m[0m
[0m[1maws_instance.worker_cpu: Destroying... [id=i-0f9bdd664ed3c952b][0m[0m
[0m[1maws_ecr_repository.workloads: Destruction complete after 1s[0m
[0m[1maws_instance.worker_gpu: Still destroying... [id=i-0a3e445f312054cd6, 00m10s elapsed][0m[0m
[0m[1maws_instance.replica[0]: Still destroying... [id=i-02e830143d18d1635, 00m10s elapsed][0m[0m
[0m[1maws_instance.replica[2]: Still destroying... [id=i-0fc06cfb31cb5f93f, 00m10s elapsed][0m[0m
[0m[1maws_instance.replica[3]: Still destroying... [id=i-04dd3f099e6e7bddc, 00m10s elapsed][0m[0m
[0m[1maws_instance.replica[4]: Still destroying... [id=i-00c5806457eab2c11, 00m10s elapsed][0m[0m
[0m[1maws_instance.replica[1]: Still destroying... [id=i-04f3cde5149cbe9cb, 00m10s elapsed][0m[0m
[0m[1maws_instance.worker_cpu: Still destroying... [id=i-0f9bdd664ed3c952b, 00m10s elapsed][0m[0m
[0m[1maws_instance.replica[0]: Still destroying... [id=i-02e830143d18d1635, 00m20s elapsed][0m[0m
[0m[1maws_instance.replica[1]: Still destroying... [id=i-04f3cde5149cbe9cb, 00m20s elapsed][0m[0m
[0m[1maws_instance.worker_gpu: Still destroying... [id=i-0a3e445f312054cd6, 00m20s elapsed][0m[0m
[0m[1maws_instance.worker_cpu: Still destroying... [id=i-0f9bdd664ed3c952b, 00m20s elapsed][0m[0m
[0m[1maws_instance.replica[3]: Still destroying... [id=i-04dd3f099e6e7bddc, 00m20s elapsed][0m[0m
[0m[1maws_instance.replica[4]: Still destroying... [id=i-00c5806457eab2c11, 00m20s elapsed][0m[0m
[0m[1maws_instance.replica[2]: Still destroying... [id=i-0fc06cfb31cb5f93f, 00m20s elapsed][0m[0m
[0m[1maws_instance.replica[2]: Still destroying... [id=i-0fc06cfb31cb5f93f, 00m30s elapsed][0m[0m
[0m[1maws_instance.replica[4]: Still destroying... [id=i-00c5806457eab2c11, 00m30s elapsed][0m[0m
[0m[1maws_instance.replica[1]: Still destroying... [id=i-04f3cde5149cbe9cb, 00m30s elapsed][0m[0m
[0m[1maws_instance.worker_gpu: Still destroying... [id=i-0a3e445f312054cd6, 00m30s elapsed][0m[0m
[0m[1maws_instance.worker_cpu: Still destroying... [id=i-0f9bdd664ed3c952b, 00m30s elapsed][0m[0m
[0m[1maws_instance.replica[3]: Still destroying... [id=i-04dd3f099e6e7bddc, 00m30s elapsed][0m[0m
[0m[1maws_instance.replica[0]: Still destroying... [id=i-02e830143d18d1635, 00m30s elapsed][0m[0m
[0m[1maws_instance.replica[3]: Destruction complete after 31s[0m
[0m[1maws_instance.replica[2]: Destruction complete after 31s[0m
[0m[1maws_instance.replica[0]: Destruction complete after 31s[0m
[0m[1maws_instance.replica[4]: Destruction complete after 31s[0m
[0m[1maws_instance.replica[1]: Destruction complete after 31s[0m
[0m[1maws_instance.worker_cpu: Destruction complete after 31s[0m
[0m[1maws_instance.worker_gpu: Still destroying... [id=i-0a3e445f312054cd6, 00m40s elapsed][0m[0m
[0m[1maws_instance.worker_gpu: Still destroying... [id=i-0a3e445f312054cd6, 00m50s elapsed][0m[0m
[0m[1maws_instance.worker_gpu: Still destroying... [id=i-0a3e445f312054cd6, 01m00s elapsed][0m[0m
[0m[1maws_instance.worker_gpu: Still destroying... [id=i-0a3e445f312054cd6, 01m10s elapsed][0m[0m
[0m[1maws_instance.worker_gpu: Still destroying... [id=i-0a3e445f312054cd6, 01m20s elapsed][0m[0m
[0m[1maws_instance.worker_gpu: Still destroying... [id=i-0a3e445f312054cd6, 01m30s elapsed][0m[0m
[0m[1maws_instance.worker_gpu: Still destroying... [id=i-0a3e445f312054cd6, 01m40s elapsed][0m[0m
[0m[1maws_instance.worker_gpu: Still destroying... [id=i-0a3e445f312054cd6, 01m50s elapsed][0m[0m
[0m[1maws_instance.worker_gpu: Still destroying... [id=i-0a3e445f312054cd6, 02m00s elapsed][0m[0m
[0m[1maws_instance.worker_gpu: Still destroying... [id=i-0a3e445f312054cd6, 02m10s elapsed][0m[0m
[0m[1maws_instance.worker_gpu: Still destroying... [id=i-0a3e445f312054cd6, 02m20s elapsed][0m[0m
[0m[1maws_instance.worker_gpu: Still destroying... [id=i-0a3e445f312054cd6, 02m30s elapsed][0m[0m
[0m[1maws_instance.worker_gpu: Still destroying... [id=i-0a3e445f312054cd6, 02m40s elapsed][0m[0m
[0m[1maws_instance.worker_gpu: Still destroying... [id=i-0a3e445f312054cd6, 02m50s elapsed][0m[0m
[0m[1maws_instance.worker_gpu: Still destroying... [id=i-0a3e445f312054cd6, 03m00s elapsed][0m[0m
[0m[1maws_instance.worker_gpu: Still destroying... [id=i-0a3e445f312054cd6, 03m10s elapsed][0m[0m
[0m[1maws_instance.worker_gpu: Still destroying... [id=i-0a3e445f312054cd6, 03m20s elapsed][0m[0m
[0m[1maws_instance.worker_gpu: Still destroying... [id=i-0a3e445f312054cd6, 03m30s elapsed][0m[0m
[0m[1maws_instance.worker_gpu: Still destroying... [id=i-0a3e445f312054cd6, 03m40s elapsed][0m[0m
[0m[1maws_instance.worker_gpu: Still destroying... [id=i-0a3e445f312054cd6, 03m50s elapsed][0m[0m
[0m[1maws_instance.worker_gpu: Still destroying... [id=i-0a3e445f312054cd6, 04m00s elapsed][0m[0m
[0m[1maws_instance.worker_gpu: Still destroying... [id=i-0a3e445f312054cd6, 04m10s elapsed][0m[0m
[0m[1maws_instance.worker_gpu: Still destroying... [id=i-0a3e445f312054cd6, 04m20s elapsed][0m[0m
[0m[1maws_instance.worker_gpu: Still destroying... [id=i-0a3e445f312054cd6, 04m30s elapsed][0m[0m
[0m[1maws_instance.worker_gpu: Destruction complete after 4m35s[0m
[0m[1maws_key_pair.poc: Destroying... [id=hivemind-poc-deployer][0m[0m
[0m[1maws_security_group.hivemind: Destroying... [id=sg-0885e24049a0b4325][0m[0m
[0m[1maws_key_pair.poc: Destruction complete after 0s[0m
[0m[1maws_security_group.hivemind: Destruction complete after 1s[0m
[0m[1m[32m
Destroy complete! Resources: 10 destroyed.[0m

=== Teardown complete ===
