ssh_cidr=66.108.102.239/32

=== 1. Apply isolated Hivemind POC infra ===
[0m[1mInitializing the backend...[0m
[0m[1mInitializing provider plugins...[0m
- Reusing previous version of hashicorp/aws from the dependency lock file
- Using previously-installed hashicorp/aws v5.100.0

[0m[1m[32mTerraform has been successfully initialized![0m[32m[0m
[0m[32m
You may now begin working with Terraform. Try running "terraform plan" to see
any changes that are required for your infrastructure. All Terraform commands
should now work.

If you ever set or change modules or backend configuration for Terraform,
rerun this command to reinitialize your working directory. If you forget, other
commands will detect it and remind you to do so if necessary.[0m

Terraform used the selected providers to generate the following execution
plan. Resource actions are indicated with the following symbols:
  [32m+[0m create[0m

Terraform will perform the following actions:

[1m  # aws_ecr_repository.workloads[0m will be created
[0m  [32m+[0m[0m resource "aws_ecr_repository" "workloads" {
      [32m+[0m[0m arn                  = (known after apply)
      [32m+[0m[0m force_delete         = true
      [32m+[0m[0m id                   = (known after apply)
      [32m+[0m[0m image_tag_mutability = "MUTABLE"
      [32m+[0m[0m name                 = "hivemind-poc"
      [32m+[0m[0m registry_id          = (known after apply)
      [32m+[0m[0m repository_url       = (known after apply)
      [32m+[0m[0m tags                 = {
          [32m+[0m[0m "Name" = "hivemind-poc-workloads"
        }
      [32m+[0m[0m tags_all             = {
          [32m+[0m[0m "Name" = "hivemind-poc-workloads"
        }

      [32m+[0m[0m image_scanning_configuration {
          [32m+[0m[0m scan_on_push = false
        }
    }

[1m  # aws_instance.replica[0][0m will be created
[0m  [32m+[0m[0m resource "aws_instance" "replica" {
      [32m+[0m[0m ami                                  = "ami-098e39bafa7e7303d"
      [32m+[0m[0m arn                                  = (known after apply)
      [32m+[0m[0m associate_public_ip_address          = (known after apply)
      [32m+[0m[0m availability_zone                    = (known after apply)
      [32m+[0m[0m cpu_core_count                       = (known after apply)
      [32m+[0m[0m cpu_threads_per_core                 = (known after apply)
      [32m+[0m[0m disable_api_stop                     = (known after apply)
      [32m+[0m[0m disable_api_termination              = (known after apply)
      [32m+[0m[0m ebs_optimized                        = (known after apply)
      [32m+[0m[0m enable_primary_ipv6                  = (known after apply)
      [32m+[0m[0m get_password_data                    = false
      [32m+[0m[0m host_id                              = (known after apply)
      [32m+[0m[0m host_resource_group_arn              = (known after apply)
      [32m+[0m[0m iam_instance_profile                 = (known after apply)
      [32m+[0m[0m id                                   = (known after apply)
      [32m+[0m[0m instance_initiated_shutdown_behavior = (known after apply)
      [32m+[0m[0m instance_lifecycle                   = (known after apply)
      [32m+[0m[0m instance_state                       = (known after apply)
      [32m+[0m[0m instance_type                        = "c5.xlarge"
      [32m+[0m[0m ipv6_address_count                   = (known after apply)
      [32m+[0m[0m ipv6_addresses                       = (known after apply)
      [32m+[0m[0m key_name                             = "hivemind-poc-deployer"
      [32m+[0m[0m monitoring                           = (known after apply)
      [32m+[0m[0m outpost_arn                          = (known after apply)
      [32m+[0m[0m password_data                        = (known after apply)
      [32m+[0m[0m placement_group                      = (known after apply)
      [32m+[0m[0m placement_partition_number           = (known after apply)
      [32m+[0m[0m primary_network_interface_id         = (known after apply)
      [32m+[0m[0m private_dns                          = (known after apply)
      [32m+[0m[0m private_ip                           = (known after apply)
      [32m+[0m[0m public_dns                           = (known after apply)
      [32m+[0m[0m public_ip                            = (known after apply)
      [32m+[0m[0m secondary_private_ips                = (known after apply)
      [32m+[0m[0m security_groups                      = (known after apply)
      [32m+[0m[0m source_dest_check                    = true
      [32m+[0m[0m spot_instance_request_id             = (known after apply)
      [32m+[0m[0m subnet_id                            = (known after apply)
      [32m+[0m[0m tags                                 = {
          [32m+[0m[0m "Name" = "hivemind-replica-0"
          [32m+[0m[0m "Role" = "replica"
        }
      [32m+[0m[0m tags_all                             = {
          [32m+[0m[0m "Name" = "hivemind-replica-0"
          [32m+[0m[0m "Role" = "replica"
        }
      [32m+[0m[0m tenancy                              = (known after apply)
      [32m+[0m[0m user_data                            = (sensitive value)
      [32m+[0m[0m user_data_base64                     = (known after apply)
      [32m+[0m[0m user_data_replace_on_change          = false
      [32m+[0m[0m vpc_security_group_ids               = (known after apply)

      [32m+[0m[0m capacity_reservation_specification (known after apply)

      [32m+[0m[0m cpu_options (known after apply)

      [32m+[0m[0m ebs_block_device (known after apply)

      [32m+[0m[0m enclave_options (known after apply)

      [32m+[0m[0m ephemeral_block_device (known after apply)

      [32m+[0m[0m instance_market_options (known after apply)

      [32m+[0m[0m maintenance_options (known after apply)

      [32m+[0m[0m metadata_options (known after apply)

      [32m+[0m[0m network_interface (known after apply)

      [32m+[0m[0m private_dns_name_options (known after apply)

      [32m+[0m[0m root_block_device {
          [32m+[0m[0m delete_on_termination = true
          [32m+[0m[0m device_name           = (known after apply)
          [32m+[0m[0m encrypted             = (known after apply)
          [32m+[0m[0m iops                  = (known after apply)
          [32m+[0m[0m kms_key_id            = (known after apply)
          [32m+[0m[0m tags_all              = (known after apply)
          [32m+[0m[0m throughput            = (known after apply)
          [32m+[0m[0m volume_id             = (known after apply)
          [32m+[0m[0m volume_size           = 50
          [32m+[0m[0m volume_type           = "gp3"
        }
    }

[1m  # aws_instance.replica[1][0m will be created
[0m  [32m+[0m[0m resource "aws_instance" "replica" {
      [32m+[0m[0m ami                                  = "ami-098e39bafa7e7303d"
      [32m+[0m[0m arn                                  = (known after apply)
      [32m+[0m[0m associate_public_ip_address          = (known after apply)
      [32m+[0m[0m availability_zone                    = (known after apply)
      [32m+[0m[0m cpu_core_count                       = (known after apply)
      [32m+[0m[0m cpu_threads_per_core                 = (known after apply)
      [32m+[0m[0m disable_api_stop                     = (known after apply)
      [32m+[0m[0m disable_api_termination              = (known after apply)
      [32m+[0m[0m ebs_optimized                        = (known after apply)
      [32m+[0m[0m enable_primary_ipv6                  = (known after apply)
      [32m+[0m[0m get_password_data                    = false
      [32m+[0m[0m host_id                              = (known after apply)
      [32m+[0m[0m host_resource_group_arn              = (known after apply)
      [32m+[0m[0m iam_instance_profile                 = (known after apply)
      [32m+[0m[0m id                                   = (known after apply)
      [32m+[0m[0m instance_initiated_shutdown_behavior = (known after apply)
      [32m+[0m[0m instance_lifecycle                   = (known after apply)
      [32m+[0m[0m instance_state                       = (known after apply)
      [32m+[0m[0m instance_type                        = "c5.xlarge"
      [32m+[0m[0m ipv6_address_count                   = (known after apply)
      [32m+[0m[0m ipv6_addresses                       = (known after apply)
      [32m+[0m[0m key_name                             = "hivemind-poc-deployer"
      [32m+[0m[0m monitoring                           = (known after apply)
      [32m+[0m[0m outpost_arn                          = (known after apply)
      [32m+[0m[0m password_data                        = (known after apply)
      [32m+[0m[0m placement_group                      = (known after apply)
      [32m+[0m[0m placement_partition_number           = (known after apply)
      [32m+[0m[0m primary_network_interface_id         = (known after apply)
      [32m+[0m[0m private_dns                          = (known after apply)
      [32m+[0m[0m private_ip                           = (known after apply)
      [32m+[0m[0m public_dns                           = (known after apply)
      [32m+[0m[0m public_ip                            = (known after apply)
      [32m+[0m[0m secondary_private_ips                = (known after apply)
      [32m+[0m[0m security_groups                      = (known after apply)
      [32m+[0m[0m source_dest_check                    = true
      [32m+[0m[0m spot_instance_request_id             = (known after apply)
      [32m+[0m[0m subnet_id                            = (known after apply)
      [32m+[0m[0m tags                                 = {
          [32m+[0m[0m "Name" = "hivemind-replica-1"
          [32m+[0m[0m "Role" = "replica"
        }
      [32m+[0m[0m tags_all                             = {
          [32m+[0m[0m "Name" = "hivemind-replica-1"
          [32m+[0m[0m "Role" = "replica"
        }
      [32m+[0m[0m tenancy                              = (known after apply)
      [32m+[0m[0m user_data                            = (sensitive value)
      [32m+[0m[0m user_data_base64                     = (known after apply)
      [32m+[0m[0m user_data_replace_on_change          = false
      [32m+[0m[0m vpc_security_group_ids               = (known after apply)

      [32m+[0m[0m capacity_reservation_specification (known after apply)

      [32m+[0m[0m cpu_options (known after apply)

      [32m+[0m[0m ebs_block_device (known after apply)

      [32m+[0m[0m enclave_options (known after apply)

      [32m+[0m[0m ephemeral_block_device (known after apply)

      [32m+[0m[0m instance_market_options (known after apply)

      [32m+[0m[0m maintenance_options (known after apply)

      [32m+[0m[0m metadata_options (known after apply)

      [32m+[0m[0m network_interface (known after apply)

      [32m+[0m[0m private_dns_name_options (known after apply)

      [32m+[0m[0m root_block_device {
          [32m+[0m[0m delete_on_termination = true
          [32m+[0m[0m device_name           = (known after apply)
          [32m+[0m[0m encrypted             = (known after apply)
          [32m+[0m[0m iops                  = (known after apply)
          [32m+[0m[0m kms_key_id            = (known after apply)
          [32m+[0m[0m tags_all              = (known after apply)
          [32m+[0m[0m throughput            = (known after apply)
          [32m+[0m[0m volume_id             = (known after apply)
          [32m+[0m[0m volume_size           = 50
          [32m+[0m[0m volume_type           = "gp3"
        }
    }

[1m  # aws_instance.replica[2][0m will be created
[0m  [32m+[0m[0m resource "aws_instance" "replica" {
      [32m+[0m[0m ami                                  = "ami-098e39bafa7e7303d"
      [32m+[0m[0m arn                                  = (known after apply)
      [32m+[0m[0m associate_public_ip_address          = (known after apply)
      [32m+[0m[0m availability_zone                    = (known after apply)
      [32m+[0m[0m cpu_core_count                       = (known after apply)
      [32m+[0m[0m cpu_threads_per_core                 = (known after apply)
      [32m+[0m[0m disable_api_stop                     = (known after apply)
      [32m+[0m[0m disable_api_termination              = (known after apply)
      [32m+[0m[0m ebs_optimized                        = (known after apply)
      [32m+[0m[0m enable_primary_ipv6                  = (known after apply)
      [32m+[0m[0m get_password_data                    = false
      [32m+[0m[0m host_id                              = (known after apply)
      [32m+[0m[0m host_resource_group_arn              = (known after apply)
      [32m+[0m[0m iam_instance_profile                 = (known after apply)
      [32m+[0m[0m id                                   = (known after apply)
      [32m+[0m[0m instance_initiated_shutdown_behavior = (known after apply)
      [32m+[0m[0m instance_lifecycle                   = (known after apply)
      [32m+[0m[0m instance_state                       = (known after apply)
      [32m+[0m[0m instance_type                        = "c5.xlarge"
      [32m+[0m[0m ipv6_address_count                   = (known after apply)
      [32m+[0m[0m ipv6_addresses                       = (known after apply)
      [32m+[0m[0m key_name                             = "hivemind-poc-deployer"
      [32m+[0m[0m monitoring                           = (known after apply)
      [32m+[0m[0m outpost_arn                          = (known after apply)
      [32m+[0m[0m password_data                        = (known after apply)
      [32m+[0m[0m placement_group                      = (known after apply)
      [32m+[0m[0m placement_partition_number           = (known after apply)
      [32m+[0m[0m primary_network_interface_id         = (known after apply)
      [32m+[0m[0m private_dns                          = (known after apply)
      [32m+[0m[0m private_ip                           = (known after apply)
      [32m+[0m[0m public_dns                           = (known after apply)
      [32m+[0m[0m public_ip                            = (known after apply)
      [32m+[0m[0m secondary_private_ips                = (known after apply)
      [32m+[0m[0m security_groups                      = (known after apply)
      [32m+[0m[0m source_dest_check                    = true
      [32m+[0m[0m spot_instance_request_id             = (known after apply)
      [32m+[0m[0m subnet_id                            = (known after apply)
      [32m+[0m[0m tags                                 = {
          [32m+[0m[0m "Name" = "hivemind-replica-2"
          [32m+[0m[0m "Role" = "replica"
        }
      [32m+[0m[0m tags_all                             = {
          [32m+[0m[0m "Name" = "hivemind-replica-2"
          [32m+[0m[0m "Role" = "replica"
        }
      [32m+[0m[0m tenancy                              = (known after apply)
      [32m+[0m[0m user_data                            = (sensitive value)
      [32m+[0m[0m user_data_base64                     = (known after apply)
      [32m+[0m[0m user_data_replace_on_change          = false
      [32m+[0m[0m vpc_security_group_ids               = (known after apply)

      [32m+[0m[0m capacity_reservation_specification (known after apply)

      [32m+[0m[0m cpu_options (known after apply)

      [32m+[0m[0m ebs_block_device (known after apply)

      [32m+[0m[0m enclave_options (known after apply)

      [32m+[0m[0m ephemeral_block_device (known after apply)

      [32m+[0m[0m instance_market_options (known after apply)

      [32m+[0m[0m maintenance_options (known after apply)

      [32m+[0m[0m metadata_options (known after apply)

      [32m+[0m[0m network_interface (known after apply)

      [32m+[0m[0m private_dns_name_options (known after apply)

      [32m+[0m[0m root_block_device {
          [32m+[0m[0m delete_on_termination = true
          [32m+[0m[0m device_name           = (known after apply)
          [32m+[0m[0m encrypted             = (known after apply)
          [32m+[0m[0m iops                  = (known after apply)
          [32m+[0m[0m kms_key_id            = (known after apply)
          [32m+[0m[0m tags_all              = (known after apply)
          [32m+[0m[0m throughput            = (known after apply)
          [32m+[0m[0m volume_id             = (known after apply)
          [32m+[0m[0m volume_size           = 50
          [32m+[0m[0m volume_type           = "gp3"
        }
    }

[1m  # aws_instance.replica[3][0m will be created
[0m  [32m+[0m[0m resource "aws_instance" "replica" {
      [32m+[0m[0m ami                                  = "ami-098e39bafa7e7303d"
      [32m+[0m[0m arn                                  = (known after apply)
      [32m+[0m[0m associate_public_ip_address          = (known after apply)
      [32m+[0m[0m availability_zone                    = (known after apply)
      [32m+[0m[0m cpu_core_count                       = (known after apply)
      [32m+[0m[0m cpu_threads_per_core                 = (known after apply)
      [32m+[0m[0m disable_api_stop                     = (known after apply)
      [32m+[0m[0m disable_api_termination              = (known after apply)
      [32m+[0m[0m ebs_optimized                        = (known after apply)
      [32m+[0m[0m enable_primary_ipv6                  = (known after apply)
      [32m+[0m[0m get_password_data                    = false
      [32m+[0m[0m host_id                              = (known after apply)
      [32m+[0m[0m host_resource_group_arn              = (known after apply)
      [32m+[0m[0m iam_instance_profile                 = (known after apply)
      [32m+[0m[0m id                                   = (known after apply)
      [32m+[0m[0m instance_initiated_shutdown_behavior = (known after apply)
      [32m+[0m[0m instance_lifecycle                   = (known after apply)
      [32m+[0m[0m instance_state                       = (known after apply)
      [32m+[0m[0m instance_type                        = "c5.xlarge"
      [32m+[0m[0m ipv6_address_count                   = (known after apply)
      [32m+[0m[0m ipv6_addresses                       = (known after apply)
      [32m+[0m[0m key_name                             = "hivemind-poc-deployer"
      [32m+[0m[0m monitoring                           = (known after apply)
      [32m+[0m[0m outpost_arn                          = (known after apply)
      [32m+[0m[0m password_data                        = (known after apply)
      [32m+[0m[0m placement_group                      = (known after apply)
      [32m+[0m[0m placement_partition_number           = (known after apply)
      [32m+[0m[0m primary_network_interface_id         = (known after apply)
      [32m+[0m[0m private_dns                          = (known after apply)
      [32m+[0m[0m private_ip                           = (known after apply)
      [32m+[0m[0m public_dns                           = (known after apply)
      [32m+[0m[0m public_ip                            = (known after apply)
      [32m+[0m[0m secondary_private_ips                = (known after apply)
      [32m+[0m[0m security_groups                      = (known after apply)
      [32m+[0m[0m source_dest_check                    = true
      [32m+[0m[0m spot_instance_request_id             = (known after apply)
      [32m+[0m[0m subnet_id                            = (known after apply)
      [32m+[0m[0m tags                                 = {
          [32m+[0m[0m "Name" = "hivemind-replica-3"
          [32m+[0m[0m "Role" = "replica"
        }
      [32m+[0m[0m tags_all                             = {
          [32m+[0m[0m "Name" = "hivemind-replica-3"
          [32m+[0m[0m "Role" = "replica"
        }
      [32m+[0m[0m tenancy                              = (known after apply)
      [32m+[0m[0m user_data                            = (sensitive value)
      [32m+[0m[0m user_data_base64                     = (known after apply)
      [32m+[0m[0m user_data_replace_on_change          = false
      [32m+[0m[0m vpc_security_group_ids               = (known after apply)

      [32m+[0m[0m capacity_reservation_specification (known after apply)

      [32m+[0m[0m cpu_options (known after apply)

      [32m+[0m[0m ebs_block_device (known after apply)

      [32m+[0m[0m enclave_options (known after apply)

      [32m+[0m[0m ephemeral_block_device (known after apply)

      [32m+[0m[0m instance_market_options (known after apply)

      [32m+[0m[0m maintenance_options (known after apply)

      [32m+[0m[0m metadata_options (known after apply)

      [32m+[0m[0m network_interface (known after apply)

      [32m+[0m[0m private_dns_name_options (known after apply)

      [32m+[0m[0m root_block_device {
          [32m+[0m[0m delete_on_termination = true
          [32m+[0m[0m device_name           = (known after apply)
          [32m+[0m[0m encrypted             = (known after apply)
          [32m+[0m[0m iops                  = (known after apply)
          [32m+[0m[0m kms_key_id            = (known after apply)
          [32m+[0m[0m tags_all              = (known after apply)
          [32m+[0m[0m throughput            = (known after apply)
          [32m+[0m[0m volume_id             = (known after apply)
          [32m+[0m[0m volume_size           = 50
          [32m+[0m[0m volume_type           = "gp3"
        }
    }

[1m  # aws_instance.replica[4][0m will be created
[0m  [32m+[0m[0m resource "aws_instance" "replica" {
      [32m+[0m[0m ami                                  = "ami-098e39bafa7e7303d"
      [32m+[0m[0m arn                                  = (known after apply)
      [32m+[0m[0m associate_public_ip_address          = (known after apply)
      [32m+[0m[0m availability_zone                    = (known after apply)
      [32m+[0m[0m cpu_core_count                       = (known after apply)
      [32m+[0m[0m cpu_threads_per_core                 = (known after apply)
      [32m+[0m[0m disable_api_stop                     = (known after apply)
      [32m+[0m[0m disable_api_termination              = (known after apply)
      [32m+[0m[0m ebs_optimized                        = (known after apply)
      [32m+[0m[0m enable_primary_ipv6                  = (known after apply)
      [32m+[0m[0m get_password_data                    = false
      [32m+[0m[0m host_id                              = (known after apply)
      [32m+[0m[0m host_resource_group_arn              = (known after apply)
      [32m+[0m[0m iam_instance_profile                 = (known after apply)
      [32m+[0m[0m id                                   = (known after apply)
      [32m+[0m[0m instance_initiated_shutdown_behavior = (known after apply)
      [32m+[0m[0m instance_lifecycle                   = (known after apply)
      [32m+[0m[0m instance_state                       = (known after apply)
      [32m+[0m[0m instance_type                        = "c5.xlarge"
      [32m+[0m[0m ipv6_address_count                   = (known after apply)
      [32m+[0m[0m ipv6_addresses                       = (known after apply)
      [32m+[0m[0m key_name                             = "hivemind-poc-deployer"
      [32m+[0m[0m monitoring                           = (known after apply)
      [32m+[0m[0m outpost_arn                          = (known after apply)
      [32m+[0m[0m password_data                        = (known after apply)
      [32m+[0m[0m placement_group                      = (known after apply)
      [32m+[0m[0m placement_partition_number           = (known after apply)
      [32m+[0m[0m primary_network_interface_id         = (known after apply)
      [32m+[0m[0m private_dns                          = (known after apply)
      [32m+[0m[0m private_ip                           = (known after apply)
      [32m+[0m[0m public_dns                           = (known after apply)
      [32m+[0m[0m public_ip                            = (known after apply)
      [32m+[0m[0m secondary_private_ips                = (known after apply)
      [32m+[0m[0m security_groups                      = (known after apply)
      [32m+[0m[0m source_dest_check                    = true
      [32m+[0m[0m spot_instance_request_id             = (known after apply)
      [32m+[0m[0m subnet_id                            = (known after apply)
      [32m+[0m[0m tags                                 = {
          [32m+[0m[0m "Name" = "hivemind-replica-4"
          [32m+[0m[0m "Role" = "replica"
        }
      [32m+[0m[0m tags_all                             = {
          [32m+[0m[0m "Name" = "hivemind-replica-4"
          [32m+[0m[0m "Role" = "replica"
        }
      [32m+[0m[0m tenancy                              = (known after apply)
      [32m+[0m[0m user_data                            = (sensitive value)
      [32m+[0m[0m user_data_base64                     = (known after apply)
      [32m+[0m[0m user_data_replace_on_change          = false
      [32m+[0m[0m vpc_security_group_ids               = (known after apply)

      [32m+[0m[0m capacity_reservation_specification (known after apply)

      [32m+[0m[0m cpu_options (known after apply)

      [32m+[0m[0m ebs_block_device (known after apply)

      [32m+[0m[0m enclave_options (known after apply)

      [32m+[0m[0m ephemeral_block_device (known after apply)

      [32m+[0m[0m instance_market_options (known after apply)

      [32m+[0m[0m maintenance_options (known after apply)

      [32m+[0m[0m metadata_options (known after apply)

      [32m+[0m[0m network_interface (known after apply)

      [32m+[0m[0m private_dns_name_options (known after apply)

      [32m+[0m[0m root_block_device {
          [32m+[0m[0m delete_on_termination = true
          [32m+[0m[0m device_name           = (known after apply)
          [32m+[0m[0m encrypted             = (known after apply)
          [32m+[0m[0m iops                  = (known after apply)
          [32m+[0m[0m kms_key_id            = (known after apply)
          [32m+[0m[0m tags_all              = (known after apply)
          [32m+[0m[0m throughput            = (known after apply)
          [32m+[0m[0m volume_id             = (known after apply)
          [32m+[0m[0m volume_size           = 50
          [32m+[0m[0m volume_type           = "gp3"
        }
    }

[1m  # aws_instance.worker_cpu[0m will be created
[0m  [32m+[0m[0m resource "aws_instance" "worker_cpu" {
      [32m+[0m[0m ami                                  = "ami-0714f823ff4e72d73"
      [32m+[0m[0m arn                                  = (known after apply)
      [32m+[0m[0m associate_public_ip_address          = (known after apply)
      [32m+[0m[0m availability_zone                    = (known after apply)
      [32m+[0m[0m cpu_core_count                       = (known after apply)
      [32m+[0m[0m cpu_threads_per_core                 = (known after apply)
      [32m+[0m[0m disable_api_stop                     = (known after apply)
      [32m+[0m[0m disable_api_termination              = (known after apply)
      [32m+[0m[0m ebs_optimized                        = (known after apply)
      [32m+[0m[0m enable_primary_ipv6                  = (known after apply)
      [32m+[0m[0m get_password_data                    = false
      [32m+[0m[0m host_id                              = (known after apply)
      [32m+[0m[0m host_resource_group_arn              = (known after apply)
      [32m+[0m[0m iam_instance_profile                 = (known after apply)
      [32m+[0m[0m id                                   = (known after apply)
      [32m+[0m[0m instance_initiated_shutdown_behavior = (known after apply)
      [32m+[0m[0m instance_lifecycle                   = (known after apply)
      [32m+[0m[0m instance_state                       = (known after apply)
      [32m+[0m[0m instance_type                        = "c5.xlarge"
      [32m+[0m[0m ipv6_address_count                   = (known after apply)
      [32m+[0m[0m ipv6_addresses                       = (known after apply)
      [32m+[0m[0m key_name                             = "hivemind-poc-deployer"
      [32m+[0m[0m monitoring                           = (known after apply)
      [32m+[0m[0m outpost_arn                          = (known after apply)
      [32m+[0m[0m password_data                        = (known after apply)
      [32m+[0m[0m placement_group                      = (known after apply)
      [32m+[0m[0m placement_partition_number           = (known after apply)
      [32m+[0m[0m primary_network_interface_id         = (known after apply)
      [32m+[0m[0m private_dns                          = (known after apply)
      [32m+[0m[0m private_ip                           = (known after apply)
      [32m+[0m[0m public_dns                           = (known after apply)
      [32m+[0m[0m public_ip                            = (known after apply)
      [32m+[0m[0m secondary_private_ips                = (known after apply)
      [32m+[0m[0m security_groups                      = (known after apply)
      [32m+[0m[0m source_dest_check                    = true
      [32m+[0m[0m spot_instance_request_id             = (known after apply)
      [32m+[0m[0m subnet_id                            = (known after apply)
      [32m+[0m[0m tags                                 = {
          [32m+[0m[0m "Name" = "hivemind-worker-cpu"
          [32m+[0m[0m "Role" = "worker"
        }
      [32m+[0m[0m tags_all                             = {
          [32m+[0m[0m "Name" = "hivemind-worker-cpu"
          [32m+[0m[0m "Role" = "worker"
        }
      [32m+[0m[0m tenancy                              = (known after apply)
      [32m+[0m[0m user_data                            = (sensitive value)
      [32m+[0m[0m user_data_base64                     = (known after apply)
      [32m+[0m[0m user_data_replace_on_change          = false
      [32m+[0m[0m vpc_security_group_ids               = (known after apply)

      [32m+[0m[0m capacity_reservation_specification (known after apply)

      [32m+[0m[0m cpu_options (known after apply)

      [32m+[0m[0m ebs_block_device (known after apply)

      [32m+[0m[0m enclave_options (known after apply)

      [32m+[0m[0m ephemeral_block_device (known after apply)

      [32m+[0m[0m instance_market_options (known after apply)

      [32m+[0m[0m maintenance_options (known after apply)

      [32m+[0m[0m metadata_options (known after apply)

      [32m+[0m[0m network_interface (known after apply)

      [32m+[0m[0m private_dns_name_options (known after apply)

      [32m+[0m[0m root_block_device {
          [32m+[0m[0m delete_on_termination = true
          [32m+[0m[0m device_name           = (known after apply)
          [32m+[0m[0m encrypted             = (known after apply)
          [32m+[0m[0m iops                  = (known after apply)
          [32m+[0m[0m kms_key_id            = (known after apply)
          [32m+[0m[0m tags_all              = (known after apply)
          [32m+[0m[0m throughput            = (known after apply)
          [32m+[0m[0m volume_id             = (known after apply)
          [32m+[0m[0m volume_size           = 100
          [32m+[0m[0m volume_type           = "gp3"
        }
    }

[1m  # aws_instance.worker_gpu[0m will be created
[0m  [32m+[0m[0m resource "aws_instance" "worker_gpu" {
      [32m+[0m[0m ami                                  = "ami-0714f823ff4e72d73"
      [32m+[0m[0m arn                                  = (known after apply)
      [32m+[0m[0m associate_public_ip_address          = (known after apply)
      [32m+[0m[0m availability_zone                    = (known after apply)
      [32m+[0m[0m cpu_core_count                       = (known after apply)
      [32m+[0m[0m cpu_threads_per_core                 = (known after apply)
      [32m+[0m[0m disable_api_stop                     = (known after apply)
      [32m+[0m[0m disable_api_termination              = (known after apply)
      [32m+[0m[0m ebs_optimized                        = (known after apply)
      [32m+[0m[0m enable_primary_ipv6                  = (known after apply)
      [32m+[0m[0m get_password_data                    = false
      [32m+[0m[0m host_id                              = (known after apply)
      [32m+[0m[0m host_resource_group_arn              = (known after apply)
      [32m+[0m[0m iam_instance_profile                 = (known after apply)
      [32m+[0m[0m id                                   = (known after apply)
      [32m+[0m[0m instance_initiated_shutdown_behavior = (known after apply)
      [32m+[0m[0m instance_lifecycle                   = (known after apply)
      [32m+[0m[0m instance_state                       = (known after apply)
      [32m+[0m[0m instance_type                        = "g4dn.xlarge"
      [32m+[0m[0m ipv6_address_count                   = (known after apply)
      [32m+[0m[0m ipv6_addresses                       = (known after apply)
      [32m+[0m[0m key_name                             = "hivemind-poc-deployer"
      [32m+[0m[0m monitoring                           = (known after apply)
      [32m+[0m[0m outpost_arn                          = (known after apply)
      [32m+[0m[0m password_data                        = (known after apply)
      [32m+[0m[0m placement_group                      = (known after apply)
      [32m+[0m[0m placement_partition_number           = (known after apply)
      [32m+[0m[0m primary_network_interface_id         = (known after apply)
      [32m+[0m[0m private_dns                          = (known after apply)
      [32m+[0m[0m private_ip                           = (known after apply)
      [32m+[0m[0m public_dns                           = (known after apply)
      [32m+[0m[0m public_ip                            = (known after apply)
      [32m+[0m[0m secondary_private_ips                = (known after apply)
      [32m+[0m[0m security_groups                      = (known after apply)
      [32m+[0m[0m source_dest_check                    = true
      [32m+[0m[0m spot_instance_request_id             = (known after apply)
      [32m+[0m[0m subnet_id                            = (known after apply)
      [32m+[0m[0m tags                                 = {
          [32m+[0m[0m "Name" = "hivemind-worker-gpu"
          [32m+[0m[0m "Role" = "worker"
        }
      [32m+[0m[0m tags_all                             = {
          [32m+[0m[0m "Name" = "hivemind-worker-gpu"
          [32m+[0m[0m "Role" = "worker"
        }
      [32m+[0m[0m tenancy                              = (known after apply)
      [32m+[0m[0m user_data                            = (sensitive value)
      [32m+[0m[0m user_data_base64                     = (known after apply)
      [32m+[0m[0m user_data_replace_on_change          = false
      [32m+[0m[0m vpc_security_group_ids               = (known after apply)

      [32m+[0m[0m capacity_reservation_specification (known after apply)

      [32m+[0m[0m cpu_options (known after apply)

      [32m+[0m[0m ebs_block_device (known after apply)

      [32m+[0m[0m enclave_options (known after apply)

      [32m+[0m[0m ephemeral_block_device (known after apply)

      [32m+[0m[0m instance_market_options (known after apply)

      [32m+[0m[0m maintenance_options (known after apply)

      [32m+[0m[0m metadata_options (known after apply)

      [32m+[0m[0m network_interface (known after apply)

      [32m+[0m[0m private_dns_name_options (known after apply)

      [32m+[0m[0m root_block_device {
          [32m+[0m[0m delete_on_termination = true
          [32m+[0m[0m device_name           = (known after apply)
          [32m+[0m[0m encrypted             = (known after apply)
          [32m+[0m[0m iops                  = (known after apply)
          [32m+[0m[0m kms_key_id            = (known after apply)
          [32m+[0m[0m tags_all              = (known after apply)
          [32m+[0m[0m throughput            = (known after apply)
          [32m+[0m[0m volume_id             = (known after apply)
          [32m+[0m[0m volume_size           = 100
          [32m+[0m[0m volume_type           = "gp3"
        }
    }

[1m  # aws_key_pair.poc[0m will be created
[0m  [32m+[0m[0m resource "aws_key_pair" "poc" {
      [32m+[0m[0m arn             = (known after apply)
      [32m+[0m[0m fingerprint     = (known after apply)
      [32m+[0m[0m id              = (known after apply)
      [32m+[0m[0m key_name        = "hivemind-poc-deployer"
      [32m+[0m[0m key_name_prefix = (known after apply)
      [32m+[0m[0m key_pair_id     = (known after apply)
      [32m+[0m[0m key_type        = (known after apply)
      [32m+[0m[0m public_key      = "ssh-ed25519 AAAAC3NzaC1lZDI1NTE5AAAAILralVpTQ0tgwve6HyxwiZ0bzY1wymH/lCm91uL5NjcP"
      [32m+[0m[0m tags_all        = (known after apply)
    }

[1m  # aws_security_group.hivemind[0m will be created
[0m  [32m+[0m[0m resource "aws_security_group" "hivemind" {
      [32m+[0m[0m arn                    = (known after apply)
      [32m+[0m[0m description            = "Managed by Terraform"
      [32m+[0m[0m egress                 = [
          [32m+[0m[0m {
              [32m+[0m[0m cidr_blocks      = [
                  [32m+[0m[0m "0.0.0.0/0",
                ]
              [32m+[0m[0m from_port        = 0
              [32m+[0m[0m ipv6_cidr_blocks = []
              [32m+[0m[0m prefix_list_ids  = []
              [32m+[0m[0m protocol         = "-1"
              [32m+[0m[0m security_groups  = []
              [32m+[0m[0m self             = false
              [32m+[0m[0m to_port          = 0
                [90m# (1 unchanged attribute hidden)[0m[0m
            },
        ]
      [32m+[0m[0m id                     = (known after apply)
      [32m+[0m[0m ingress                = [
          [32m+[0m[0m {
              [32m+[0m[0m cidr_blocks      = [
                  [32m+[0m[0m "66.108.102.239/32",
                ]
              [32m+[0m[0m from_port        = 22
              [32m+[0m[0m ipv6_cidr_blocks = []
              [32m+[0m[0m prefix_list_ids  = []
              [32m+[0m[0m protocol         = "tcp"
              [32m+[0m[0m security_groups  = []
              [32m+[0m[0m self             = false
              [32m+[0m[0m to_port          = 22
                [90m# (1 unchanged attribute hidden)[0m[0m
            },
          [32m+[0m[0m {
              [32m+[0m[0m cidr_blocks      = [
                  [32m+[0m[0m "66.108.102.239/32",
                ]
              [32m+[0m[0m from_port        = 8080
              [32m+[0m[0m ipv6_cidr_blocks = []
              [32m+[0m[0m prefix_list_ids  = []
              [32m+[0m[0m protocol         = "tcp"
              [32m+[0m[0m security_groups  = []
              [32m+[0m[0m self             = false
              [32m+[0m[0m to_port          = 8080
                [90m# (1 unchanged attribute hidden)[0m[0m
            },
          [32m+[0m[0m {
              [32m+[0m[0m cidr_blocks      = []
              [32m+[0m[0m from_port        = 8080
              [32m+[0m[0m ipv6_cidr_blocks = []
              [32m+[0m[0m prefix_list_ids  = []
              [32m+[0m[0m protocol         = "tcp"
              [32m+[0m[0m security_groups  = []
              [32m+[0m[0m self             = true
              [32m+[0m[0m to_port          = 9300
                [90m# (1 unchanged attribute hidden)[0m[0m
            },
          [32m+[0m[0m {
              [32m+[0m[0m cidr_blocks      = []
              [32m+[0m[0m from_port        = 9300
              [32m+[0m[0m ipv6_cidr_blocks = []
              [32m+[0m[0m prefix_list_ids  = []
              [32m+[0m[0m protocol         = "udp"
              [32m+[0m[0m security_groups  = []
              [32m+[0m[0m self             = true
              [32m+[0m[0m to_port          = 9300
                [90m# (1 unchanged attribute hidden)[0m[0m
            },
        ]
      [32m+[0m[0m name                   = (known after apply)
      [32m+[0m[0m name_prefix            = "hivemind-poc-"
      [32m+[0m[0m owner_id               = (known after apply)
      [32m+[0m[0m revoke_rules_on_delete = false
      [32m+[0m[0m tags                   = {
          [32m+[0m[0m "Name" = "hivemind-poc"
        }
      [32m+[0m[0m tags_all               = {
          [32m+[0m[0m "Name" = "hivemind-poc"
        }
      [32m+[0m[0m vpc_id                 = (known after apply)
    }

[1mPlan:[0m [0m10 to add, 0 to change, 0 to destroy.

Changes to Outputs:
  [32m+[0m[0m api_url              = (known after apply)
  [32m+[0m[0m dashboard_url        = (known after apply)
  [32m+[0m[0m ecr_repository_name  = "hivemind-poc"
  [32m+[0m[0m ecr_repository_url   = (known after apply)
  [32m+[0m[0m replica_ami          = "ami-098e39bafa7e7303d"
  [32m+[0m[0m replica_ips          = [
      [32m+[0m[0m (known after apply),
      [32m+[0m[0m (known after apply),
      [32m+[0m[0m (known after apply),
      [32m+[0m[0m (known after apply),
      [32m+[0m[0m (known after apply),
    ]
  [32m+[0m[0m replica_public_ips   = [
      [32m+[0m[0m (known after apply),
      [32m+[0m[0m (known after apply),
      [32m+[0m[0m (known after apply),
      [32m+[0m[0m (known after apply),
      [32m+[0m[0m (known after apply),
    ]
  [32m+[0m[0m worker_ami           = "ami-0714f823ff4e72d73"
  [32m+[0m[0m worker_cpu_ip        = (known after apply)
  [32m+[0m[0m worker_cpu_public_ip = (known after apply)
  [32m+[0m[0m worker_gpu_ip        = (known after apply)
  [32m+[0m[0m worker_gpu_public_ip = (known after apply)
[0m[1maws_key_pair.poc: Creating...[0m[0m
[0m[1maws_ecr_repository.workloads: Creating...[0m[0m
[0m[1maws_security_group.hivemind: Creating...[0m[0m
[0m[1maws_key_pair.poc: Creation complete after 0s [id=hivemind-poc-deployer][0m
[0m[1maws_ecr_repository.workloads: Creation complete after 0s [id=hivemind-poc][0m
[0m[1maws_security_group.hivemind: Creation complete after 3s [id=sg-0ea741a63fca7e3b5][0m
[0m[1maws_instance.replica[4]: Creating...[0m[0m
[0m[1maws_instance.worker_gpu: Creating...[0m[0m
[0m[1maws_instance.replica[1]: Creating...[0m[0m
[0m[1maws_instance.worker_cpu: Creating...[0m[0m
[0m[1maws_instance.replica[2]: Creating...[0m[0m
[0m[1maws_instance.replica[3]: Creating...[0m[0m
[0m[1maws_instance.replica[0]: Creating...[0m[0m
[0m[1maws_instance.replica[1]: Still creating... [00m10s elapsed][0m[0m
[0m[1maws_instance.replica[4]: Still creating... [00m10s elapsed][0m[0m
[0m[1maws_instance.worker_gpu: Still creating... [00m10s elapsed][0m[0m
[0m[1maws_instance.replica[3]: Still creating... [00m10s elapsed][0m[0m
[0m[1maws_instance.replica[2]: Still creating... [00m10s elapsed][0m[0m
[0m[1maws_instance.worker_cpu: Still creating... [00m10s elapsed][0m[0m
[0m[1maws_instance.replica[0]: Still creating... [00m10s elapsed][0m[0m
[0m[1maws_instance.replica[2]: Creation complete after 13s [id=i-07b30675eda2a8d4a][0m
[0m[1maws_instance.worker_gpu: Creation complete after 13s [id=i-01eca3d53066b77a5][0m
[0m[1maws_instance.replica[1]: Creation complete after 13s [id=i-086e380fbaa05c434][0m
[0m[1maws_instance.replica[4]: Creation complete after 13s [id=i-06ac199a796d334c8][0m
[0m[1maws_instance.worker_cpu: Creation complete after 13s [id=i-094604b7d13fd79a0][0m
[0m[1maws_instance.replica[3]: Creation complete after 13s [id=i-0edecd12483c9e7f8][0m
[0m[1maws_instance.replica[0]: Creation complete after 13s [id=i-0eed1f09fad11c1f8][0m
[0m[1m[32m
Apply complete! Resources: 10 added, 0 changed, 0 destroyed.[0m
[0m[1m[32m
Outputs:

[0mapi_url = "http://18.232.177.37:8080"
dashboard_url = "http://18.232.177.37:8080/dashboard"
ecr_repository_name = "hivemind-poc"
ecr_repository_url = "288552132534.dkr.ecr.us-east-1.amazonaws.com/hivemind-poc"
replica_ami = "ami-098e39bafa7e7303d"
replica_ips = [
  "172.31.79.55",
  "172.31.70.85",
  "172.31.70.67",
  "172.31.71.31",
  "172.31.76.127",
]
replica_public_ips = [
  "18.232.177.37",
  "3.235.182.45",
  "44.222.106.110",
  "13.222.14.12",
  "98.93.202.140",
]
worker_ami = "ami-0714f823ff4e72d73"
worker_cpu_ip = "172.31.64.67"
worker_cpu_public_ip = "3.236.144.191"
worker_gpu_ip = "172.31.72.198"
worker_gpu_public_ip = "98.92.124.210"
api_url=http://18.232.177.37:8080
replica_public_ips=18.232.177.37,3.235.182.45,44.222.106.110,13.222.14.12,98.93.202.140
worker_cpu_public_ip=3.236.144.191
worker_gpu_public_ip=98.92.124.210
ecr_repository_url=288552132534.dkr.ecr.us-east-1.amazonaws.com/hivemind-poc

=== 2. Build and push workload images ===

WARNING! Your credentials are stored unencrypted in '/Users/elijahrou/.docker/config.json'.
Configure a credential helper to remove this warning. See
https://docs.docker.com/go/credential-store/

DEPRECATED: The legacy builder is deprecated and will be removed in a future release.
            Install the buildx component to build images with BuildKit:
            https://docs.docker.com/go/buildx/

DEPRECATED: The legacy builder is deprecated and will be removed in a future release.
            Install the buildx component to build images with BuildKit:
            https://docs.docker.com/go/buildx/

Logging into ECR in us-east-1...
Login Succeeded
Sending build context to Docker daemon  5.632kB

Step 1/6 : FROM python:3.12-slim
 ---> 46cb7cc2877e
Step 2/6 : WORKDIR /app
 ---> Using cache
 ---> f0b5474cb96f
Step 3/6 : COPY server.py /app/server.py
 ---> Using cache
 ---> e5944a3c210b
Step 4/6 : ENV PORT=8080
 ---> Using cache
 ---> 708c29871712
Step 5/6 : EXPOSE 8080
 ---> Using cache
 ---> ccf181e2a67a
Step 6/6 : CMD ["python", "/app/server.py"]
 ---> Using cache
 ---> 0ef7805101e7
Successfully built 0ef7805101e7
Successfully tagged 288552132534.dkr.ecr.us-east-1.amazonaws.com/hivemind-poc:cpu-poc-20260426203208
Sending build context to Docker daemon  6.144kB

Step 1/6 : FROM pytorch/pytorch:2.4.1-cuda12.4-cudnn9-runtime
 ---> 0a3b9fedefe1
Step 2/6 : WORKDIR /app
 ---> Using cache
 ---> 6a2293c78e1c
Step 3/6 : COPY server.py /app/server.py
 ---> Using cache
 ---> c180a31b6fb2
Step 4/6 : ENV PORT=8080
 ---> Using cache
 ---> 8fbb81e7f819
Step 5/6 : EXPOSE 8080
 ---> Using cache
 ---> 672519f0b3ae
Step 6/6 : CMD ["python", "/app/server.py"]
 ---> Using cache
 ---> a7d6d5d16403
Successfully built a7d6d5d16403
Successfully tagged 288552132534.dkr.ecr.us-east-1.amazonaws.com/hivemind-poc:gpu-poc-20260426203208
The push refers to repository [288552132534.dkr.ecr.us-east-1.amazonaws.com/hivemind-poc]
cb8c0a9140ac: Waiting
3531af2bc2a9: Waiting
3fc9d9ab5045: Waiting
720567a4c908: Waiting
4d873bcef452: Waiting
40cc0faef9f9: Waiting
40cc0faef9f9: Waiting
cb8c0a9140ac: Waiting
3531af2bc2a9: Waiting
3fc9d9ab5045: Waiting
720567a4c908: Waiting
4d873bcef452: Waiting
3fc9d9ab5045: Waiting
720567a4c908: Waiting
4d873bcef452: Waiting
40cc0faef9f9: Waiting
cb8c0a9140ac: Waiting
3531af2bc2a9: Waiting
40cc0faef9f9: Waiting
cb8c0a9140ac: Waiting
3531af2bc2a9: Waiting
3fc9d9ab5045: Waiting
4d873bcef452: Waiting
3fc9d9ab5045: Pushed
720567a4c908: Pushed
40cc0faef9f9: Pushed
cb8c0a9140ac: Pushed
4d873bcef452: Pushed
3531af2bc2a9: Pushed
cpu-poc-20260426203208: digest: sha256:0ef7805101e7df470e42baccddceeddf7959f214d30903c7f8aea65ce1e53cbd size: 1617
The push refers to repository [288552132534.dkr.ecr.us-east-1.amazonaws.com/hivemind-poc]
93b49a9626b7: Waiting
4874c88dd118: Waiting
c8393d760826: Waiting
4f4fb700ef54: Waiting
762bedf4b1b7: Waiting
98388d1e34bc: Waiting
cb00ecd0a8d2: Waiting
cb00ecd0a8d2: Waiting
93b49a9626b7: Waiting
4874c88dd118: Waiting
c8393d760826: Waiting
4f4fb700ef54: Waiting
762bedf4b1b7: Waiting
98388d1e34bc: Waiting
4f4fb700ef54: Waiting
762bedf4b1b7: Waiting
98388d1e34bc: Waiting
cb00ecd0a8d2: Waiting
93b49a9626b7: Waiting
4874c88dd118: Waiting
c8393d760826: Waiting
4f4fb700ef54: Waiting
98388d1e34bc: Pushed
4f4fb700ef54: Pushed
cb00ecd0a8d2: Pushed
4874c88dd118: Pushed
93b49a9626b7: Pushed
762bedf4b1b7: Pushed
c8393d760826: Pushed
gpu-poc-20260426203208: digest: sha256:a7d6d5d16403e1733cf07d130dc4b58242c8658227f07560a989a59d2039b6aa size: 1861
CPU_IMAGE=288552132534.dkr.ecr.us-east-1.amazonaws.com/hivemind-poc:cpu-poc-20260426203208
GPU_IMAGE=288552132534.dkr.ecr.us-east-1.amazonaws.com/hivemind-poc:gpu-poc-20260426203208
image_env=/Users/elijahrou/Projects/hivemind/artifacts/poc-final/00-runbook/images-poc-20260426203208.env

=== 3. Deploy Hivemind binaries/services ===
==> Building Zig replica (linux-x86_64)...
==> Building Rust worker (linux-x86_64)...
    using cargo-zigbuild (cargo-zigbuild 0.22.2, zig 0.16.0)
warning: constant `MSG_REGISTER_ACK` is never used
 --> src/protocol.rs:8:7
  |
8 | const MSG_REGISTER_ACK: u8 = 0x01;
  |       ^^^^^^^^^^^^^^^^
  |
  = note: `#[warn(dead_code)]` (part of `#[warn(unused)]`) on by default

warning: `hivemind-worker` (lib) generated 1 warning
    Finished `release` profile [optimized] target(s) in 0.13s
==> Building Go API (linux-x86_64)...
==> Reading Terraform outputs...
    Replicas: 172.31.79.55 172.31.70.85 172.31.70.67 172.31.71.31 172.31.76.127
    Worker CPU: 172.31.64.67
    Worker GPU: 172.31.72.198
    Peers: 0@172.31.79.55:9102,1@172.31.70.85:9102,2@172.31.70.67:9102,3@172.31.71.31:9102,4@172.31.76.127:9102
    API addrs: 172.31.79.55:9001,172.31.70.85:9001,172.31.70.67:9001,172.31.71.31:9001,172.31.76.127:9001
==> Deploying replica 0 to 18.232.177.37 (172.31.79.55)...
Warning: Permanently added '18.232.177.37' (ED25519) to the list of known hosts.
Warning: Permanently added '18.232.177.37' (ED25519) to the list of known hosts.
Warning: Permanently added '18.232.177.37' (ED25519) to the list of known hosts.
Warning: Permanently added '18.232.177.37' (ED25519) to the list of known hosts.
Warning: Permanently added '18.232.177.37' (ED25519) to the list of known hosts.
Created symlink /etc/systemd/system/multi-user.target.wants/hivemind.service → /etc/systemd/system/hivemind.service.
Created symlink /etc/systemd/system/multi-user.target.wants/hivemind-api.service → /etc/systemd/system/hivemind-api.service.
    replica 0 started
==> Deploying replica 1 to 3.235.182.45 (172.31.70.85)...
Warning: Permanently added '3.235.182.45' (ED25519) to the list of known hosts.
Warning: Permanently added '3.235.182.45' (ED25519) to the list of known hosts.
Warning: Permanently added '3.235.182.45' (ED25519) to the list of known hosts.
Warning: Permanently added '3.235.182.45' (ED25519) to the list of known hosts.
Warning: Permanently added '3.235.182.45' (ED25519) to the list of known hosts.
Created symlink /etc/systemd/system/multi-user.target.wants/hivemind.service → /etc/systemd/system/hivemind.service.
Created symlink /etc/systemd/system/multi-user.target.wants/hivemind-api.service → /etc/systemd/system/hivemind-api.service.
    replica 1 started
==> Deploying replica 2 to 44.222.106.110 (172.31.70.67)...
Warning: Permanently added '44.222.106.110' (ED25519) to the list of known hosts.
Warning: Permanently added '44.222.106.110' (ED25519) to the list of known hosts.
Warning: Permanently added '44.222.106.110' (ED25519) to the list of known hosts.
Warning: Permanently added '44.222.106.110' (ED25519) to the list of known hosts.
Warning: Permanently added '44.222.106.110' (ED25519) to the list of known hosts.
Created symlink /etc/systemd/system/multi-user.target.wants/hivemind.service → /etc/systemd/system/hivemind.service.
Created symlink /etc/systemd/system/multi-user.target.wants/hivemind-api.service → /etc/systemd/system/hivemind-api.service.
    replica 2 started
==> Deploying replica 3 to 13.222.14.12 (172.31.71.31)...
Warning: Permanently added '13.222.14.12' (ED25519) to the list of known hosts.
Warning: Permanently added '13.222.14.12' (ED25519) to the list of known hosts.
Warning: Permanently added '13.222.14.12' (ED25519) to the list of known hosts.
Warning: Permanently added '13.222.14.12' (ED25519) to the list of known hosts.
Warning: Permanently added '13.222.14.12' (ED25519) to the list of known hosts.
Created symlink /etc/systemd/system/multi-user.target.wants/hivemind.service → /etc/systemd/system/hivemind.service.
Created symlink /etc/systemd/system/multi-user.target.wants/hivemind-api.service → /etc/systemd/system/hivemind-api.service.
    replica 3 started
==> Deploying replica 4 to 98.93.202.140 (172.31.76.127)...
Warning: Permanently added '98.93.202.140' (ED25519) to the list of known hosts.
Warning: Permanently added '98.93.202.140' (ED25519) to the list of known hosts.
Warning: Permanently added '98.93.202.140' (ED25519) to the list of known hosts.
Warning: Permanently added '98.93.202.140' (ED25519) to the list of known hosts.
Warning: Permanently added '98.93.202.140' (ED25519) to the list of known hosts.
Created symlink /etc/systemd/system/multi-user.target.wants/hivemind.service → /etc/systemd/system/hivemind.service.
Created symlink /etc/systemd/system/multi-user.target.wants/hivemind-api.service → /etc/systemd/system/hivemind-api.service.
    replica 4 started
==> Waiting 10s for leader election...
==> Deploying worker (cpu) to 3.236.144.191...
Warning: Permanently added '3.236.144.191' (ED25519) to the list of known hosts.
Warning: Permanently added '3.236.144.191' (ED25519) to the list of known hosts.
Warning: Permanently added '3.236.144.191' (ED25519) to the list of known hosts.
Warning: Permanently added '3.236.144.191' (ED25519) to the list of known hosts.
Created symlink /etc/systemd/system/multi-user.target.wants/hivemind-worker.service → /etc/systemd/system/hivemind-worker.service.
    worker (cpu) started
==> Deploying worker (gpu) to 98.92.124.210...
Warning: Permanently added '98.92.124.210' (ED25519) to the list of known hosts.
Warning: Permanently added '98.92.124.210' (ED25519) to the list of known hosts.
Warning: Permanently added '98.92.124.210' (ED25519) to the list of known hosts.
Warning: Permanently added '98.92.124.210' (ED25519) to the list of known hosts.
Created symlink /etc/systemd/system/multi-user.target.wants/hivemind-worker.service → /etc/systemd/system/hivemind-worker.service.
    worker (gpu) started

=== POC Deployment Complete ===
Replica IPs:  18.232.177.37 3.235.182.45 44.222.106.110 13.222.14.12 98.93.202.140
Worker CPU:    3.236.144.191
Worker GPU:    98.92.124.210
API:          http://18.232.177.37:8080/v1/health
Dashboard:    http://18.232.177.37:8080/dashboard
Smoke:        ./smoke-test.sh http://18.232.177.37:8080 --gpu-worker 98.92.124.210 --ssh-key /Users/elijahrou/.ssh/id_ed25519 --gpu-type t4

=== 4. Preload workload images into Hivemind workers ===
preload_image worker=3.236.144.191 label=cpu-on-cpu image=288552132534.dkr.ecr.us-east-1.amazonaws.com/hivemind-poc:cpu-poc-20260426203208
Warning: Permanently added '3.236.144.191' (ED25519) to the list of known hosts.
time="2026-04-27T00:46:50Z" level=warning msg="DEPRECATION: The `otlp` property of `[plugins.\"io.containerd.tracing.processor.v1\".otlp]` is deprecated since containerd v1.6 and will be removed in containerd v2.0.Use OTLP environment variables instead: https://opentelemetry.io/docs/specs/otel/protocol/exporter/"
time="2026-04-27T00:46:50Z" level=warning msg="DEPRECATION: The `tracing` property of `[plugins.\"io.containerd.internal.v1\".tracing]` is deprecated since containerd v1.6 and will be removed in containerd v2.0.Use OTEL environment variables instead: https://opentelemetry.io/docs/specs/otel/configuration/sdk-environment-variables/"
Warning: Permanently added '3.236.144.191' (ED25519) to the list of known hosts.
time="2026-04-27T00:46:51Z" level=warning msg="DEPRECATION: The `otlp` property of `[plugins.\"io.containerd.tracing.processor.v1\".otlp]` is deprecated since containerd v1.6 and will be removed in containerd v2.0.Use OTLP environment variables instead: https://opentelemetry.io/docs/specs/otel/protocol/exporter/"
time="2026-04-27T00:46:51Z" level=warning msg="DEPRECATION: The `tracing` property of `[plugins.\"io.containerd.internal.v1\".tracing]` is deprecated since containerd v1.6 and will be removed in containerd v2.0.Use OTEL environment variables instead: https://opentelemetry.io/docs/specs/otel/configuration/sdk-environment-variables/"
288552132534.dkr.ecr.us-east-1.amazonaws.com/hivemind-poc:cpu-poc-20260426203208
preload_image worker=98.92.124.210 label=cpu-on-gpu image=288552132534.dkr.ecr.us-east-1.amazonaws.com/hivemind-poc:cpu-poc-20260426203208
Warning: Permanently added '98.92.124.210' (ED25519) to the list of known hosts.
time="2026-04-27T00:47:05Z" level=warning msg="DEPRECATION: The `otlp` property of `[plugins.\"io.containerd.tracing.processor.v1\".otlp]` is deprecated since containerd v1.6 and will be removed in containerd v2.0.Use OTLP environment variables instead: https://opentelemetry.io/docs/specs/otel/protocol/exporter/"
time="2026-04-27T00:47:05Z" level=warning msg="DEPRECATION: The `tracing` property of `[plugins.\"io.containerd.internal.v1\".tracing]` is deprecated since containerd v1.6 and will be removed in containerd v2.0.Use OTEL environment variables instead: https://opentelemetry.io/docs/specs/otel/configuration/sdk-environment-variables/"
Warning: Permanently added '98.92.124.210' (ED25519) to the list of known hosts.
time="2026-04-27T00:47:06Z" level=warning msg="DEPRECATION: The `otlp` property of `[plugins.\"io.containerd.tracing.processor.v1\".otlp]` is deprecated since containerd v1.6 and will be removed in containerd v2.0.Use OTLP environment variables instead: https://opentelemetry.io/docs/specs/otel/protocol/exporter/"
time="2026-04-27T00:47:06Z" level=warning msg="DEPRECATION: The `tracing` property of `[plugins.\"io.containerd.internal.v1\".tracing]` is deprecated since containerd v1.6 and will be removed in containerd v2.0.Use OTEL environment variables instead: https://opentelemetry.io/docs/specs/otel/configuration/sdk-environment-variables/"
288552132534.dkr.ecr.us-east-1.amazonaws.com/hivemind-poc:cpu-poc-20260426203208
preload_image worker=98.92.124.210 label=gpu-on-gpu image=288552132534.dkr.ecr.us-east-1.amazonaws.com/hivemind-poc:gpu-poc-20260426203208
Warning: Permanently added '98.92.124.210' (ED25519) to the list of known hosts.
time="2026-04-27T01:01:51Z" level=warning msg="DEPRECATION: The `otlp` property of `[plugins.\"io.containerd.tracing.processor.v1\".otlp]` is deprecated since containerd v1.6 and will be removed in containerd v2.0.Use OTLP environment variables instead: https://opentelemetry.io/docs/specs/otel/protocol/exporter/"
time="2026-04-27T01:01:51Z" level=warning msg="DEPRECATION: The `tracing` property of `[plugins.\"io.containerd.internal.v1\".tracing]` is deprecated since containerd v1.6 and will be removed in containerd v2.0.Use OTEL environment variables instead: https://opentelemetry.io/docs/specs/otel/configuration/sdk-environment-variables/"
Warning: Permanently added '98.92.124.210' (ED25519) to the list of known hosts.
time="2026-04-27T01:01:52Z" level=warning msg="DEPRECATION: The `otlp` property of `[plugins.\"io.containerd.tracing.processor.v1\".otlp]` is deprecated since containerd v1.6 and will be removed in containerd v2.0.Use OTLP environment variables instead: https://opentelemetry.io/docs/specs/otel/protocol/exporter/"
time="2026-04-27T01:01:52Z" level=warning msg="DEPRECATION: The `tracing` property of `[plugins.\"io.containerd.internal.v1\".tracing]` is deprecated since containerd v1.6 and will be removed in containerd v2.0.Use OTEL environment variables instead: https://opentelemetry.io/docs/specs/otel/configuration/sdk-environment-variables/"
288552132534.dkr.ecr.us-east-1.amazonaws.com/hivemind-poc:gpu-poc-20260426203208

=== 5. Fresh Hivemind smoke ===
=== Hivemind POC Smoke Test ===
API: http://18.232.177.37:8080
GPU worker: 98.92.124.210 (t4)

[1/11] Health check...
  PASS: health endpoint responds
[2/11] Dashboard check...
  PASS: dashboard returns 200
[3/11] Cluster state...
  PASS: cluster section renders
[4/11] Nodes check...
  PASS: nodes section renders
  PASS: gpu node visible
[5/11] Workers check...
  PASS: workers section renders
  PASS: gpu worker visible
[6/11] Remote GPU checks...
  PASS: gpu worker has nvidia-smi (attempt 1)
  PASS: gpu worker has containerd (attempt 1)
[7/11] Create CPU deployment...
  PASS: cpu deployment created
    Response: {"id":11177516664432764457,"name":"smoke-cpu-1777251712-42218"}
    waiting for cpu deployment on dashboard...
  PASS: cpu deployment visible (attempt 1)
    waiting... (1/24)
  PASS: cpu deployment ready (attempt 2)
  PASS: cpu run request echoes payload (attempt 1)
[8/11] Create GPU deployment...
  PASS: gpu deployment created
    Response: {"id":9659130143999365733,"name":"smoke-gpu-1777251712-42218"}
    waiting for gpu deployment on dashboard...
  PASS: gpu deployment visible (attempt 1)
    waiting... (1/24)
  PASS: gpu deployment ready (attempt 2)
  PASS: gpu run request echoes payload (attempt 1)
[9/11] Remote GPU runtime proof...
  PASS: gpu worker task list has hivemind pod (attempt 1)
  PASS: gpu worker container uses nvidia runtime (attempt 1)
[10/11] Deployments check...
  PASS: cpu deployment listed
  PASS: gpu deployment listed
[11/11] Pods check...
  PASS: pods section renders

=== Results: 22 passed, 0 failed ===

=== 6. Section 3 real workload validation ===
{"id":11693034620340510321,"name":"poc-cpu-1777251727"}
waiting: poc-cpu-1777251727 attempt=1/36
waiting: poc-cpu-1777251727 attempt=2/36
waiting: poc-cpu-1777251727 attempt=3/36
waiting: poc-cpu-1777251727 attempt=4/36
waiting: poc-cpu-1777251727 attempt=5/36
waiting: poc-cpu-1777251727 attempt=6/36
ready: poc-cpu-1777251727 attempt=7
run ready: poc-cpu-1777251727 attempt=1
run ready: poc-cpu-1777251727 attempt=1
{"id":9024654201992055039,"name":"poc-gpu-1777251727"}
waiting: poc-gpu-1777251727 attempt=1/60
ready: poc-gpu-1777251727 attempt=2
run ready: poc-gpu-1777251727 attempt=1
run ready: poc-gpu-1777251727 attempt=1
CPU_DEPLOYMENT_ID=11693034620340510321
GPU_DEPLOYMENT_ID=9024654201992055039
evidence=/Users/elijahrou/Projects/hivemind/artifacts/poc-final/04-workloads

=== 7. Section 4 operator workflow proof ===
skip operator workflow

=== 8. Section 5 failure drills ===
skip failure drills

=== 9. Optional isolated EKS baseline ===
skip EKS baseline. Set RUN_EKS=true to run it.

=== 10. Teardown plan ===
teardown requested; exit trap will run scripts/poc-teardown.sh

=== Runbook complete ===
log=/Users/elijahrou/Projects/hivemind/artifacts/poc-final/00-runbook/runbook-poc-20260426203208.log
artifacts=/Users/elijahrou/Projects/hivemind/artifacts/poc-final

=== Exit teardown ===

=== Destroy isolated EKS baseline ===
[0m[1mInitializing the backend...[0m
[0m[1mInitializing provider plugins...[0m
- Reusing previous version of hashicorp/aws from the dependency lock file
- Using previously-installed hashicorp/aws v5.100.0

[0m[1m[32mTerraform has been successfully initialized![0m[32m[0m
[0m[32m
You may now begin working with Terraform. Try running "terraform plan" to see
any changes that are required for your infrastructure. All Terraform commands
should now work.

If you ever set or change modules or backend configuration for Terraform,
rerun this command to reinitialize your working directory. If you forget, other
commands will detect it and remind you to do so if necessary.[0m

[0m[1m[32mNo changes.[0m[1m No objects need to be destroyed.[0m

[0mEither you have not created any objects yet or the existing objects were
already deleted outside of Terraform.
[0m[1m[32m
Destroy complete! Resources: 0 destroyed.[0m

=== Destroy isolated Hivemind POC infra ===
[0m[1mInitializing the backend...[0m
[0m[1mInitializing provider plugins...[0m
- Reusing previous version of hashicorp/aws from the dependency lock file
- Using previously-installed hashicorp/aws v5.100.0

[0m[1m[32mTerraform has been successfully initialized![0m[32m[0m
[0m[32m
You may now begin working with Terraform. Try running "terraform plan" to see
any changes that are required for your infrastructure. All Terraform commands
should now work.

If you ever set or change modules or backend configuration for Terraform,
rerun this command to reinitialize your working directory. If you forget, other
commands will detect it and remind you to do so if necessary.[0m
[0m[1maws_key_pair.poc: Refreshing state... [id=hivemind-poc-deployer][0m
[0m[1maws_ecr_repository.workloads: Refreshing state... [id=hivemind-poc][0m
[0m[1maws_security_group.hivemind: Refreshing state... [id=sg-0ea741a63fca7e3b5][0m
[0m[1maws_instance.worker_cpu: Refreshing state... [id=i-094604b7d13fd79a0][0m
[0m[1maws_instance.worker_gpu: Refreshing state... [id=i-01eca3d53066b77a5][0m
[0m[1maws_instance.replica[3]: Refreshing state... [id=i-0edecd12483c9e7f8][0m
[0m[1maws_instance.replica[4]: Refreshing state... [id=i-06ac199a796d334c8][0m
[0m[1maws_instance.replica[2]: Refreshing state... [id=i-07b30675eda2a8d4a][0m
[0m[1maws_instance.replica[1]: Refreshing state... [id=i-086e380fbaa05c434][0m
[0m[1maws_instance.replica[0]: Refreshing state... [id=i-0eed1f09fad11c1f8][0m

Terraform used the selected providers to generate the following execution
plan. Resource actions are indicated with the following symbols:
  [31m-[0m destroy[0m

Terraform will perform the following actions:

[1m  # aws_ecr_repository.workloads[0m will be [1m[31mdestroyed[0m
[0m  [31m-[0m[0m resource "aws_ecr_repository" "workloads" {
      [31m-[0m[0m arn                  = "arn:aws:ecr:us-east-1:288552132534:repository/hivemind-poc" [90m-> null[0m[0m
      [31m-[0m[0m force_delete         = true [90m-> null[0m[0m
      [31m-[0m[0m id                   = "hivemind-poc" [90m-> null[0m[0m
      [31m-[0m[0m image_tag_mutability = "MUTABLE" [90m-> null[0m[0m
      [31m-[0m[0m name                 = "hivemind-poc" [90m-> null[0m[0m
      [31m-[0m[0m registry_id          = "288552132534" [90m-> null[0m[0m
      [31m-[0m[0m repository_url       = "288552132534.dkr.ecr.us-east-1.amazonaws.com/hivemind-poc" [90m-> null[0m[0m
      [31m-[0m[0m tags                 = {
          [31m-[0m[0m "Name" = "hivemind-poc-workloads"
        } [90m-> null[0m[0m
      [31m-[0m[0m tags_all             = {
          [31m-[0m[0m "Name" = "hivemind-poc-workloads"
        } [90m-> null[0m[0m

      [31m-[0m[0m encryption_configuration {
          [31m-[0m[0m encryption_type = "AES256" [90m-> null[0m[0m
            [90m# (1 unchanged attribute hidden)[0m[0m
        }

      [31m-[0m[0m image_scanning_configuration {
          [31m-[0m[0m scan_on_push = false [90m-> null[0m[0m
        }
    }

[1m  # aws_instance.replica[0][0m will be [1m[31mdestroyed[0m
[0m  [31m-[0m[0m resource "aws_instance" "replica" {
      [31m-[0m[0m ami                                  = "ami-098e39bafa7e7303d" [90m-> null[0m[0m
      [31m-[0m[0m arn                                  = "arn:aws:ec2:us-east-1:288552132534:instance/i-0eed1f09fad11c1f8" [90m-> null[0m[0m
      [31m-[0m[0m associate_public_ip_address          = true [90m-> null[0m[0m
      [31m-[0m[0m availability_zone                    = "us-east-1f" [90m-> null[0m[0m
      [31m-[0m[0m cpu_core_count                       = 2 [90m-> null[0m[0m
      [31m-[0m[0m cpu_threads_per_core                 = 2 [90m-> null[0m[0m
      [31m-[0m[0m disable_api_stop                     = false [90m-> null[0m[0m
      [31m-[0m[0m disable_api_termination              = false [90m-> null[0m[0m
      [31m-[0m[0m ebs_optimized                        = false [90m-> null[0m[0m
      [31m-[0m[0m get_password_data                    = false [90m-> null[0m[0m
      [31m-[0m[0m hibernation                          = false [90m-> null[0m[0m
      [31m-[0m[0m id                                   = "i-0eed1f09fad11c1f8" [90m-> null[0m[0m
      [31m-[0m[0m instance_initiated_shutdown_behavior = "stop" [90m-> null[0m[0m
      [31m-[0m[0m instance_state                       = "running" [90m-> null[0m[0m
      [31m-[0m[0m instance_type                        = "c5.xlarge" [90m-> null[0m[0m
      [31m-[0m[0m ipv6_address_count                   = 0 [90m-> null[0m[0m
      [31m-[0m[0m ipv6_addresses                       = [] [90m-> null[0m[0m
      [31m-[0m[0m key_name                             = "hivemind-poc-deployer" [90m-> null[0m[0m
      [31m-[0m[0m monitoring                           = false [90m-> null[0m[0m
      [31m-[0m[0m placement_partition_number           = 0 [90m-> null[0m[0m
      [31m-[0m[0m primary_network_interface_id         = "eni-037526db0878b7a07" [90m-> null[0m[0m
      [31m-[0m[0m private_dns                          = "ip-172-31-79-55.ec2.internal" [90m-> null[0m[0m
      [31m-[0m[0m private_ip                           = "172.31.79.55" [90m-> null[0m[0m
      [31m-[0m[0m public_dns                           = "ec2-18-232-177-37.compute-1.amazonaws.com" [90m-> null[0m[0m
      [31m-[0m[0m public_ip                            = "18.232.177.37" [90m-> null[0m[0m
      [31m-[0m[0m secondary_private_ips                = [] [90m-> null[0m[0m
      [31m-[0m[0m security_groups                      = [
          [31m-[0m[0m "hivemind-poc-20260427003213532600000001",
        ] [90m-> null[0m[0m
      [31m-[0m[0m source_dest_check                    = true [90m-> null[0m[0m
      [31m-[0m[0m subnet_id                            = "subnet-89d4f687" [90m-> null[0m[0m
      [31m-[0m[0m tags                                 = {
          [31m-[0m[0m "Name" = "hivemind-replica-0"
          [31m-[0m[0m "Role" = "replica"
        } [90m-> null[0m[0m
      [31m-[0m[0m tags_all                             = {
          [31m-[0m[0m "Name" = "hivemind-replica-0"
          [31m-[0m[0m "Role" = "replica"
        } [90m-> null[0m[0m
      [31m-[0m[0m tenancy                              = "default" [90m-> null[0m[0m
      [31m-[0m[0m user_data                            = (sensitive value) [90m-> null[0m[0m
      [31m-[0m[0m user_data_replace_on_change          = false [90m-> null[0m[0m
      [31m-[0m[0m vpc_security_group_ids               = [
          [31m-[0m[0m "sg-0ea741a63fca7e3b5",
        ] [90m-> null[0m[0m
        [90m# (7 unchanged attributes hidden)[0m[0m

      [31m-[0m[0m capacity_reservation_specification {
          [31m-[0m[0m capacity_reservation_preference = "open" [90m-> null[0m[0m
        }

      [31m-[0m[0m cpu_options {
          [31m-[0m[0m core_count       = 2 [90m-> null[0m[0m
          [31m-[0m[0m threads_per_core = 2 [90m-> null[0m[0m
            [90m# (1 unchanged attribute hidden)[0m[0m
        }

      [31m-[0m[0m enclave_options {
          [31m-[0m[0m enabled = false [90m-> null[0m[0m
        }

      [31m-[0m[0m maintenance_options {
          [31m-[0m[0m auto_recovery = "default" [90m-> null[0m[0m
        }

      [31m-[0m[0m metadata_options {
          [31m-[0m[0m http_endpoint               = "enabled" [90m-> null[0m[0m
          [31m-[0m[0m http_protocol_ipv6          = "disabled" [90m-> null[0m[0m
          [31m-[0m[0m http_put_response_hop_limit = 2 [90m-> null[0m[0m
          [31m-[0m[0m http_tokens                 = "required" [90m-> null[0m[0m
          [31m-[0m[0m instance_metadata_tags      = "disabled" [90m-> null[0m[0m
        }

      [31m-[0m[0m private_dns_name_options {
          [31m-[0m[0m enable_resource_name_dns_a_record    = false [90m-> null[0m[0m
          [31m-[0m[0m enable_resource_name_dns_aaaa_record = false [90m-> null[0m[0m
          [31m-[0m[0m hostname_type                        = "ip-name" [90m-> null[0m[0m
        }

      [31m-[0m[0m root_block_device {
          [31m-[0m[0m delete_on_termination = true [90m-> null[0m[0m
          [31m-[0m[0m device_name           = "/dev/xvda" [90m-> null[0m[0m
          [31m-[0m[0m encrypted             = false [90m-> null[0m[0m
          [31m-[0m[0m iops                  = 3000 [90m-> null[0m[0m
          [31m-[0m[0m tags                  = {} [90m-> null[0m[0m
          [31m-[0m[0m tags_all              = {} [90m-> null[0m[0m
          [31m-[0m[0m throughput            = 125 [90m-> null[0m[0m
          [31m-[0m[0m volume_id             = "vol-05df23ad6e2fe1705" [90m-> null[0m[0m
          [31m-[0m[0m volume_size           = 50 [90m-> null[0m[0m
          [31m-[0m[0m volume_type           = "gp3" [90m-> null[0m[0m
            [90m# (1 unchanged attribute hidden)[0m[0m
        }
    }

[1m  # aws_instance.replica[1][0m will be [1m[31mdestroyed[0m
[0m  [31m-[0m[0m resource "aws_instance" "replica" {
      [31m-[0m[0m ami                                  = "ami-098e39bafa7e7303d" [90m-> null[0m[0m
      [31m-[0m[0m arn                                  = "arn:aws:ec2:us-east-1:288552132534:instance/i-086e380fbaa05c434" [90m-> null[0m[0m
      [31m-[0m[0m associate_public_ip_address          = true [90m-> null[0m[0m
      [31m-[0m[0m availability_zone                    = "us-east-1f" [90m-> null[0m[0m
      [31m-[0m[0m cpu_core_count                       = 2 [90m-> null[0m[0m
      [31m-[0m[0m cpu_threads_per_core                 = 2 [90m-> null[0m[0m
      [31m-[0m[0m disable_api_stop                     = false [90m-> null[0m[0m
      [31m-[0m[0m disable_api_termination              = false [90m-> null[0m[0m
      [31m-[0m[0m ebs_optimized                        = false [90m-> null[0m[0m
      [31m-[0m[0m get_password_data                    = false [90m-> null[0m[0m
      [31m-[0m[0m hibernation                          = false [90m-> null[0m[0m
      [31m-[0m[0m id                                   = "i-086e380fbaa05c434" [90m-> null[0m[0m
      [31m-[0m[0m instance_initiated_shutdown_behavior = "stop" [90m-> null[0m[0m
      [31m-[0m[0m instance_state                       = "running" [90m-> null[0m[0m
      [31m-[0m[0m instance_type                        = "c5.xlarge" [90m-> null[0m[0m
      [31m-[0m[0m ipv6_address_count                   = 0 [90m-> null[0m[0m
      [31m-[0m[0m ipv6_addresses                       = [] [90m-> null[0m[0m
      [31m-[0m[0m key_name                             = "hivemind-poc-deployer" [90m-> null[0m[0m
      [31m-[0m[0m monitoring                           = false [90m-> null[0m[0m
      [31m-[0m[0m placement_partition_number           = 0 [90m-> null[0m[0m
      [31m-[0m[0m primary_network_interface_id         = "eni-07898225e03ec966f" [90m-> null[0m[0m
      [31m-[0m[0m private_dns                          = "ip-172-31-70-85.ec2.internal" [90m-> null[0m[0m
      [31m-[0m[0m private_ip                           = "172.31.70.85" [90m-> null[0m[0m
      [31m-[0m[0m public_dns                           = "ec2-3-235-182-45.compute-1.amazonaws.com" [90m-> null[0m[0m
      [31m-[0m[0m public_ip                            = "3.235.182.45" [90m-> null[0m[0m
      [31m-[0m[0m secondary_private_ips                = [] [90m-> null[0m[0m
      [31m-[0m[0m security_groups                      = [
          [31m-[0m[0m "hivemind-poc-20260427003213532600000001",
        ] [90m-> null[0m[0m
      [31m-[0m[0m source_dest_check                    = true [90m-> null[0m[0m
      [31m-[0m[0m subnet_id                            = "subnet-89d4f687" [90m-> null[0m[0m
      [31m-[0m[0m tags                                 = {
          [31m-[0m[0m "Name" = "hivemind-replica-1"
          [31m-[0m[0m "Role" = "replica"
        } [90m-> null[0m[0m
      [31m-[0m[0m tags_all                             = {
          [31m-[0m[0m "Name" = "hivemind-replica-1"
          [31m-[0m[0m "Role" = "replica"
        } [90m-> null[0m[0m
      [31m-[0m[0m tenancy                              = "default" [90m-> null[0m[0m
      [31m-[0m[0m user_data                            = (sensitive value) [90m-> null[0m[0m
      [31m-[0m[0m user_data_replace_on_change          = false [90m-> null[0m[0m
      [31m-[0m[0m vpc_security_group_ids               = [
          [31m-[0m[0m "sg-0ea741a63fca7e3b5",
        ] [90m-> null[0m[0m
        [90m# (7 unchanged attributes hidden)[0m[0m

      [31m-[0m[0m capacity_reservation_specification {
          [31m-[0m[0m capacity_reservation_preference = "open" [90m-> null[0m[0m
        }

      [31m-[0m[0m cpu_options {
          [31m-[0m[0m core_count       = 2 [90m-> null[0m[0m
          [31m-[0m[0m threads_per_core = 2 [90m-> null[0m[0m
            [90m# (1 unchanged attribute hidden)[0m[0m
        }

      [31m-[0m[0m enclave_options {
          [31m-[0m[0m enabled = false [90m-> null[0m[0m
        }

      [31m-[0m[0m maintenance_options {
          [31m-[0m[0m auto_recovery = "default" [90m-> null[0m[0m
        }

      [31m-[0m[0m metadata_options {
          [31m-[0m[0m http_endpoint               = "enabled" [90m-> null[0m[0m
          [31m-[0m[0m http_protocol_ipv6          = "disabled" [90m-> null[0m[0m
          [31m-[0m[0m http_put_response_hop_limit = 2 [90m-> null[0m[0m
          [31m-[0m[0m http_tokens                 = "required" [90m-> null[0m[0m
          [31m-[0m[0m instance_metadata_tags      = "disabled" [90m-> null[0m[0m
        }

      [31m-[0m[0m private_dns_name_options {
          [31m-[0m[0m enable_resource_name_dns_a_record    = false [90m-> null[0m[0m
          [31m-[0m[0m enable_resource_name_dns_aaaa_record = false [90m-> null[0m[0m
          [31m-[0m[0m hostname_type                        = "ip-name" [90m-> null[0m[0m
        }

      [31m-[0m[0m root_block_device {
          [31m-[0m[0m delete_on_termination = true [90m-> null[0m[0m
          [31m-[0m[0m device_name           = "/dev/xvda" [90m-> null[0m[0m
          [31m-[0m[0m encrypted             = false [90m-> null[0m[0m
          [31m-[0m[0m iops                  = 3000 [90m-> null[0m[0m
          [31m-[0m[0m tags                  = {} [90m-> null[0m[0m
          [31m-[0m[0m tags_all              = {} [90m-> null[0m[0m
          [31m-[0m[0m throughput            = 125 [90m-> null[0m[0m
          [31m-[0m[0m volume_id             = "vol-09d4ab0e099c06ea5" [90m-> null[0m[0m
          [31m-[0m[0m volume_size           = 50 [90m-> null[0m[0m
          [31m-[0m[0m volume_type           = "gp3" [90m-> null[0m[0m
            [90m# (1 unchanged attribute hidden)[0m[0m
        }
    }

[1m  # aws_instance.replica[2][0m will be [1m[31mdestroyed[0m
[0m  [31m-[0m[0m resource "aws_instance" "replica" {
      [31m-[0m[0m ami                                  = "ami-098e39bafa7e7303d" [90m-> null[0m[0m
      [31m-[0m[0m arn                                  = "arn:aws:ec2:us-east-1:288552132534:instance/i-07b30675eda2a8d4a" [90m-> null[0m[0m
      [31m-[0m[0m associate_public_ip_address          = true [90m-> null[0m[0m
      [31m-[0m[0m availability_zone                    = "us-east-1f" [90m-> null[0m[0m
      [31m-[0m[0m cpu_core_count                       = 2 [90m-> null[0m[0m
      [31m-[0m[0m cpu_threads_per_core                 = 2 [90m-> null[0m[0m
      [31m-[0m[0m disable_api_stop                     = false [90m-> null[0m[0m
      [31m-[0m[0m disable_api_termination              = false [90m-> null[0m[0m
      [31m-[0m[0m ebs_optimized                        = false [90m-> null[0m[0m
      [31m-[0m[0m get_password_data                    = false [90m-> null[0m[0m
      [31m-[0m[0m hibernation                          = false [90m-> null[0m[0m
      [31m-[0m[0m id                                   = "i-07b30675eda2a8d4a" [90m-> null[0m[0m
      [31m-[0m[0m instance_initiated_shutdown_behavior = "stop" [90m-> null[0m[0m
      [31m-[0m[0m instance_state                       = "running" [90m-> null[0m[0m
      [31m-[0m[0m instance_type                        = "c5.xlarge" [90m-> null[0m[0m
      [31m-[0m[0m ipv6_address_count                   = 0 [90m-> null[0m[0m
      [31m-[0m[0m ipv6_addresses                       = [] [90m-> null[0m[0m
      [31m-[0m[0m key_name                             = "hivemind-poc-deployer" [90m-> null[0m[0m
      [31m-[0m[0m monitoring                           = false [90m-> null[0m[0m
      [31m-[0m[0m placement_partition_number           = 0 [90m-> null[0m[0m
      [31m-[0m[0m primary_network_interface_id         = "eni-0100b2b5c8667c7d6" [90m-> null[0m[0m
      [31m-[0m[0m private_dns                          = "ip-172-31-70-67.ec2.internal" [90m-> null[0m[0m
      [31m-[0m[0m private_ip                           = "172.31.70.67" [90m-> null[0m[0m
      [31m-[0m[0m public_dns                           = "ec2-44-222-106-110.compute-1.amazonaws.com" [90m-> null[0m[0m
      [31m-[0m[0m public_ip                            = "44.222.106.110" [90m-> null[0m[0m
      [31m-[0m[0m secondary_private_ips                = [] [90m-> null[0m[0m
      [31m-[0m[0m security_groups                      = [
          [31m-[0m[0m "hivemind-poc-20260427003213532600000001",
        ] [90m-> null[0m[0m
      [31m-[0m[0m source_dest_check                    = true [90m-> null[0m[0m
      [31m-[0m[0m subnet_id                            = "subnet-89d4f687" [90m-> null[0m[0m
      [31m-[0m[0m tags                                 = {
          [31m-[0m[0m "Name" = "hivemind-replica-2"
          [31m-[0m[0m "Role" = "replica"
        } [90m-> null[0m[0m
      [31m-[0m[0m tags_all                             = {
          [31m-[0m[0m "Name" = "hivemind-replica-2"
          [31m-[0m[0m "Role" = "replica"
        } [90m-> null[0m[0m
      [31m-[0m[0m tenancy                              = "default" [90m-> null[0m[0m
      [31m-[0m[0m user_data                            = (sensitive value) [90m-> null[0m[0m
      [31m-[0m[0m user_data_replace_on_change          = false [90m-> null[0m[0m
      [31m-[0m[0m vpc_security_group_ids               = [
          [31m-[0m[0m "sg-0ea741a63fca7e3b5",
        ] [90m-> null[0m[0m
        [90m# (7 unchanged attributes hidden)[0m[0m

      [31m-[0m[0m capacity_reservation_specification {
          [31m-[0m[0m capacity_reservation_preference = "open" [90m-> null[0m[0m
        }

      [31m-[0m[0m cpu_options {
          [31m-[0m[0m core_count       = 2 [90m-> null[0m[0m
          [31m-[0m[0m threads_per_core = 2 [90m-> null[0m[0m
            [90m# (1 unchanged attribute hidden)[0m[0m
        }

      [31m-[0m[0m enclave_options {
          [31m-[0m[0m enabled = false [90m-> null[0m[0m
        }

      [31m-[0m[0m maintenance_options {
          [31m-[0m[0m auto_recovery = "default" [90m-> null[0m[0m
        }

      [31m-[0m[0m metadata_options {
          [31m-[0m[0m http_endpoint               = "enabled" [90m-> null[0m[0m
          [31m-[0m[0m http_protocol_ipv6          = "disabled" [90m-> null[0m[0m
          [31m-[0m[0m http_put_response_hop_limit = 2 [90m-> null[0m[0m
          [31m-[0m[0m http_tokens                 = "required" [90m-> null[0m[0m
          [31m-[0m[0m instance_metadata_tags      = "disabled" [90m-> null[0m[0m
        }

      [31m-[0m[0m private_dns_name_options {
          [31m-[0m[0m enable_resource_name_dns_a_record    = false [90m-> null[0m[0m
          [31m-[0m[0m enable_resource_name_dns_aaaa_record = false [90m-> null[0m[0m
          [31m-[0m[0m hostname_type                        = "ip-name" [90m-> null[0m[0m
        }

      [31m-[0m[0m root_block_device {
          [31m-[0m[0m delete_on_termination = true [90m-> null[0m[0m
          [31m-[0m[0m device_name           = "/dev/xvda" [90m-> null[0m[0m
          [31m-[0m[0m encrypted             = false [90m-> null[0m[0m
          [31m-[0m[0m iops                  = 3000 [90m-> null[0m[0m
          [31m-[0m[0m tags                  = {} [90m-> null[0m[0m
          [31m-[0m[0m tags_all              = {} [90m-> null[0m[0m
          [31m-[0m[0m throughput            = 125 [90m-> null[0m[0m
          [31m-[0m[0m volume_id             = "vol-0f54b8338d75b9c09" [90m-> null[0m[0m
          [31m-[0m[0m volume_size           = 50 [90m-> null[0m[0m
          [31m-[0m[0m volume_type           = "gp3" [90m-> null[0m[0m
            [90m# (1 unchanged attribute hidden)[0m[0m
        }
    }

[1m  # aws_instance.replica[3][0m will be [1m[31mdestroyed[0m
[0m  [31m-[0m[0m resource "aws_instance" "replica" {
      [31m-[0m[0m ami                                  = "ami-098e39bafa7e7303d" [90m-> null[0m[0m
      [31m-[0m[0m arn                                  = "arn:aws:ec2:us-east-1:288552132534:instance/i-0edecd12483c9e7f8" [90m-> null[0m[0m
      [31m-[0m[0m associate_public_ip_address          = true [90m-> null[0m[0m
      [31m-[0m[0m availability_zone                    = "us-east-1f" [90m-> null[0m[0m
      [31m-[0m[0m cpu_core_count                       = 2 [90m-> null[0m[0m
      [31m-[0m[0m cpu_threads_per_core                 = 2 [90m-> null[0m[0m
      [31m-[0m[0m disable_api_stop                     = false [90m-> null[0m[0m
      [31m-[0m[0m disable_api_termination              = false [90m-> null[0m[0m
      [31m-[0m[0m ebs_optimized                        = false [90m-> null[0m[0m
      [31m-[0m[0m get_password_data                    = false [90m-> null[0m[0m
      [31m-[0m[0m hibernation                          = false [90m-> null[0m[0m
      [31m-[0m[0m id                                   = "i-0edecd12483c9e7f8" [90m-> null[0m[0m
      [31m-[0m[0m instance_initiated_shutdown_behavior = "stop" [90m-> null[0m[0m
      [31m-[0m[0m instance_state                       = "running" [90m-> null[0m[0m
      [31m-[0m[0m instance_type                        = "c5.xlarge" [90m-> null[0m[0m
      [31m-[0m[0m ipv6_address_count                   = 0 [90m-> null[0m[0m
      [31m-[0m[0m ipv6_addresses                       = [] [90m-> null[0m[0m
      [31m-[0m[0m key_name                             = "hivemind-poc-deployer" [90m-> null[0m[0m
      [31m-[0m[0m monitoring                           = false [90m-> null[0m[0m
      [31m-[0m[0m placement_partition_number           = 0 [90m-> null[0m[0m
      [31m-[0m[0m primary_network_interface_id         = "eni-0c7b9f5195732828f" [90m-> null[0m[0m
      [31m-[0m[0m private_dns                          = "ip-172-31-71-31.ec2.internal" [90m-> null[0m[0m
      [31m-[0m[0m private_ip                           = "172.31.71.31" [90m-> null[0m[0m
      [31m-[0m[0m public_dns                           = "ec2-13-222-14-12.compute-1.amazonaws.com" [90m-> null[0m[0m
      [31m-[0m[0m public_ip                            = "13.222.14.12" [90m-> null[0m[0m
      [31m-[0m[0m secondary_private_ips                = [] [90m-> null[0m[0m
      [31m-[0m[0m security_groups                      = [
          [31m-[0m[0m "hivemind-poc-20260427003213532600000001",
        ] [90m-> null[0m[0m
      [31m-[0m[0m source_dest_check                    = true [90m-> null[0m[0m
      [31m-[0m[0m subnet_id                            = "subnet-89d4f687" [90m-> null[0m[0m
      [31m-[0m[0m tags                                 = {
          [31m-[0m[0m "Name" = "hivemind-replica-3"
          [31m-[0m[0m "Role" = "replica"
        } [90m-> null[0m[0m
      [31m-[0m[0m tags_all                             = {
          [31m-[0m[0m "Name" = "hivemind-replica-3"
          [31m-[0m[0m "Role" = "replica"
        } [90m-> null[0m[0m
      [31m-[0m[0m tenancy                              = "default" [90m-> null[0m[0m
      [31m-[0m[0m user_data                            = (sensitive value) [90m-> null[0m[0m
      [31m-[0m[0m user_data_replace_on_change          = false [90m-> null[0m[0m
      [31m-[0m[0m vpc_security_group_ids               = [
          [31m-[0m[0m "sg-0ea741a63fca7e3b5",
        ] [90m-> null[0m[0m
        [90m# (7 unchanged attributes hidden)[0m[0m

      [31m-[0m[0m capacity_reservation_specification {
          [31m-[0m[0m capacity_reservation_preference = "open" [90m-> null[0m[0m
        }

      [31m-[0m[0m cpu_options {
          [31m-[0m[0m core_count       = 2 [90m-> null[0m[0m
          [31m-[0m[0m threads_per_core = 2 [90m-> null[0m[0m
            [90m# (1 unchanged attribute hidden)[0m[0m
        }

      [31m-[0m[0m enclave_options {
          [31m-[0m[0m enabled = false [90m-> null[0m[0m
        }

      [31m-[0m[0m maintenance_options {
          [31m-[0m[0m auto_recovery = "default" [90m-> null[0m[0m
        }

      [31m-[0m[0m metadata_options {
          [31m-[0m[0m http_endpoint               = "enabled" [90m-> null[0m[0m
          [31m-[0m[0m http_protocol_ipv6          = "disabled" [90m-> null[0m[0m
          [31m-[0m[0m http_put_response_hop_limit = 2 [90m-> null[0m[0m
          [31m-[0m[0m http_tokens                 = "required" [90m-> null[0m[0m
          [31m-[0m[0m instance_metadata_tags      = "disabled" [90m-> null[0m[0m
        }

      [31m-[0m[0m private_dns_name_options {
          [31m-[0m[0m enable_resource_name_dns_a_record    = false [90m-> null[0m[0m
          [31m-[0m[0m enable_resource_name_dns_aaaa_record = false [90m-> null[0m[0m
          [31m-[0m[0m hostname_type                        = "ip-name" [90m-> null[0m[0m
        }

      [31m-[0m[0m root_block_device {
          [31m-[0m[0m delete_on_termination = true [90m-> null[0m[0m
          [31m-[0m[0m device_name           = "/dev/xvda" [90m-> null[0m[0m
          [31m-[0m[0m encrypted             = false [90m-> null[0m[0m
          [31m-[0m[0m iops                  = 3000 [90m-> null[0m[0m
          [31m-[0m[0m tags                  = {} [90m-> null[0m[0m
          [31m-[0m[0m tags_all              = {} [90m-> null[0m[0m
          [31m-[0m[0m throughput            = 125 [90m-> null[0m[0m
          [31m-[0m[0m volume_id             = "vol-0d26207f43fc1d3a5" [90m-> null[0m[0m
          [31m-[0m[0m volume_size           = 50 [90m-> null[0m[0m
          [31m-[0m[0m volume_type           = "gp3" [90m-> null[0m[0m
            [90m# (1 unchanged attribute hidden)[0m[0m
        }
    }

[1m  # aws_instance.replica[4][0m will be [1m[31mdestroyed[0m
[0m  [31m-[0m[0m resource "aws_instance" "replica" {
      [31m-[0m[0m ami                                  = "ami-098e39bafa7e7303d" [90m-> null[0m[0m
      [31m-[0m[0m arn                                  = "arn:aws:ec2:us-east-1:288552132534:instance/i-06ac199a796d334c8" [90m-> null[0m[0m
      [31m-[0m[0m associate_public_ip_address          = true [90m-> null[0m[0m
      [31m-[0m[0m availability_zone                    = "us-east-1f" [90m-> null[0m[0m
      [31m-[0m[0m cpu_core_count                       = 2 [90m-> null[0m[0m
      [31m-[0m[0m cpu_threads_per_core                 = 2 [90m-> null[0m[0m
      [31m-[0m[0m disable_api_stop                     = false [90m-> null[0m[0m
      [31m-[0m[0m disable_api_termination              = false [90m-> null[0m[0m
      [31m-[0m[0m ebs_optimized                        = false [90m-> null[0m[0m
      [31m-[0m[0m get_password_data                    = false [90m-> null[0m[0m
      [31m-[0m[0m hibernation                          = false [90m-> null[0m[0m
      [31m-[0m[0m id                                   = "i-06ac199a796d334c8" [90m-> null[0m[0m
      [31m-[0m[0m instance_initiated_shutdown_behavior = "stop" [90m-> null[0m[0m
      [31m-[0m[0m instance_state                       = "running" [90m-> null[0m[0m
      [31m-[0m[0m instance_type                        = "c5.xlarge" [90m-> null[0m[0m
      [31m-[0m[0m ipv6_address_count                   = 0 [90m-> null[0m[0m
      [31m-[0m[0m ipv6_addresses                       = [] [90m-> null[0m[0m
      [31m-[0m[0m key_name                             = "hivemind-poc-deployer" [90m-> null[0m[0m
      [31m-[0m[0m monitoring                           = false [90m-> null[0m[0m
      [31m-[0m[0m placement_partition_number           = 0 [90m-> null[0m[0m
      [31m-[0m[0m primary_network_interface_id         = "eni-049c3057faf96303e" [90m-> null[0m[0m
      [31m-[0m[0m private_dns                          = "ip-172-31-76-127.ec2.internal" [90m-> null[0m[0m
      [31m-[0m[0m private_ip                           = "172.31.76.127" [90m-> null[0m[0m
      [31m-[0m[0m public_dns                           = "ec2-98-93-202-140.compute-1.amazonaws.com" [90m-> null[0m[0m
      [31m-[0m[0m public_ip                            = "98.93.202.140" [90m-> null[0m[0m
      [31m-[0m[0m secondary_private_ips                = [] [90m-> null[0m[0m
      [31m-[0m[0m security_groups                      = [
          [31m-[0m[0m "hivemind-poc-20260427003213532600000001",
        ] [90m-> null[0m[0m
      [31m-[0m[0m source_dest_check                    = true [90m-> null[0m[0m
      [31m-[0m[0m subnet_id                            = "subnet-89d4f687" [90m-> null[0m[0m
      [31m-[0m[0m tags                                 = {
          [31m-[0m[0m "Name" = "hivemind-replica-4"
          [31m-[0m[0m "Role" = "replica"
        } [90m-> null[0m[0m
      [31m-[0m[0m tags_all                             = {
          [31m-[0m[0m "Name" = "hivemind-replica-4"
          [31m-[0m[0m "Role" = "replica"
        } [90m-> null[0m[0m
      [31m-[0m[0m tenancy                              = "default" [90m-> null[0m[0m
      [31m-[0m[0m user_data                            = (sensitive value) [90m-> null[0m[0m
      [31m-[0m[0m user_data_replace_on_change          = false [90m-> null[0m[0m
      [31m-[0m[0m vpc_security_group_ids               = [
          [31m-[0m[0m "sg-0ea741a63fca7e3b5",
        ] [90m-> null[0m[0m
        [90m# (7 unchanged attributes hidden)[0m[0m

      [31m-[0m[0m capacity_reservation_specification {
          [31m-[0m[0m capacity_reservation_preference = "open" [90m-> null[0m[0m
        }

      [31m-[0m[0m cpu_options {
          [31m-[0m[0m core_count       = 2 [90m-> null[0m[0m
          [31m-[0m[0m threads_per_core = 2 [90m-> null[0m[0m
            [90m# (1 unchanged attribute hidden)[0m[0m
        }

      [31m-[0m[0m enclave_options {
          [31m-[0m[0m enabled = false [90m-> null[0m[0m
        }

      [31m-[0m[0m maintenance_options {
          [31m-[0m[0m auto_recovery = "default" [90m-> null[0m[0m
        }

      [31m-[0m[0m metadata_options {
          [31m-[0m[0m http_endpoint               = "enabled" [90m-> null[0m[0m
          [31m-[0m[0m http_protocol_ipv6          = "disabled" [90m-> null[0m[0m
          [31m-[0m[0m http_put_response_hop_limit = 2 [90m-> null[0m[0m
          [31m-[0m[0m http_tokens                 = "required" [90m-> null[0m[0m
          [31m-[0m[0m instance_metadata_tags      = "disabled" [90m-> null[0m[0m
        }

      [31m-[0m[0m private_dns_name_options {
          [31m-[0m[0m enable_resource_name_dns_a_record    = false [90m-> null[0m[0m
          [31m-[0m[0m enable_resource_name_dns_aaaa_record = false [90m-> null[0m[0m
          [31m-[0m[0m hostname_type                        = "ip-name" [90m-> null[0m[0m
        }

      [31m-[0m[0m root_block_device {
          [31m-[0m[0m delete_on_termination = true [90m-> null[0m[0m
          [31m-[0m[0m device_name           = "/dev/xvda" [90m-> null[0m[0m
          [31m-[0m[0m encrypted             = false [90m-> null[0m[0m
          [31m-[0m[0m iops                  = 3000 [90m-> null[0m[0m
          [31m-[0m[0m tags                  = {} [90m-> null[0m[0m
          [31m-[0m[0m tags_all              = {} [90m-> null[0m[0m
          [31m-[0m[0m throughput            = 125 [90m-> null[0m[0m
          [31m-[0m[0m volume_id             = "vol-0e9c257acdabb15d6" [90m-> null[0m[0m
          [31m-[0m[0m volume_size           = 50 [90m-> null[0m[0m
          [31m-[0m[0m volume_type           = "gp3" [90m-> null[0m[0m
            [90m# (1 unchanged attribute hidden)[0m[0m
        }
    }

[1m  # aws_instance.worker_cpu[0m will be [1m[31mdestroyed[0m
[0m  [31m-[0m[0m resource "aws_instance" "worker_cpu" {
      [31m-[0m[0m ami                                  = "ami-0714f823ff4e72d73" [90m-> null[0m[0m
      [31m-[0m[0m arn                                  = "arn:aws:ec2:us-east-1:288552132534:instance/i-094604b7d13fd79a0" [90m-> null[0m[0m
      [31m-[0m[0m associate_public_ip_address          = true [90m-> null[0m[0m
      [31m-[0m[0m availability_zone                    = "us-east-1f" [90m-> null[0m[0m
      [31m-[0m[0m cpu_core_count                       = 2 [90m-> null[0m[0m
      [31m-[0m[0m cpu_threads_per_core                 = 2 [90m-> null[0m[0m
      [31m-[0m[0m disable_api_stop                     = false [90m-> null[0m[0m
      [31m-[0m[0m disable_api_termination              = false [90m-> null[0m[0m
      [31m-[0m[0m ebs_optimized                        = false [90m-> null[0m[0m
      [31m-[0m[0m get_password_data                    = false [90m-> null[0m[0m
      [31m-[0m[0m hibernation                          = false [90m-> null[0m[0m
      [31m-[0m[0m id                                   = "i-094604b7d13fd79a0" [90m-> null[0m[0m
      [31m-[0m[0m instance_initiated_shutdown_behavior = "stop" [90m-> null[0m[0m
      [31m-[0m[0m instance_state                       = "running" [90m-> null[0m[0m
      [31m-[0m[0m instance_type                        = "c5.xlarge" [90m-> null[0m[0m
      [31m-[0m[0m ipv6_address_count                   = 0 [90m-> null[0m[0m
      [31m-[0m[0m ipv6_addresses                       = [] [90m-> null[0m[0m
      [31m-[0m[0m key_name                             = "hivemind-poc-deployer" [90m-> null[0m[0m
      [31m-[0m[0m monitoring                           = false [90m-> null[0m[0m
      [31m-[0m[0m placement_partition_number           = 0 [90m-> null[0m[0m
      [31m-[0m[0m primary_network_interface_id         = "eni-0d15e14cdda696b1f" [90m-> null[0m[0m
      [31m-[0m[0m private_dns                          = "ip-172-31-64-67.ec2.internal" [90m-> null[0m[0m
      [31m-[0m[0m private_ip                           = "172.31.64.67" [90m-> null[0m[0m
      [31m-[0m[0m public_dns                           = "ec2-3-236-144-191.compute-1.amazonaws.com" [90m-> null[0m[0m
      [31m-[0m[0m public_ip                            = "3.236.144.191" [90m-> null[0m[0m
      [31m-[0m[0m secondary_private_ips                = [] [90m-> null[0m[0m
      [31m-[0m[0m security_groups                      = [
          [31m-[0m[0m "hivemind-poc-20260427003213532600000001",
        ] [90m-> null[0m[0m
      [31m-[0m[0m source_dest_check                    = true [90m-> null[0m[0m
      [31m-[0m[0m subnet_id                            = "subnet-89d4f687" [90m-> null[0m[0m
      [31m-[0m[0m tags                                 = {
          [31m-[0m[0m "Name" = "hivemind-worker-cpu"
          [31m-[0m[0m "Role" = "worker"
        } [90m-> null[0m[0m
      [31m-[0m[0m tags_all                             = {
          [31m-[0m[0m "Name" = "hivemind-worker-cpu"
          [31m-[0m[0m "Role" = "worker"
        } [90m-> null[0m[0m
      [31m-[0m[0m tenancy                              = "default" [90m-> null[0m[0m
      [31m-[0m[0m user_data                            = (sensitive value) [90m-> null[0m[0m
      [31m-[0m[0m user_data_replace_on_change          = false [90m-> null[0m[0m
      [31m-[0m[0m vpc_security_group_ids               = [
          [31m-[0m[0m "sg-0ea741a63fca7e3b5",
        ] [90m-> null[0m[0m
        [90m# (7 unchanged attributes hidden)[0m[0m

      [31m-[0m[0m capacity_reservation_specification {
          [31m-[0m[0m capacity_reservation_preference = "open" [90m-> null[0m[0m
        }

      [31m-[0m[0m cpu_options {
          [31m-[0m[0m core_count       = 2 [90m-> null[0m[0m
          [31m-[0m[0m threads_per_core = 2 [90m-> null[0m[0m
            [90m# (1 unchanged attribute hidden)[0m[0m
        }

      [31m-[0m[0m enclave_options {
          [31m-[0m[0m enabled = false [90m-> null[0m[0m
        }

      [31m-[0m[0m maintenance_options {
          [31m-[0m[0m auto_recovery = "default" [90m-> null[0m[0m
        }

      [31m-[0m[0m metadata_options {
          [31m-[0m[0m http_endpoint               = "enabled" [90m-> null[0m[0m
          [31m-[0m[0m http_protocol_ipv6          = "disabled" [90m-> null[0m[0m
          [31m-[0m[0m http_put_response_hop_limit = 2 [90m-> null[0m[0m
          [31m-[0m[0m http_tokens                 = "required" [90m-> null[0m[0m
          [31m-[0m[0m instance_metadata_tags      = "disabled" [90m-> null[0m[0m
        }

      [31m-[0m[0m private_dns_name_options {
          [31m-[0m[0m enable_resource_name_dns_a_record    = false [90m-> null[0m[0m
          [31m-[0m[0m enable_resource_name_dns_aaaa_record = false [90m-> null[0m[0m
          [31m-[0m[0m hostname_type                        = "ip-name" [90m-> null[0m[0m
        }

      [31m-[0m[0m root_block_device {
          [31m-[0m[0m delete_on_termination = true [90m-> null[0m[0m
          [31m-[0m[0m device_name           = "/dev/sda1" [90m-> null[0m[0m
          [31m-[0m[0m encrypted             = false [90m-> null[0m[0m
          [31m-[0m[0m iops                  = 4000 [90m-> null[0m[0m
          [31m-[0m[0m tags                  = {} [90m-> null[0m[0m
          [31m-[0m[0m tags_all              = {} [90m-> null[0m[0m
          [31m-[0m[0m throughput            = 1000 [90m-> null[0m[0m
          [31m-[0m[0m volume_id             = "vol-05389cba049196c71" [90m-> null[0m[0m
          [31m-[0m[0m volume_size           = 100 [90m-> null[0m[0m
          [31m-[0m[0m volume_type           = "gp3" [90m-> null[0m[0m
            [90m# (1 unchanged attribute hidden)[0m[0m
        }
    }

[1m  # aws_instance.worker_gpu[0m will be [1m[31mdestroyed[0m
[0m  [31m-[0m[0m resource "aws_instance" "worker_gpu" {
      [31m-[0m[0m ami                                  = "ami-0714f823ff4e72d73" [90m-> null[0m[0m
      [31m-[0m[0m arn                                  = "arn:aws:ec2:us-east-1:288552132534:instance/i-01eca3d53066b77a5" [90m-> null[0m[0m
      [31m-[0m[0m associate_public_ip_address          = true [90m-> null[0m[0m
      [31m-[0m[0m availability_zone                    = "us-east-1f" [90m-> null[0m[0m
      [31m-[0m[0m cpu_core_count                       = 2 [90m-> null[0m[0m
      [31m-[0m[0m cpu_threads_per_core                 = 2 [90m-> null[0m[0m
      [31m-[0m[0m disable_api_stop                     = false [90m-> null[0m[0m
      [31m-[0m[0m disable_api_termination              = false [90m-> null[0m[0m
      [31m-[0m[0m ebs_optimized                        = false [90m-> null[0m[0m
      [31m-[0m[0m get_password_data                    = false [90m-> null[0m[0m
      [31m-[0m[0m hibernation                          = false [90m-> null[0m[0m
      [31m-[0m[0m id                                   = "i-01eca3d53066b77a5" [90m-> null[0m[0m
      [31m-[0m[0m instance_initiated_shutdown_behavior = "stop" [90m-> null[0m[0m
      [31m-[0m[0m instance_state                       = "running" [90m-> null[0m[0m
      [31m-[0m[0m instance_type                        = "g4dn.xlarge" [90m-> null[0m[0m
      [31m-[0m[0m ipv6_address_count                   = 0 [90m-> null[0m[0m
      [31m-[0m[0m ipv6_addresses                       = [] [90m-> null[0m[0m
      [31m-[0m[0m key_name                             = "hivemind-poc-deployer" [90m-> null[0m[0m
      [31m-[0m[0m monitoring                           = false [90m-> null[0m[0m
      [31m-[0m[0m placement_partition_number           = 0 [90m-> null[0m[0m
      [31m-[0m[0m primary_network_interface_id         = "eni-02d69924cae27d623" [90m-> null[0m[0m
      [31m-[0m[0m private_dns                          = "ip-172-31-72-198.ec2.internal" [90m-> null[0m[0m
      [31m-[0m[0m private_ip                           = "172.31.72.198" [90m-> null[0m[0m
      [31m-[0m[0m public_dns                           = "ec2-98-92-124-210.compute-1.amazonaws.com" [90m-> null[0m[0m
      [31m-[0m[0m public_ip                            = "98.92.124.210" [90m-> null[0m[0m
      [31m-[0m[0m secondary_private_ips                = [] [90m-> null[0m[0m
      [31m-[0m[0m security_groups                      = [
          [31m-[0m[0m "hivemind-poc-20260427003213532600000001",
        ] [90m-> null[0m[0m
      [31m-[0m[0m source_dest_check                    = true [90m-> null[0m[0m
      [31m-[0m[0m subnet_id                            = "subnet-89d4f687" [90m-> null[0m[0m
      [31m-[0m[0m tags                                 = {
          [31m-[0m[0m "Name" = "hivemind-worker-gpu"
          [31m-[0m[0m "Role" = "worker"
        } [90m-> null[0m[0m
      [31m-[0m[0m tags_all                             = {
          [31m-[0m[0m "Name" = "hivemind-worker-gpu"
          [31m-[0m[0m "Role" = "worker"
        } [90m-> null[0m[0m
      [31m-[0m[0m tenancy                              = "default" [90m-> null[0m[0m
      [31m-[0m[0m user_data                            = (sensitive value) [90m-> null[0m[0m
      [31m-[0m[0m user_data_replace_on_change          = false [90m-> null[0m[0m
      [31m-[0m[0m vpc_security_group_ids               = [
          [31m-[0m[0m "sg-0ea741a63fca7e3b5",
        ] [90m-> null[0m[0m
        [90m# (7 unchanged attributes hidden)[0m[0m

      [31m-[0m[0m capacity_reservation_specification {
          [31m-[0m[0m capacity_reservation_preference = "open" [90m-> null[0m[0m
        }

      [31m-[0m[0m cpu_options {
          [31m-[0m[0m core_count       = 2 [90m-> null[0m[0m
          [31m-[0m[0m threads_per_core = 2 [90m-> null[0m[0m
            [90m# (1 unchanged attribute hidden)[0m[0m
        }

      [31m-[0m[0m enclave_options {
          [31m-[0m[0m enabled = false [90m-> null[0m[0m
        }

      [31m-[0m[0m maintenance_options {
          [31m-[0m[0m auto_recovery = "default" [90m-> null[0m[0m
        }

      [31m-[0m[0m metadata_options {
          [31m-[0m[0m http_endpoint               = "enabled" [90m-> null[0m[0m
          [31m-[0m[0m http_protocol_ipv6          = "disabled" [90m-> null[0m[0m
          [31m-[0m[0m http_put_response_hop_limit = 2 [90m-> null[0m[0m
          [31m-[0m[0m http_tokens                 = "required" [90m-> null[0m[0m
          [31m-[0m[0m instance_metadata_tags      = "disabled" [90m-> null[0m[0m
        }

      [31m-[0m[0m private_dns_name_options {
          [31m-[0m[0m enable_resource_name_dns_a_record    = false [90m-> null[0m[0m
          [31m-[0m[0m enable_resource_name_dns_aaaa_record = false [90m-> null[0m[0m
          [31m-[0m[0m hostname_type                        = "ip-name" [90m-> null[0m[0m
        }

      [31m-[0m[0m root_block_device {
          [31m-[0m[0m delete_on_termination = true [90m-> null[0m[0m
          [31m-[0m[0m device_name           = "/dev/sda1" [90m-> null[0m[0m
          [31m-[0m[0m encrypted             = false [90m-> null[0m[0m
          [31m-[0m[0m iops                  = 4000 [90m-> null[0m[0m
          [31m-[0m[0m tags                  = {} [90m-> null[0m[0m
          [31m-[0m[0m tags_all              = {} [90m-> null[0m[0m
          [31m-[0m[0m throughput            = 1000 [90m-> null[0m[0m
          [31m-[0m[0m volume_id             = "vol-01effaa639e9d03f7" [90m-> null[0m[0m
          [31m-[0m[0m volume_size           = 100 [90m-> null[0m[0m
          [31m-[0m[0m volume_type           = "gp3" [90m-> null[0m[0m
            [90m# (1 unchanged attribute hidden)[0m[0m
        }
    }

[1m  # aws_key_pair.poc[0m will be [1m[31mdestroyed[0m
[0m  [31m-[0m[0m resource "aws_key_pair" "poc" {
      [31m-[0m[0m arn             = "arn:aws:ec2:us-east-1:288552132534:key-pair/hivemind-poc-deployer" [90m-> null[0m[0m
      [31m-[0m[0m fingerprint     = "bFcQiS5Kk9fwo3YpYa/nWKg73Af+SBcKS1s3BpMdneg=" [90m-> null[0m[0m
      [31m-[0m[0m id              = "hivemind-poc-deployer" [90m-> null[0m[0m
      [31m-[0m[0m key_name        = "hivemind-poc-deployer" [90m-> null[0m[0m
      [31m-[0m[0m key_pair_id     = "key-0fdc6938b0a66907d" [90m-> null[0m[0m
      [31m-[0m[0m key_type        = "ed25519" [90m-> null[0m[0m
      [31m-[0m[0m public_key      = "ssh-ed25519 AAAAC3NzaC1lZDI1NTE5AAAAILralVpTQ0tgwve6HyxwiZ0bzY1wymH/lCm91uL5NjcP" [90m-> null[0m[0m
      [31m-[0m[0m tags            = {} [90m-> null[0m[0m
      [31m-[0m[0m tags_all        = {} [90m-> null[0m[0m
        [90m# (1 unchanged attribute hidden)[0m[0m
    }

[1m  # aws_security_group.hivemind[0m will be [1m[31mdestroyed[0m
[0m  [31m-[0m[0m resource "aws_security_group" "hivemind" {
      [31m-[0m[0m arn                    = "arn:aws:ec2:us-east-1:288552132534:security-group/sg-0ea741a63fca7e3b5" [90m-> null[0m[0m
      [31m-[0m[0m description            = "Managed by Terraform" [90m-> null[0m[0m
      [31m-[0m[0m egress                 = [
          [31m-[0m[0m {
              [31m-[0m[0m cidr_blocks      = [
                  [31m-[0m[0m "0.0.0.0/0",
                ]
              [31m-[0m[0m from_port        = 0
              [31m-[0m[0m ipv6_cidr_blocks = []
              [31m-[0m[0m prefix_list_ids  = []
              [31m-[0m[0m protocol         = "-1"
              [31m-[0m[0m security_groups  = []
              [31m-[0m[0m self             = false
              [31m-[0m[0m to_port          = 0
                [90m# (1 unchanged attribute hidden)[0m[0m
            },
        ] [90m-> null[0m[0m
      [31m-[0m[0m id                     = "sg-0ea741a63fca7e3b5" [90m-> null[0m[0m
      [31m-[0m[0m ingress                = [
          [31m-[0m[0m {
              [31m-[0m[0m cidr_blocks      = [
                  [31m-[0m[0m "66.108.102.239/32",
                ]
              [31m-[0m[0m from_port        = 22
              [31m-[0m[0m ipv6_cidr_blocks = []
              [31m-[0m[0m prefix_list_ids  = []
              [31m-[0m[0m protocol         = "tcp"
              [31m-[0m[0m security_groups  = []
              [31m-[0m[0m self             = false
              [31m-[0m[0m to_port          = 22
                [90m# (1 unchanged attribute hidden)[0m[0m
            },
          [31m-[0m[0m {
              [31m-[0m[0m cidr_blocks      = [
                  [31m-[0m[0m "66.108.102.239/32",
                ]
              [31m-[0m[0m from_port        = 8080
              [31m-[0m[0m ipv6_cidr_blocks = []
              [31m-[0m[0m prefix_list_ids  = []
              [31m-[0m[0m protocol         = "tcp"
              [31m-[0m[0m security_groups  = []
              [31m-[0m[0m self             = false
              [31m-[0m[0m to_port          = 8080
                [90m# (1 unchanged attribute hidden)[0m[0m
            },
          [31m-[0m[0m {
              [31m-[0m[0m cidr_blocks      = []
              [31m-[0m[0m from_port        = 8080
              [31m-[0m[0m ipv6_cidr_blocks = []
              [31m-[0m[0m prefix_list_ids  = []
              [31m-[0m[0m protocol         = "tcp"
              [31m-[0m[0m security_groups  = []
              [31m-[0m[0m self             = true
              [31m-[0m[0m to_port          = 9300
                [90m# (1 unchanged attribute hidden)[0m[0m
            },
          [31m-[0m[0m {
              [31m-[0m[0m cidr_blocks      = []
              [31m-[0m[0m from_port        = 9300
              [31m-[0m[0m ipv6_cidr_blocks = []
              [31m-[0m[0m prefix_list_ids  = []
              [31m-[0m[0m protocol         = "udp"
              [31m-[0m[0m security_groups  = []
              [31m-[0m[0m self             = true
              [31m-[0m[0m to_port          = 9300
                [90m# (1 unchanged attribute hidden)[0m[0m
            },
        ] [90m-> null[0m[0m
      [31m-[0m[0m name                   = "hivemind-poc-20260427003213532600000001" [90m-> null[0m[0m
      [31m-[0m[0m name_prefix            = "hivemind-poc-" [90m-> null[0m[0m
      [31m-[0m[0m owner_id               = "288552132534" [90m-> null[0m[0m
      [31m-[0m[0m revoke_rules_on_delete = false [90m-> null[0m[0m
      [31m-[0m[0m tags                   = {
          [31m-[0m[0m "Name" = "hivemind-poc"
        } [90m-> null[0m[0m
      [31m-[0m[0m tags_all               = {
          [31m-[0m[0m "Name" = "hivemind-poc"
        } [90m-> null[0m[0m
      [31m-[0m[0m vpc_id                 = "vpc-4b71f536" [90m-> null[0m[0m
    }

[1mPlan:[0m [0m0 to add, 0 to change, 10 to destroy.

Changes to Outputs:
  [31m-[0m[0m api_url              = "http://18.232.177.37:8080" [90m-> null[0m[0m
  [31m-[0m[0m dashboard_url        = "http://18.232.177.37:8080/dashboard" [90m-> null[0m[0m
  [31m-[0m[0m ecr_repository_name  = "hivemind-poc" [90m-> null[0m[0m
  [31m-[0m[0m ecr_repository_url   = "288552132534.dkr.ecr.us-east-1.amazonaws.com/hivemind-poc" [90m-> null[0m[0m
  [31m-[0m[0m replica_ami          = "ami-098e39bafa7e7303d" [90m-> null[0m[0m
  [31m-[0m[0m replica_ips          = [
      [31m-[0m[0m "172.31.79.55",
      [31m-[0m[0m "172.31.70.85",
      [31m-[0m[0m "172.31.70.67",
      [31m-[0m[0m "172.31.71.31",
      [31m-[0m[0m "172.31.76.127",
    ] [90m-> null[0m[0m
  [31m-[0m[0m replica_public_ips   = [
      [31m-[0m[0m "18.232.177.37",
      [31m-[0m[0m "3.235.182.45",
      [31m-[0m[0m "44.222.106.110",
      [31m-[0m[0m "13.222.14.12",
      [31m-[0m[0m "98.93.202.140",
    ] [90m-> null[0m[0m
  [31m-[0m[0m worker_ami           = "ami-0714f823ff4e72d73" [90m-> null[0m[0m
  [31m-[0m[0m worker_cpu_ip        = "172.31.64.67" [90m-> null[0m[0m
  [31m-[0m[0m worker_cpu_public_ip = "3.236.144.191" [90m-> null[0m[0m
  [31m-[0m[0m worker_gpu_ip        = "172.31.72.198" [90m-> null[0m[0m
  [31m-[0m[0m worker_gpu_public_ip = "98.92.124.210" [90m-> null[0m[0m
[0m[1maws_ecr_repository.workloads: Destroying... [id=hivemind-poc][0m[0m
[0m[1maws_instance.worker_gpu: Destroying... [id=i-01eca3d53066b77a5][0m[0m
[0m[1maws_instance.replica[2]: Destroying... [id=i-07b30675eda2a8d4a][0m[0m
[0m[1maws_instance.worker_cpu: Destroying... [id=i-094604b7d13fd79a0][0m[0m
[0m[1maws_instance.replica[4]: Destroying... [id=i-06ac199a796d334c8][0m[0m
[0m[1maws_instance.replica[0]: Destroying... [id=i-0eed1f09fad11c1f8][0m[0m
[0m[1maws_instance.replica[1]: Destroying... [id=i-086e380fbaa05c434][0m[0m
[0m[1maws_instance.replica[3]: Destroying... [id=i-0edecd12483c9e7f8][0m[0m
[0m[1maws_ecr_repository.workloads: Destruction complete after 0s[0m
[0m[1maws_instance.worker_gpu: Still destroying... [id=i-01eca3d53066b77a5, 00m10s elapsed][0m[0m
[0m[1maws_instance.replica[0]: Still destroying... [id=i-0eed1f09fad11c1f8, 00m10s elapsed][0m[0m
[0m[1maws_instance.replica[1]: Still destroying... [id=i-086e380fbaa05c434, 00m10s elapsed][0m[0m
[0m[1maws_instance.replica[4]: Still destroying... [id=i-06ac199a796d334c8, 00m10s elapsed][0m[0m
[0m[1maws_instance.worker_cpu: Still destroying... [id=i-094604b7d13fd79a0, 00m10s elapsed][0m[0m
[0m[1maws_instance.replica[3]: Still destroying... [id=i-0edecd12483c9e7f8, 00m10s elapsed][0m[0m
[0m[1maws_instance.replica[2]: Still destroying... [id=i-07b30675eda2a8d4a, 00m10s elapsed][0m[0m
[0m[1maws_instance.replica[2]: Still destroying... [id=i-07b30675eda2a8d4a, 00m20s elapsed][0m[0m
[0m[1maws_instance.replica[0]: Still destroying... [id=i-0eed1f09fad11c1f8, 00m20s elapsed][0m[0m
[0m[1maws_instance.worker_gpu: Still destroying... [id=i-01eca3d53066b77a5, 00m20s elapsed][0m[0m
[0m[1maws_instance.worker_cpu: Still destroying... [id=i-094604b7d13fd79a0, 00m20s elapsed][0m[0m
[0m[1maws_instance.replica[1]: Still destroying... [id=i-086e380fbaa05c434, 00m20s elapsed][0m[0m
[0m[1maws_instance.replica[4]: Still destroying... [id=i-06ac199a796d334c8, 00m20s elapsed][0m[0m
[0m[1maws_instance.replica[3]: Still destroying... [id=i-0edecd12483c9e7f8, 00m20s elapsed][0m[0m
[0m[1maws_instance.replica[4]: Still destroying... [id=i-06ac199a796d334c8, 00m30s elapsed][0m[0m
[0m[1maws_instance.replica[2]: Still destroying... [id=i-07b30675eda2a8d4a, 00m30s elapsed][0m[0m
[0m[1maws_instance.replica[3]: Still destroying... [id=i-0edecd12483c9e7f8, 00m30s elapsed][0m[0m
[0m[1maws_instance.worker_cpu: Still destroying... [id=i-094604b7d13fd79a0, 00m30s elapsed][0m[0m
[0m[1maws_instance.replica[1]: Still destroying... [id=i-086e380fbaa05c434, 00m30s elapsed][0m[0m
[0m[1maws_instance.replica[0]: Still destroying... [id=i-0eed1f09fad11c1f8, 00m30s elapsed][0m[0m
[0m[1maws_instance.worker_gpu: Still destroying... [id=i-01eca3d53066b77a5, 00m30s elapsed][0m[0m
[0m[1maws_instance.replica[1]: Destruction complete after 30s[0m
[0m[1maws_instance.replica[4]: Destruction complete after 30s[0m
[0m[1maws_instance.replica[2]: Destruction complete after 30s[0m
[0m[1maws_instance.replica[3]: Destruction complete after 30s[0m
[0m[1maws_instance.replica[0]: Destruction complete after 30s[0m
[0m[1maws_instance.worker_gpu: Still destroying... [id=i-01eca3d53066b77a5, 00m40s elapsed][0m[0m
[0m[1maws_instance.worker_cpu: Still destroying... [id=i-094604b7d13fd79a0, 00m40s elapsed][0m[0m
[0m[1maws_instance.worker_cpu: Still destroying... [id=i-094604b7d13fd79a0, 00m50s elapsed][0m[0m
[0m[1maws_instance.worker_gpu: Still destroying... [id=i-01eca3d53066b77a5, 00m50s elapsed][0m[0m
[0m[1maws_instance.worker_cpu: Destruction complete after 51s[0m
[0m[1maws_instance.worker_gpu: Still destroying... [id=i-01eca3d53066b77a5, 01m00s elapsed][0m[0m
[0m[1maws_instance.worker_gpu: Still destroying... [id=i-01eca3d53066b77a5, 01m10s elapsed][0m[0m
[0m[1maws_instance.worker_gpu: Still destroying... [id=i-01eca3d53066b77a5, 01m20s elapsed][0m[0m
[0m[1maws_instance.worker_gpu: Still destroying... [id=i-01eca3d53066b77a5, 01m30s elapsed][0m[0m
[0m[1maws_instance.worker_gpu: Still destroying... [id=i-01eca3d53066b77a5, 01m40s elapsed][0m[0m
[0m[1maws_instance.worker_gpu: Still destroying... [id=i-01eca3d53066b77a5, 01m50s elapsed][0m[0m
[0m[1maws_instance.worker_gpu: Still destroying... [id=i-01eca3d53066b77a5, 02m00s elapsed][0m[0m
[0m[1maws_instance.worker_gpu: Still destroying... [id=i-01eca3d53066b77a5, 02m10s elapsed][0m[0m
[0m[1maws_instance.worker_gpu: Still destroying... [id=i-01eca3d53066b77a5, 02m20s elapsed][0m[0m
[0m[1maws_instance.worker_gpu: Still destroying... [id=i-01eca3d53066b77a5, 02m30s elapsed][0m[0m
[0m[1maws_instance.worker_gpu: Still destroying... [id=i-01eca3d53066b77a5, 02m40s elapsed][0m[0m
[0m[1maws_instance.worker_gpu: Still destroying... [id=i-01eca3d53066b77a5, 02m50s elapsed][0m[0m
[0m[1maws_instance.worker_gpu: Still destroying... [id=i-01eca3d53066b77a5, 03m00s elapsed][0m[0m
[0m[1maws_instance.worker_gpu: Still destroying... [id=i-01eca3d53066b77a5, 03m10s elapsed][0m[0m
[0m[1maws_instance.worker_gpu: Still destroying... [id=i-01eca3d53066b77a5, 03m20s elapsed][0m[0m
[0m[1maws_instance.worker_gpu: Still destroying... [id=i-01eca3d53066b77a5, 03m30s elapsed][0m[0m
[0m[1maws_instance.worker_gpu: Still destroying... [id=i-01eca3d53066b77a5, 03m40s elapsed][0m[0m
[0m[1maws_instance.worker_gpu: Still destroying... [id=i-01eca3d53066b77a5, 03m50s elapsed][0m[0m
[0m[1maws_instance.worker_gpu: Still destroying... [id=i-01eca3d53066b77a5, 04m00s elapsed][0m[0m
[0m[1maws_instance.worker_gpu: Still destroying... [id=i-01eca3d53066b77a5, 04m10s elapsed][0m[0m
[0m[1maws_instance.worker_gpu: Still destroying... [id=i-01eca3d53066b77a5, 04m20s elapsed][0m[0m
[0m[1maws_instance.worker_gpu: Still destroying... [id=i-01eca3d53066b77a5, 04m30s elapsed][0m[0m
[0m[1maws_instance.worker_gpu: Still destroying... [id=i-01eca3d53066b77a5, 04m40s elapsed][0m[0m
[0m[1maws_instance.worker_gpu: Still destroying... [id=i-01eca3d53066b77a5, 04m50s elapsed][0m[0m
[0m[1maws_instance.worker_gpu: Still destroying... [id=i-01eca3d53066b77a5, 05m00s elapsed][0m[0m
[0m[1maws_instance.worker_gpu: Still destroying... [id=i-01eca3d53066b77a5, 05m10s elapsed][0m[0m
[0m[1maws_instance.worker_gpu: Still destroying... [id=i-01eca3d53066b77a5, 05m20s elapsed][0m[0m
[0m[1maws_instance.worker_gpu: Still destroying... [id=i-01eca3d53066b77a5, 05m30s elapsed][0m[0m
[0m[1maws_instance.worker_gpu: Still destroying... [id=i-01eca3d53066b77a5, 05m40s elapsed][0m[0m
[0m[1maws_instance.worker_gpu: Still destroying... [id=i-01eca3d53066b77a5, 05m50s elapsed][0m[0m
[0m[1maws_instance.worker_gpu: Still destroying... [id=i-01eca3d53066b77a5, 06m00s elapsed][0m[0m
[0m[1maws_instance.worker_gpu: Still destroying... [id=i-01eca3d53066b77a5, 06m10s elapsed][0m[0m
[0m[1maws_instance.worker_gpu: Still destroying... [id=i-01eca3d53066b77a5, 06m20s elapsed][0m[0m
[0m[1maws_instance.worker_gpu: Still destroying... [id=i-01eca3d53066b77a5, 06m30s elapsed][0m[0m
[0m[1maws_instance.worker_gpu: Destruction complete after 6m37s[0m
[0m[1maws_key_pair.poc: Destroying... [id=hivemind-poc-deployer][0m[0m
[0m[1maws_security_group.hivemind: Destroying... [id=sg-0ea741a63fca7e3b5][0m[0m
[0m[1maws_key_pair.poc: Destruction complete after 0s[0m
[0m[1maws_security_group.hivemind: Destruction complete after 1s[0m
[0m[1m[32m
Destroy complete! Resources: 10 destroyed.[0m

=== Teardown complete ===
