=== Hivemind one deployment 0 -> 50 -> 1 ===
waiting scenario=single entity=hm-scale-single-hmctrid-20260503013407 ready=0/1 pods_running=0 scheduled=1 total=1 op=16164 commit=16164 attempt=1/900
ready scenario=single entity=hm-scale-single-hmctrid-20260503013407 expected=1 attempt=2 op=16165 commit=16165 pods=1/1/1
zero_ready scenario=single entity=hm-scale-single-hmctrid-20260503013407 attempt=1 op=16167 commit=16167
waiting scenario=single entity=hm-scale-single-hmctrid-20260503013407 ready=0/50 pods_running=0 scheduled=50 total=50 op=16223 commit=16222 attempt=1/1500
waiting scenario=single entity=hm-scale-single-hmctrid-20260503013407 ready=0/50 pods_running=0 scheduled=50 total=50 op=16278 commit=16278 attempt=2/1500
waiting scenario=single entity=hm-scale-single-hmctrid-20260503013407 ready=0/50 pods_running=0 scheduled=50 total=50 op=16278 commit=16278 attempt=3/1500
waiting scenario=single entity=hm-scale-single-hmctrid-20260503013407 ready=0/50 pods_running=0 scheduled=50 total=50 op=16278 commit=16278 attempt=4/1500
waiting scenario=single entity=hm-scale-single-hmctrid-20260503013407 ready=0/50 pods_running=0 scheduled=50 total=50 op=16278 commit=16278 attempt=5/1500
waiting scenario=single entity=hm-scale-single-hmctrid-20260503013407 ready=0/50 pods_running=0 scheduled=50 total=50 op=16278 commit=16278 attempt=6/1500
waiting scenario=single entity=hm-scale-single-hmctrid-20260503013407 ready=0/50 pods_running=0 scheduled=50 total=50 op=16278 commit=16278 attempt=7/1500
waiting scenario=single entity=hm-scale-single-hmctrid-20260503013407 ready=0/50 pods_running=0 scheduled=50 total=50 op=16278 commit=16278 attempt=8/1500
waiting scenario=single entity=hm-scale-single-hmctrid-20260503013407 ready=0/50 pods_running=0 scheduled=50 total=50 op=16278 commit=16278 attempt=9/1500
waiting scenario=single entity=hm-scale-single-hmctrid-20260503013407 ready=0/50 pods_running=0 scheduled=50 total=50 op=16278 commit=16278 attempt=10/1500
waiting scenario=single entity=hm-scale-single-hmctrid-20260503013407 ready=0/50 pods_running=0 scheduled=50 total=50 op=16278 commit=16278 attempt=11/1500
waiting scenario=single entity=hm-scale-single-hmctrid-20260503013407 ready=0/50 pods_running=0 scheduled=50 total=50 op=16278 commit=16278 attempt=12/1500
waiting scenario=single entity=hm-scale-single-hmctrid-20260503013407 ready=0/50 pods_running=0 scheduled=50 total=50 op=16278 commit=16278 attempt=13/1500
waiting scenario=single entity=hm-scale-single-hmctrid-20260503013407 ready=0/50 pods_running=0 scheduled=50 total=50 op=16278 commit=16278 attempt=14/1500
waiting scenario=single entity=hm-scale-single-hmctrid-20260503013407 ready=0/50 pods_running=0 scheduled=50 total=50 op=16278 commit=16278 attempt=15/1500
waiting scenario=single entity=hm-scale-single-hmctrid-20260503013407 ready=0/50 pods_running=0 scheduled=50 total=50 op=16278 commit=16278 attempt=16/1500
waiting scenario=single entity=hm-scale-single-hmctrid-20260503013407 ready=0/50 pods_running=0 scheduled=50 total=50 op=16278 commit=16278 attempt=17/1500
waiting scenario=single entity=hm-scale-single-hmctrid-20260503013407 ready=0/50 pods_running=0 scheduled=50 total=50 op=16278 commit=16278 attempt=18/1500
waiting scenario=single entity=hm-scale-single-hmctrid-20260503013407 ready=0/50 pods_running=0 scheduled=50 total=50 op=16278 commit=16278 attempt=19/1500
waiting scenario=single entity=hm-scale-single-hmctrid-20260503013407 ready=0/50 pods_running=0 scheduled=50 total=50 op=16278 commit=16278 attempt=20/1500
ready scenario=single entity=hm-scale-single-hmctrid-20260503013407 expected=50 attempt=21 op=16328 commit=16328 pods=50/50/50
ready scenario=single entity=hm-scale-single-hmctrid-20260503013407 expected=1 attempt=1 op=16329 commit=16329 pods=1/1/1
single create submit: 172ms
single 0->50 submit: 177ms
single 0->50 ready: 8191ms
single 50->1 submit: 190ms
single 50->1 ready: 447ms

=== Hivemind 50 deployments x 1 replica ===
waiting scenario=multi_50x1 entity=hm-scale-many-hmctrid-20260503013407 ready=21/50 pods_running=21 scheduled=38 total=50 op=16663 commit=16663 attempt=1/1500
waiting scenario=multi_50x1 entity=hm-scale-many-hmctrid-20260503013407 ready=21/50 pods_running=21 scheduled=38 total=50 op=16663 commit=16663 attempt=2/1500
waiting scenario=multi_50x1 entity=hm-scale-many-hmctrid-20260503013407 ready=21/50 pods_running=21 scheduled=38 total=50 op=16663 commit=16663 attempt=3/1500
waiting scenario=multi_50x1 entity=hm-scale-many-hmctrid-20260503013407 ready=21/50 pods_running=21 scheduled=38 total=50 op=16663 commit=16663 attempt=4/1500
waiting scenario=multi_50x1 entity=hm-scale-many-hmctrid-20260503013407 ready=21/50 pods_running=21 scheduled=38 total=50 op=16663 commit=16663 attempt=5/1500
waiting scenario=multi_50x1 entity=hm-scale-many-hmctrid-20260503013407 ready=21/50 pods_running=21 scheduled=38 total=50 op=16663 commit=16663 attempt=6/1500
waiting scenario=multi_50x1 entity=hm-scale-many-hmctrid-20260503013407 ready=21/50 pods_running=21 scheduled=38 total=50 op=16663 commit=16663 attempt=7/1500
waiting scenario=multi_50x1 entity=hm-scale-many-hmctrid-20260503013407 ready=21/50 pods_running=21 scheduled=38 total=50 op=16663 commit=16663 attempt=8/1500
waiting scenario=multi_50x1 entity=hm-scale-many-hmctrid-20260503013407 ready=21/50 pods_running=21 scheduled=38 total=50 op=16663 commit=16663 attempt=9/1500
waiting scenario=multi_50x1 entity=hm-scale-many-hmctrid-20260503013407 ready=38/50 pods_running=38 scheduled=38 total=50 op=16680 commit=16680 attempt=10/1500
waiting scenario=multi_50x1 entity=hm-scale-many-hmctrid-20260503013407 ready=38/50 pods_running=38 scheduled=38 total=50 op=16680 commit=16680 attempt=11/1500
waiting scenario=multi_50x1 entity=hm-scale-many-hmctrid-20260503013407 ready=38/50 pods_running=38 scheduled=38 total=50 op=16680 commit=16680 attempt=12/1500
waiting scenario=multi_50x1 entity=hm-scale-many-hmctrid-20260503013407 ready=38/50 pods_running=38 scheduled=38 total=50 op=16680 commit=16680 attempt=13/1500
waiting scenario=multi_50x1 entity=hm-scale-many-hmctrid-20260503013407 ready=38/50 pods_running=38 scheduled=38 total=50 op=16680 commit=16680 attempt=14/1500
waiting scenario=multi_50x1 entity=hm-scale-many-hmctrid-20260503013407 ready=38/50 pods_running=38 scheduled=38 total=50 op=16680 commit=16680 attempt=15/1500
waiting scenario=multi_50x1 entity=hm-scale-many-hmctrid-20260503013407 ready=38/50 pods_running=38 scheduled=38 total=50 op=16680 commit=16680 attempt=16/1500
waiting scenario=multi_50x1 entity=hm-scale-many-hmctrid-20260503013407 ready=38/50 pods_running=38 scheduled=38 total=50 op=16680 commit=16680 attempt=17/1500
waiting scenario=multi_50x1 entity=hm-scale-many-hmctrid-20260503013407 ready=38/50 pods_running=38 scheduled=38 total=50 op=16680 commit=16680 attempt=18/1500
waiting scenario=multi_50x1 entity=hm-scale-many-hmctrid-20260503013407 ready=38/50 pods_running=38 scheduled=38 total=50 op=16680 commit=16680 attempt=19/1500
waiting scenario=multi_50x1 entity=hm-scale-many-hmctrid-20260503013407 ready=38/50 pods_running=38 scheduled=38 total=50 op=16680 commit=16680 attempt=20/1500
waiting scenario=multi_50x1 entity=hm-scale-many-hmctrid-20260503013407 ready=38/50 pods_running=38 scheduled=38 total=50 op=16680 commit=16680 attempt=21/1500
waiting scenario=multi_50x1 entity=hm-scale-many-hmctrid-20260503013407 ready=38/50 pods_running=38 scheduled=38 total=50 op=16680 commit=16680 attempt=22/1500
waiting scenario=multi_50x1 entity=hm-scale-many-hmctrid-20260503013407 ready=38/50 pods_running=38 scheduled=38 total=50 op=16680 commit=16680 attempt=23/1500
waiting scenario=multi_50x1 entity=hm-scale-many-hmctrid-20260503013407 ready=38/50 pods_running=38 scheduled=38 total=50 op=16680 commit=16680 attempt=24/1500
waiting scenario=multi_50x1 entity=hm-scale-many-hmctrid-20260503013407 ready=38/50 pods_running=38 scheduled=38 total=50 op=16680 commit=16680 attempt=25/1500
waiting scenario=multi_50x1 entity=hm-scale-many-hmctrid-20260503013407 ready=38/50 pods_running=38 scheduled=38 total=50 op=16680 commit=16680 attempt=26/1500
waiting scenario=multi_50x1 entity=hm-scale-many-hmctrid-20260503013407 ready=38/50 pods_running=38 scheduled=38 total=50 op=16680 commit=16680 attempt=27/1500
waiting scenario=multi_50x1 entity=hm-scale-many-hmctrid-20260503013407 ready=38/50 pods_running=38 scheduled=38 total=50 op=16680 commit=16680 attempt=28/1500
waiting scenario=multi_50x1 entity=hm-scale-many-hmctrid-20260503013407 ready=38/50 pods_running=38 scheduled=38 total=50 op=16680 commit=16680 attempt=29/1500
waiting scenario=multi_50x1 entity=hm-scale-many-hmctrid-20260503013407 ready=38/50 pods_running=38 scheduled=38 total=50 op=16680 commit=16680 attempt=30/1500
waiting scenario=multi_50x1 entity=hm-scale-many-hmctrid-20260503013407 ready=38/50 pods_running=38 scheduled=38 total=50 op=16680 commit=16680 attempt=31/1500
waiting scenario=multi_50x1 entity=hm-scale-many-hmctrid-20260503013407 ready=38/50 pods_running=38 scheduled=38 total=50 op=16680 commit=16680 attempt=32/1500
waiting scenario=multi_50x1 entity=hm-scale-many-hmctrid-20260503013407 ready=38/50 pods_running=38 scheduled=38 total=50 op=16680 commit=16680 attempt=33/1500
waiting scenario=multi_50x1 entity=hm-scale-many-hmctrid-20260503013407 ready=38/50 pods_running=38 scheduled=38 total=50 op=16680 commit=16680 attempt=34/1500
waiting scenario=multi_50x1 entity=hm-scale-many-hmctrid-20260503013407 ready=38/50 pods_running=38 scheduled=38 total=50 op=16680 commit=16680 attempt=35/1500
waiting scenario=multi_50x1 entity=hm-scale-many-hmctrid-20260503013407 ready=38/50 pods_running=38 scheduled=38 total=50 op=16680 commit=16680 attempt=36/1500
waiting scenario=multi_50x1 entity=hm-scale-many-hmctrid-20260503013407 ready=38/50 pods_running=38 scheduled=38 total=50 op=16680 commit=16680 attempt=37/1500
waiting scenario=multi_50x1 entity=hm-scale-many-hmctrid-20260503013407 ready=38/50 pods_running=38 scheduled=38 total=50 op=16680 commit=16680 attempt=38/1500
waiting scenario=multi_50x1 entity=hm-scale-many-hmctrid-20260503013407 ready=38/50 pods_running=38 scheduled=38 total=50 op=16680 commit=16680 attempt=39/1500
waiting scenario=multi_50x1 entity=hm-scale-many-hmctrid-20260503013407 ready=38/50 pods_running=38 scheduled=38 total=50 op=16680 commit=16680 attempt=40/1500
waiting scenario=multi_50x1 entity=hm-scale-many-hmctrid-20260503013407 ready=38/50 pods_running=38 scheduled=38 total=50 op=16680 commit=16680 attempt=41/1500
waiting scenario=multi_50x1 entity=hm-scale-many-hmctrid-20260503013407 ready=38/50 pods_running=38 scheduled=38 total=50 op=16680 commit=16680 attempt=42/1500
waiting scenario=multi_50x1 entity=hm-scale-many-hmctrid-20260503013407 ready=38/50 pods_running=38 scheduled=38 total=50 op=16680 commit=16680 attempt=43/1500
waiting scenario=multi_50x1 entity=hm-scale-many-hmctrid-20260503013407 ready=38/50 pods_running=38 scheduled=38 total=50 op=16680 commit=16680 attempt=44/1500
waiting scenario=multi_50x1 entity=hm-scale-many-hmctrid-20260503013407 ready=38/50 pods_running=38 scheduled=38 total=50 op=16680 commit=16680 attempt=45/1500
waiting scenario=multi_50x1 entity=hm-scale-many-hmctrid-20260503013407 ready=38/50 pods_running=38 scheduled=38 total=50 op=16680 commit=16680 attempt=46/1500
waiting scenario=multi_50x1 entity=hm-scale-many-hmctrid-20260503013407 ready=38/50 pods_running=38 scheduled=38 total=50 op=16680 commit=16680 attempt=47/1500
waiting scenario=multi_50x1 entity=hm-scale-many-hmctrid-20260503013407 ready=38/50 pods_running=38 scheduled=38 total=50 op=16680 commit=16680 attempt=48/1500
waiting scenario=multi_50x1 entity=hm-scale-many-hmctrid-20260503013407 ready=38/50 pods_running=38 scheduled=38 total=50 op=16680 commit=16680 attempt=49/1500
waiting scenario=multi_50x1 entity=hm-scale-many-hmctrid-20260503013407 ready=38/50 pods_running=38 scheduled=38 total=50 op=16680 commit=16680 attempt=50/1500
waiting scenario=multi_50x1 entity=hm-scale-many-hmctrid-20260503013407 ready=38/50 pods_running=38 scheduled=38 total=50 op=16680 commit=16680 attempt=51/1500
waiting scenario=multi_50x1 entity=hm-scale-many-hmctrid-20260503013407 ready=38/50 pods_running=38 scheduled=38 total=50 op=16680 commit=16680 attempt=52/1500
waiting scenario=multi_50x1 entity=hm-scale-many-hmctrid-20260503013407 ready=38/50 pods_running=38 scheduled=38 total=50 op=16680 commit=16680 attempt=53/1500
waiting scenario=multi_50x1 entity=hm-scale-many-hmctrid-20260503013407 ready=38/50 pods_running=38 scheduled=38 total=50 op=16680 commit=16680 attempt=54/1500
waiting scenario=multi_50x1 entity=hm-scale-many-hmctrid-20260503013407 ready=38/50 pods_running=38 scheduled=38 total=50 op=16680 commit=16680 attempt=55/1500
waiting scenario=multi_50x1 entity=hm-scale-many-hmctrid-20260503013407 ready=38/50 pods_running=38 scheduled=38 total=50 op=16680 commit=16680 attempt=56/1500
waiting scenario=multi_50x1 entity=hm-scale-many-hmctrid-20260503013407 ready=38/50 pods_running=38 scheduled=38 total=50 op=16680 commit=16680 attempt=57/1500
waiting scenario=multi_50x1 entity=hm-scale-many-hmctrid-20260503013407 ready=38/50 pods_running=38 scheduled=38 total=50 op=16680 commit=16680 attempt=58/1500
waiting scenario=multi_50x1 entity=hm-scale-many-hmctrid-20260503013407 ready=38/50 pods_running=38 scheduled=38 total=50 op=16680 commit=16680 attempt=59/1500
waiting scenario=multi_50x1 entity=hm-scale-many-hmctrid-20260503013407 ready=38/50 pods_running=38 scheduled=38 total=50 op=16680 commit=16680 attempt=60/1500
waiting scenario=multi_50x1 entity=hm-scale-many-hmctrid-20260503013407 ready=38/50 pods_running=38 scheduled=38 total=50 op=16680 commit=16680 attempt=61/1500
waiting scenario=multi_50x1 entity=hm-scale-many-hmctrid-20260503013407 ready=38/50 pods_running=38 scheduled=38 total=50 op=16680 commit=16680 attempt=62/1500
waiting scenario=multi_50x1 entity=hm-scale-many-hmctrid-20260503013407 ready=38/50 pods_running=38 scheduled=38 total=50 op=16680 commit=16680 attempt=63/1500
waiting scenario=multi_50x1 entity=hm-scale-many-hmctrid-20260503013407 ready=38/50 pods_running=38 scheduled=38 total=50 op=16680 commit=16680 attempt=64/1500
waiting scenario=multi_50x1 entity=hm-scale-many-hmctrid-20260503013407 ready=38/50 pods_running=38 scheduled=38 total=50 op=16680 commit=16680 attempt=65/1500
waiting scenario=multi_50x1 entity=hm-scale-many-hmctrid-20260503013407 ready=38/50 pods_running=38 scheduled=38 total=50 op=16680 commit=16680 attempt=66/1500
waiting scenario=multi_50x1 entity=hm-scale-many-hmctrid-20260503013407 ready=38/50 pods_running=38 scheduled=38 total=50 op=16680 commit=16680 attempt=67/1500
waiting scenario=multi_50x1 entity=hm-scale-many-hmctrid-20260503013407 ready=38/50 pods_running=38 scheduled=38 total=50 op=16680 commit=16680 attempt=68/1500
waiting scenario=multi_50x1 entity=hm-scale-many-hmctrid-20260503013407 ready=38/50 pods_running=38 scheduled=38 total=50 op=16680 commit=16680 attempt=69/1500
waiting scenario=multi_50x1 entity=hm-scale-many-hmctrid-20260503013407 ready=38/50 pods_running=38 scheduled=38 total=50 op=16680 commit=16680 attempt=70/1500
waiting scenario=multi_50x1 entity=hm-scale-many-hmctrid-20260503013407 ready=38/50 pods_running=38 scheduled=38 total=50 op=16680 commit=16680 attempt=71/1500
waiting scenario=multi_50x1 entity=hm-scale-many-hmctrid-20260503013407 ready=38/50 pods_running=38 scheduled=38 total=50 op=16680 commit=16680 attempt=72/1500
waiting scenario=multi_50x1 entity=hm-scale-many-hmctrid-20260503013407 ready=38/50 pods_running=38 scheduled=38 total=50 op=16680 commit=16680 attempt=73/1500
waiting scenario=multi_50x1 entity=hm-scale-many-hmctrid-20260503013407 ready=38/50 pods_running=38 scheduled=38 total=50 op=16680 commit=16680 attempt=74/1500
waiting scenario=multi_50x1 entity=hm-scale-many-hmctrid-20260503013407 ready=38/50 pods_running=38 scheduled=38 total=50 op=16680 commit=16680 attempt=75/1500
waiting scenario=multi_50x1 entity=hm-scale-many-hmctrid-20260503013407 ready=38/50 pods_running=38 scheduled=38 total=50 op=16680 commit=16680 attempt=76/1500
waiting scenario=multi_50x1 entity=hm-scale-many-hmctrid-20260503013407 ready=38/50 pods_running=38 scheduled=38 total=50 op=16680 commit=16680 attempt=77/1500
waiting scenario=multi_50x1 entity=hm-scale-many-hmctrid-20260503013407 ready=38/50 pods_running=38 scheduled=38 total=50 op=16680 commit=16680 attempt=78/1500
waiting scenario=multi_50x1 entity=hm-scale-many-hmctrid-20260503013407 ready=38/50 pods_running=38 scheduled=38 total=50 op=16680 commit=16680 attempt=79/1500
waiting scenario=multi_50x1 entity=hm-scale-many-hmctrid-20260503013407 ready=38/50 pods_running=38 scheduled=38 total=50 op=16680 commit=16680 attempt=80/1500
waiting scenario=multi_50x1 entity=hm-scale-many-hmctrid-20260503013407 ready=38/50 pods_running=38 scheduled=38 total=50 op=16680 commit=16680 attempt=81/1500
waiting scenario=multi_50x1 entity=hm-scale-many-hmctrid-20260503013407 ready=38/50 pods_running=38 scheduled=38 total=50 op=16680 commit=16680 attempt=82/1500
waiting scenario=multi_50x1 entity=hm-scale-many-hmctrid-20260503013407 ready=38/50 pods_running=38 scheduled=38 total=50 op=16680 commit=16680 attempt=83/1500
waiting scenario=multi_50x1 entity=hm-scale-many-hmctrid-20260503013407 ready=38/50 pods_running=38 scheduled=38 total=50 op=16680 commit=16680 attempt=84/1500
waiting scenario=multi_50x1 entity=hm-scale-many-hmctrid-20260503013407 ready=38/50 pods_running=38 scheduled=38 total=50 op=16680 commit=16680 attempt=85/1500
waiting scenario=multi_50x1 entity=hm-scale-many-hmctrid-20260503013407 ready=38/50 pods_running=38 scheduled=38 total=50 op=16680 commit=16680 attempt=86/1500
waiting scenario=multi_50x1 entity=hm-scale-many-hmctrid-20260503013407 ready=38/50 pods_running=38 scheduled=38 total=50 op=16680 commit=16680 attempt=87/1500
waiting scenario=multi_50x1 entity=hm-scale-many-hmctrid-20260503013407 ready=38/50 pods_running=38 scheduled=38 total=50 op=16680 commit=16680 attempt=88/1500
waiting scenario=multi_50x1 entity=hm-scale-many-hmctrid-20260503013407 ready=38/50 pods_running=38 scheduled=38 total=50 op=16680 commit=16680 attempt=89/1500
waiting scenario=multi_50x1 entity=hm-scale-many-hmctrid-20260503013407 ready=38/50 pods_running=38 scheduled=38 total=50 op=16680 commit=16680 attempt=90/1500
waiting scenario=multi_50x1 entity=hm-scale-many-hmctrid-20260503013407 ready=38/50 pods_running=38 scheduled=38 total=50 op=16680 commit=16680 attempt=91/1500
waiting scenario=multi_50x1 entity=hm-scale-many-hmctrid-20260503013407 ready=38/50 pods_running=38 scheduled=38 total=50 op=16680 commit=16680 attempt=92/1500
waiting scenario=multi_50x1 entity=hm-scale-many-hmctrid-20260503013407 ready=38/50 pods_running=38 scheduled=38 total=50 op=16680 commit=16680 attempt=93/1500
waiting scenario=multi_50x1 entity=hm-scale-many-hmctrid-20260503013407 ready=38/50 pods_running=38 scheduled=38 total=50 op=16680 commit=16680 attempt=94/1500
waiting scenario=multi_50x1 entity=hm-scale-many-hmctrid-20260503013407 ready=38/50 pods_running=38 scheduled=38 total=50 op=16680 commit=16680 attempt=95/1500
waiting scenario=multi_50x1 entity=hm-scale-many-hmctrid-20260503013407 ready=38/50 pods_running=38 scheduled=38 total=50 op=16680 commit=16680 attempt=96/1500
waiting scenario=multi_50x1 entity=hm-scale-many-hmctrid-20260503013407 ready=38/50 pods_running=38 scheduled=38 total=50 op=16680 commit=16680 attempt=97/1500
waiting scenario=multi_50x1 entity=hm-scale-many-hmctrid-20260503013407 ready=38/50 pods_running=38 scheduled=38 total=50 op=16680 commit=16680 attempt=98/1500
waiting scenario=multi_50x1 entity=hm-scale-many-hmctrid-20260503013407 ready=38/50 pods_running=38 scheduled=38 total=50 op=16680 commit=16680 attempt=99/1500
waiting scenario=multi_50x1 entity=hm-scale-many-hmctrid-20260503013407 ready=38/50 pods_running=38 scheduled=38 total=50 op=16680 commit=16680 attempt=100/1500
waiting scenario=multi_50x1 entity=hm-scale-many-hmctrid-20260503013407 ready=38/50 pods_running=38 scheduled=38 total=50 op=16680 commit=16680 attempt=101/1500
waiting scenario=multi_50x1 entity=hm-scale-many-hmctrid-20260503013407 ready=38/50 pods_running=38 scheduled=38 total=50 op=16680 commit=16680 attempt=102/1500
waiting scenario=multi_50x1 entity=hm-scale-many-hmctrid-20260503013407 ready=38/50 pods_running=38 scheduled=38 total=50 op=16680 commit=16680 attempt=103/1500
waiting scenario=multi_50x1 entity=hm-scale-many-hmctrid-20260503013407 ready=38/50 pods_running=38 scheduled=38 total=50 op=16680 commit=16680 attempt=104/1500
waiting scenario=multi_50x1 entity=hm-scale-many-hmctrid-20260503013407 ready=38/50 pods_running=38 scheduled=38 total=50 op=16680 commit=16680 attempt=105/1500
waiting scenario=multi_50x1 entity=hm-scale-many-hmctrid-20260503013407 ready=38/50 pods_running=38 scheduled=38 total=50 op=16680 commit=16680 attempt=106/1500
waiting scenario=multi_50x1 entity=hm-scale-many-hmctrid-20260503013407 ready=38/50 pods_running=38 scheduled=38 total=50 op=16680 commit=16680 attempt=107/1500
waiting scenario=multi_50x1 entity=hm-scale-many-hmctrid-20260503013407 ready=38/50 pods_running=38 scheduled=38 total=50 op=16680 commit=16680 attempt=108/1500
waiting scenario=multi_50x1 entity=hm-scale-many-hmctrid-20260503013407 ready=38/50 pods_running=38 scheduled=38 total=50 op=16680 commit=16680 attempt=109/1500
waiting scenario=multi_50x1 entity=hm-scale-many-hmctrid-20260503013407 ready=38/50 pods_running=38 scheduled=38 total=50 op=16680 commit=16680 attempt=110/1500
waiting scenario=multi_50x1 entity=hm-scale-many-hmctrid-20260503013407 ready=38/50 pods_running=38 scheduled=38 total=50 op=16680 commit=16680 attempt=111/1500
waiting scenario=multi_50x1 entity=hm-scale-many-hmctrid-20260503013407 ready=38/50 pods_running=38 scheduled=38 total=50 op=16680 commit=16680 attempt=112/1500
waiting scenario=multi_50x1 entity=hm-scale-many-hmctrid-20260503013407 ready=38/50 pods_running=38 scheduled=38 total=50 op=16680 commit=16680 attempt=113/1500
waiting scenario=multi_50x1 entity=hm-scale-many-hmctrid-20260503013407 ready=38/50 pods_running=38 scheduled=38 total=50 op=16680 commit=16680 attempt=114/1500
waiting scenario=multi_50x1 entity=hm-scale-many-hmctrid-20260503013407 ready=38/50 pods_running=38 scheduled=38 total=50 op=16680 commit=16680 attempt=115/1500
waiting scenario=multi_50x1 entity=hm-scale-many-hmctrid-20260503013407 ready=38/50 pods_running=38 scheduled=38 total=50 op=16680 commit=16680 attempt=116/1500
waiting scenario=multi_50x1 entity=hm-scale-many-hmctrid-20260503013407 ready=38/50 pods_running=38 scheduled=38 total=50 op=16680 commit=16680 attempt=117/1500
waiting scenario=multi_50x1 entity=hm-scale-many-hmctrid-20260503013407 ready=38/50 pods_running=38 scheduled=38 total=50 op=16680 commit=16680 attempt=118/1500
waiting scenario=multi_50x1 entity=hm-scale-many-hmctrid-20260503013407 ready=38/50 pods_running=38 scheduled=38 total=50 op=16680 commit=16680 attempt=119/1500
waiting scenario=multi_50x1 entity=hm-scale-many-hmctrid-20260503013407 ready=38/50 pods_running=38 scheduled=38 total=50 op=16680 commit=16680 attempt=120/1500
waiting scenario=multi_50x1 entity=hm-scale-many-hmctrid-20260503013407 ready=38/50 pods_running=38 scheduled=38 total=50 op=16680 commit=16680 attempt=121/1500
waiting scenario=multi_50x1 entity=hm-scale-many-hmctrid-20260503013407 ready=38/50 pods_running=38 scheduled=38 total=50 op=16680 commit=16680 attempt=122/1500
waiting scenario=multi_50x1 entity=hm-scale-many-hmctrid-20260503013407 ready=38/50 pods_running=38 scheduled=38 total=50 op=16680 commit=16680 attempt=123/1500
waiting scenario=multi_50x1 entity=hm-scale-many-hmctrid-20260503013407 ready=38/50 pods_running=38 scheduled=38 total=50 op=16680 commit=16680 attempt=124/1500
waiting scenario=multi_50x1 entity=hm-scale-many-hmctrid-20260503013407 ready=38/50 pods_running=38 scheduled=38 total=50 op=16680 commit=16680 attempt=125/1500
waiting scenario=multi_50x1 entity=hm-scale-many-hmctrid-20260503013407 ready=38/50 pods_running=38 scheduled=38 total=50 op=16680 commit=16680 attempt=126/1500
waiting scenario=multi_50x1 entity=hm-scale-many-hmctrid-20260503013407 ready=38/50 pods_running=38 scheduled=38 total=50 op=16680 commit=16680 attempt=127/1500
waiting scenario=multi_50x1 entity=hm-scale-many-hmctrid-20260503013407 ready=38/50 pods_running=38 scheduled=38 total=50 op=16680 commit=16680 attempt=128/1500
waiting scenario=multi_50x1 entity=hm-scale-many-hmctrid-20260503013407 ready=38/50 pods_running=38 scheduled=38 total=50 op=16680 commit=16680 attempt=129/1500
waiting scenario=multi_50x1 entity=hm-scale-many-hmctrid-20260503013407 ready=38/50 pods_running=38 scheduled=38 total=50 op=16680 commit=16680 attempt=130/1500
waiting scenario=multi_50x1 entity=hm-scale-many-hmctrid-20260503013407 ready=38/50 pods_running=38 scheduled=38 total=50 op=16680 commit=16680 attempt=131/1500
waiting scenario=multi_50x1 entity=hm-scale-many-hmctrid-20260503013407 ready=38/50 pods_running=38 scheduled=38 total=50 op=16680 commit=16680 attempt=132/1500
waiting scenario=multi_50x1 entity=hm-scale-many-hmctrid-20260503013407 ready=38/50 pods_running=38 scheduled=38 total=50 op=16680 commit=16680 attempt=133/1500
waiting scenario=multi_50x1 entity=hm-scale-many-hmctrid-20260503013407 ready=38/50 pods_running=38 scheduled=38 total=50 op=16680 commit=16680 attempt=134/1500
waiting scenario=multi_50x1 entity=hm-scale-many-hmctrid-20260503013407 ready=38/50 pods_running=38 scheduled=38 total=50 op=16680 commit=16680 attempt=135/1500
waiting scenario=multi_50x1 entity=hm-scale-many-hmctrid-20260503013407 ready=38/50 pods_running=38 scheduled=38 total=50 op=16680 commit=16680 attempt=136/1500
waiting scenario=multi_50x1 entity=hm-scale-many-hmctrid-20260503013407 ready=38/50 pods_running=38 scheduled=38 total=50 op=16680 commit=16680 attempt=137/1500
waiting scenario=multi_50x1 entity=hm-scale-many-hmctrid-20260503013407 ready=38/50 pods_running=38 scheduled=38 total=50 op=16680 commit=16680 attempt=138/1500
waiting scenario=multi_50x1 entity=hm-scale-many-hmctrid-20260503013407 ready=38/50 pods_running=38 scheduled=38 total=50 op=16680 commit=16680 attempt=139/1500
waiting scenario=multi_50x1 entity=hm-scale-many-hmctrid-20260503013407 ready=38/50 pods_running=38 scheduled=38 total=50 op=16680 commit=16680 attempt=140/1500
waiting scenario=multi_50x1 entity=hm-scale-many-hmctrid-20260503013407 ready=38/50 pods_running=38 scheduled=38 total=50 op=16680 commit=16680 attempt=141/1500
waiting scenario=multi_50x1 entity=hm-scale-many-hmctrid-20260503013407 ready=38/50 pods_running=38 scheduled=38 total=50 op=16680 commit=16680 attempt=142/1500
waiting scenario=multi_50x1 entity=hm-scale-many-hmctrid-20260503013407 ready=38/50 pods_running=38 scheduled=38 total=50 op=16680 commit=16680 attempt=143/1500
waiting scenario=multi_50x1 entity=hm-scale-many-hmctrid-20260503013407 ready=38/50 pods_running=38 scheduled=38 total=50 op=16680 commit=16680 attempt=144/1500
waiting scenario=multi_50x1 entity=hm-scale-many-hmctrid-20260503013407 ready=38/50 pods_running=38 scheduled=38 total=50 op=16680 commit=16680 attempt=145/1500
waiting scenario=multi_50x1 entity=hm-scale-many-hmctrid-20260503013407 ready=38/50 pods_running=38 scheduled=38 total=50 op=16680 commit=16680 attempt=146/1500
waiting scenario=multi_50x1 entity=hm-scale-many-hmctrid-20260503013407 ready=38/50 pods_running=38 scheduled=38 total=50 op=16680 commit=16680 attempt=147/1500
waiting scenario=multi_50x1 entity=hm-scale-many-hmctrid-20260503013407 ready=38/50 pods_running=38 scheduled=38 total=50 op=16680 commit=16680 attempt=148/1500
waiting scenario=multi_50x1 entity=hm-scale-many-hmctrid-20260503013407 ready=38/50 pods_running=38 scheduled=38 total=50 op=16680 commit=16680 attempt=149/1500
waiting scenario=multi_50x1 entity=hm-scale-many-hmctrid-20260503013407 ready=38/50 pods_running=38 scheduled=38 total=50 op=16680 commit=16680 attempt=150/1500
waiting scenario=multi_50x1 entity=hm-scale-many-hmctrid-20260503013407 ready=38/50 pods_running=38 scheduled=38 total=50 op=16680 commit=16680 attempt=151/1500
waiting scenario=multi_50x1 entity=hm-scale-many-hmctrid-20260503013407 ready=38/50 pods_running=38 scheduled=38 total=50 op=16680 commit=16680 attempt=152/1500
waiting scenario=multi_50x1 entity=hm-scale-many-hmctrid-20260503013407 ready=38/50 pods_running=38 scheduled=38 total=50 op=16680 commit=16680 attempt=153/1500
waiting scenario=multi_50x1 entity=hm-scale-many-hmctrid-20260503013407 ready=38/50 pods_running=38 scheduled=38 total=50 op=16680 commit=16680 attempt=154/1500
waiting scenario=multi_50x1 entity=hm-scale-many-hmctrid-20260503013407 ready=38/50 pods_running=38 scheduled=38 total=50 op=16680 commit=16680 attempt=155/1500
waiting scenario=multi_50x1 entity=hm-scale-many-hmctrid-20260503013407 ready=38/50 pods_running=38 scheduled=38 total=50 op=16680 commit=16680 attempt=156/1500
waiting scenario=multi_50x1 entity=hm-scale-many-hmctrid-20260503013407 ready=38/50 pods_running=38 scheduled=38 total=50 op=16680 commit=16680 attempt=157/1500
waiting scenario=multi_50x1 entity=hm-scale-many-hmctrid-20260503013407 ready=38/50 pods_running=38 scheduled=38 total=50 op=16680 commit=16680 attempt=158/1500
waiting scenario=multi_50x1 entity=hm-scale-many-hmctrid-20260503013407 ready=38/50 pods_running=38 scheduled=38 total=50 op=16680 commit=16680 attempt=159/1500
waiting scenario=multi_50x1 entity=hm-scale-many-hmctrid-20260503013407 ready=38/50 pods_running=38 scheduled=38 total=50 op=16680 commit=16680 attempt=160/1500
waiting scenario=multi_50x1 entity=hm-scale-many-hmctrid-20260503013407 ready=38/50 pods_running=38 scheduled=38 total=50 op=16680 commit=16680 attempt=161/1500
waiting scenario=multi_50x1 entity=hm-scale-many-hmctrid-20260503013407 ready=38/50 pods_running=38 scheduled=38 total=50 op=16680 commit=16680 attempt=162/1500
waiting scenario=multi_50x1 entity=hm-scale-many-hmctrid-20260503013407 ready=38/50 pods_running=38 scheduled=38 total=50 op=16680 commit=16680 attempt=163/1500
waiting scenario=multi_50x1 entity=hm-scale-many-hmctrid-20260503013407 ready=38/50 pods_running=38 scheduled=38 total=50 op=16680 commit=16680 attempt=164/1500
waiting scenario=multi_50x1 entity=hm-scale-many-hmctrid-20260503013407 ready=38/50 pods_running=38 scheduled=38 total=50 op=16680 commit=16680 attempt=165/1500
waiting scenario=multi_50x1 entity=hm-scale-many-hmctrid-20260503013407 ready=38/50 pods_running=38 scheduled=38 total=50 op=16680 commit=16680 attempt=166/1500
waiting scenario=multi_50x1 entity=hm-scale-many-hmctrid-20260503013407 ready=38/50 pods_running=38 scheduled=38 total=50 op=16680 commit=16680 attempt=167/1500
waiting scenario=multi_50x1 entity=hm-scale-many-hmctrid-20260503013407 ready=38/50 pods_running=38 scheduled=38 total=50 op=16680 commit=16680 attempt=168/1500
waiting scenario=multi_50x1 entity=hm-scale-many-hmctrid-20260503013407 ready=38/50 pods_running=38 scheduled=38 total=50 op=16680 commit=16680 attempt=169/1500
waiting scenario=multi_50x1 entity=hm-scale-many-hmctrid-20260503013407 ready=38/50 pods_running=38 scheduled=38 total=50 op=16680 commit=16680 attempt=170/1500
waiting scenario=multi_50x1 entity=hm-scale-many-hmctrid-20260503013407 ready=38/50 pods_running=38 scheduled=38 total=50 op=16680 commit=16680 attempt=171/1500
waiting scenario=multi_50x1 entity=hm-scale-many-hmctrid-20260503013407 ready=38/50 pods_running=38 scheduled=38 total=50 op=16680 commit=16680 attempt=172/1500
waiting scenario=multi_50x1 entity=hm-scale-many-hmctrid-20260503013407 ready=38/50 pods_running=38 scheduled=38 total=50 op=16680 commit=16680 attempt=173/1500
waiting scenario=multi_50x1 entity=hm-scale-many-hmctrid-20260503013407 ready=38/50 pods_running=38 scheduled=38 total=50 op=16680 commit=16680 attempt=174/1500
waiting scenario=multi_50x1 entity=hm-scale-many-hmctrid-20260503013407 ready=38/50 pods_running=38 scheduled=38 total=50 op=16680 commit=16680 attempt=175/1500
waiting scenario=multi_50x1 entity=hm-scale-many-hmctrid-20260503013407 ready=38/50 pods_running=38 scheduled=38 total=50 op=16680 commit=16680 attempt=176/1500
waiting scenario=multi_50x1 entity=hm-scale-many-hmctrid-20260503013407 ready=38/50 pods_running=38 scheduled=38 total=50 op=16680 commit=16680 attempt=177/1500
waiting scenario=multi_50x1 entity=hm-scale-many-hmctrid-20260503013407 ready=38/50 pods_running=38 scheduled=38 total=50 op=16680 commit=16680 attempt=178/1500
waiting scenario=multi_50x1 entity=hm-scale-many-hmctrid-20260503013407 ready=38/50 pods_running=38 scheduled=38 total=50 op=16680 commit=16680 attempt=179/1500
waiting scenario=multi_50x1 entity=hm-scale-many-hmctrid-20260503013407 ready=38/50 pods_running=38 scheduled=38 total=50 op=16680 commit=16680 attempt=180/1500
waiting scenario=multi_50x1 entity=hm-scale-many-hmctrid-20260503013407 ready=38/50 pods_running=38 scheduled=38 total=50 op=16680 commit=16680 attempt=181/1500
waiting scenario=multi_50x1 entity=hm-scale-many-hmctrid-20260503013407 ready=38/50 pods_running=38 scheduled=38 total=50 op=16680 commit=16680 attempt=182/1500
waiting scenario=multi_50x1 entity=hm-scale-many-hmctrid-20260503013407 ready=38/50 pods_running=38 scheduled=38 total=50 op=16680 commit=16680 attempt=183/1500
waiting scenario=multi_50x1 entity=hm-scale-many-hmctrid-20260503013407 ready=38/50 pods_running=38 scheduled=38 total=50 op=16680 commit=16680 attempt=184/1500
waiting scenario=multi_50x1 entity=hm-scale-many-hmctrid-20260503013407 ready=38/50 pods_running=38 scheduled=38 total=50 op=16680 commit=16680 attempt=185/1500
waiting scenario=multi_50x1 entity=hm-scale-many-hmctrid-20260503013407 ready=38/50 pods_running=38 scheduled=38 total=50 op=16680 commit=16680 attempt=186/1500
waiting scenario=multi_50x1 entity=hm-scale-many-hmctrid-20260503013407 ready=38/50 pods_running=38 scheduled=38 total=50 op=16680 commit=16680 attempt=187/1500
waiting scenario=multi_50x1 entity=hm-scale-many-hmctrid-20260503013407 ready=38/50 pods_running=38 scheduled=38 total=50 op=16680 commit=16680 attempt=188/1500
waiting scenario=multi_50x1 entity=hm-scale-many-hmctrid-20260503013407 ready=38/50 pods_running=38 scheduled=38 total=50 op=16680 commit=16680 attempt=189/1500
waiting scenario=multi_50x1 entity=hm-scale-many-hmctrid-20260503013407 ready=38/50 pods_running=38 scheduled=38 total=50 op=16680 commit=16680 attempt=190/1500
waiting scenario=multi_50x1 entity=hm-scale-many-hmctrid-20260503013407 ready=38/50 pods_running=38 scheduled=38 total=50 op=16680 commit=16680 attempt=191/1500
waiting scenario=multi_50x1 entity=hm-scale-many-hmctrid-20260503013407 ready=38/50 pods_running=38 scheduled=38 total=50 op=16680 commit=16680 attempt=192/1500
waiting scenario=multi_50x1 entity=hm-scale-many-hmctrid-20260503013407 ready=38/50 pods_running=38 scheduled=38 total=50 op=16680 commit=16680 attempt=193/1500
waiting scenario=multi_50x1 entity=hm-scale-many-hmctrid-20260503013407 ready=38/50 pods_running=38 scheduled=38 total=50 op=16680 commit=16680 attempt=194/1500
waiting scenario=multi_50x1 entity=hm-scale-many-hmctrid-20260503013407 ready=38/50 pods_running=38 scheduled=38 total=50 op=16680 commit=16680 attempt=195/1500
waiting scenario=multi_50x1 entity=hm-scale-many-hmctrid-20260503013407 ready=38/50 pods_running=38 scheduled=38 total=50 op=16680 commit=16680 attempt=196/1500
waiting scenario=multi_50x1 entity=hm-scale-many-hmctrid-20260503013407 ready=38/50 pods_running=38 scheduled=38 total=50 op=16680 commit=16680 attempt=197/1500
waiting scenario=multi_50x1 entity=hm-scale-many-hmctrid-20260503013407 ready=38/50 pods_running=38 scheduled=38 total=50 op=16680 commit=16680 attempt=198/1500
waiting scenario=multi_50x1 entity=hm-scale-many-hmctrid-20260503013407 ready=38/50 pods_running=38 scheduled=38 total=50 op=16680 commit=16680 attempt=199/1500
waiting scenario=multi_50x1 entity=hm-scale-many-hmctrid-20260503013407 ready=38/50 pods_running=38 scheduled=38 total=50 op=16680 commit=16680 attempt=200/1500
waiting scenario=multi_50x1 entity=hm-scale-many-hmctrid-20260503013407 ready=38/50 pods_running=38 scheduled=38 total=50 op=16680 commit=16680 attempt=201/1500
waiting scenario=multi_50x1 entity=hm-scale-many-hmctrid-20260503013407 ready=38/50 pods_running=38 scheduled=38 total=50 op=16680 commit=16680 attempt=202/1500
waiting scenario=multi_50x1 entity=hm-scale-many-hmctrid-20260503013407 ready=38/50 pods_running=38 scheduled=38 total=50 op=16680 commit=16680 attempt=203/1500
waiting scenario=multi_50x1 entity=hm-scale-many-hmctrid-20260503013407 ready=38/50 pods_running=38 scheduled=38 total=50 op=16680 commit=16680 attempt=204/1500
waiting scenario=multi_50x1 entity=hm-scale-many-hmctrid-20260503013407 ready=38/50 pods_running=38 scheduled=38 total=50 op=16680 commit=16680 attempt=205/1500
waiting scenario=multi_50x1 entity=hm-scale-many-hmctrid-20260503013407 ready=38/50 pods_running=38 scheduled=38 total=50 op=16680 commit=16680 attempt=206/1500
waiting scenario=multi_50x1 entity=hm-scale-many-hmctrid-20260503013407 ready=38/50 pods_running=38 scheduled=38 total=50 op=16680 commit=16680 attempt=207/1500
waiting scenario=multi_50x1 entity=hm-scale-many-hmctrid-20260503013407 ready=38/50 pods_running=38 scheduled=38 total=50 op=16680 commit=16680 attempt=208/1500
waiting scenario=multi_50x1 entity=hm-scale-many-hmctrid-20260503013407 ready=38/50 pods_running=38 scheduled=38 total=50 op=16680 commit=16680 attempt=209/1500
waiting scenario=multi_50x1 entity=hm-scale-many-hmctrid-20260503013407 ready=38/50 pods_running=38 scheduled=38 total=50 op=16680 commit=16680 attempt=210/1500
waiting scenario=multi_50x1 entity=hm-scale-many-hmctrid-20260503013407 ready=38/50 pods_running=38 scheduled=38 total=50 op=16680 commit=16680 attempt=211/1500
waiting scenario=multi_50x1 entity=hm-scale-many-hmctrid-20260503013407 ready=38/50 pods_running=38 scheduled=38 total=50 op=16680 commit=16680 attempt=212/1500
waiting scenario=multi_50x1 entity=hm-scale-many-hmctrid-20260503013407 ready=38/50 pods_running=38 scheduled=38 total=50 op=16680 commit=16680 attempt=213/1500
waiting scenario=multi_50x1 entity=hm-scale-many-hmctrid-20260503013407 ready=38/50 pods_running=38 scheduled=38 total=50 op=16680 commit=16680 attempt=214/1500
waiting scenario=multi_50x1 entity=hm-scale-many-hmctrid-20260503013407 ready=38/50 pods_running=38 scheduled=38 total=50 op=16680 commit=16680 attempt=215/1500
waiting scenario=multi_50x1 entity=hm-scale-many-hmctrid-20260503013407 ready=38/50 pods_running=38 scheduled=38 total=50 op=16680 commit=16680 attempt=216/1500
waiting scenario=multi_50x1 entity=hm-scale-many-hmctrid-20260503013407 ready=38/50 pods_running=38 scheduled=38 total=50 op=16680 commit=16680 attempt=217/1500
waiting scenario=multi_50x1 entity=hm-scale-many-hmctrid-20260503013407 ready=38/50 pods_running=38 scheduled=38 total=50 op=16680 commit=16680 attempt=218/1500
waiting scenario=multi_50x1 entity=hm-scale-many-hmctrid-20260503013407 ready=38/50 pods_running=38 scheduled=38 total=50 op=16680 commit=16680 attempt=219/1500
waiting scenario=multi_50x1 entity=hm-scale-many-hmctrid-20260503013407 ready=38/50 pods_running=38 scheduled=38 total=50 op=16680 commit=16680 attempt=220/1500
waiting scenario=multi_50x1 entity=hm-scale-many-hmctrid-20260503013407 ready=38/50 pods_running=38 scheduled=38 total=50 op=16680 commit=16680 attempt=221/1500
waiting scenario=multi_50x1 entity=hm-scale-many-hmctrid-20260503013407 ready=38/50 pods_running=38 scheduled=38 total=50 op=16680 commit=16680 attempt=222/1500
waiting scenario=multi_50x1 entity=hm-scale-many-hmctrid-20260503013407 ready=38/50 pods_running=38 scheduled=38 total=50 op=16680 commit=16680 attempt=223/1500
waiting scenario=multi_50x1 entity=hm-scale-many-hmctrid-20260503013407 ready=38/50 pods_running=38 scheduled=38 total=50 op=16680 commit=16680 attempt=224/1500
waiting scenario=multi_50x1 entity=hm-scale-many-hmctrid-20260503013407 ready=38/50 pods_running=38 scheduled=38 total=50 op=16680 commit=16680 attempt=225/1500
waiting scenario=multi_50x1 entity=hm-scale-many-hmctrid-20260503013407 ready=38/50 pods_running=38 scheduled=38 total=50 op=16680 commit=16680 attempt=226/1500
waiting scenario=multi_50x1 entity=hm-scale-many-hmctrid-20260503013407 ready=38/50 pods_running=38 scheduled=38 total=50 op=16680 commit=16680 attempt=227/1500
waiting scenario=multi_50x1 entity=hm-scale-many-hmctrid-20260503013407 ready=38/50 pods_running=38 scheduled=38 total=50 op=16680 commit=16680 attempt=228/1500
waiting scenario=multi_50x1 entity=hm-scale-many-hmctrid-20260503013407 ready=38/50 pods_running=38 scheduled=38 total=50 op=16680 commit=16680 attempt=229/1500
waiting scenario=multi_50x1 entity=hm-scale-many-hmctrid-20260503013407 ready=38/50 pods_running=38 scheduled=38 total=50 op=16680 commit=16680 attempt=230/1500
waiting scenario=multi_50x1 entity=hm-scale-many-hmctrid-20260503013407 ready=38/50 pods_running=38 scheduled=38 total=50 op=16680 commit=16680 attempt=231/1500
waiting scenario=multi_50x1 entity=hm-scale-many-hmctrid-20260503013407 ready=38/50 pods_running=38 scheduled=38 total=50 op=16680 commit=16680 attempt=232/1500
waiting scenario=multi_50x1 entity=hm-scale-many-hmctrid-20260503013407 ready=38/50 pods_running=38 scheduled=38 total=50 op=16680 commit=16680 attempt=233/1500
waiting scenario=multi_50x1 entity=hm-scale-many-hmctrid-20260503013407 ready=38/50 pods_running=38 scheduled=38 total=50 op=16680 commit=16680 attempt=234/1500
waiting scenario=multi_50x1 entity=hm-scale-many-hmctrid-20260503013407 ready=38/50 pods_running=38 scheduled=38 total=50 op=16680 commit=16680 attempt=235/1500
waiting scenario=multi_50x1 entity=hm-scale-many-hmctrid-20260503013407 ready=38/50 pods_running=38 scheduled=38 total=50 op=16680 commit=16680 attempt=236/1500
waiting scenario=multi_50x1 entity=hm-scale-many-hmctrid-20260503013407 ready=38/50 pods_running=38 scheduled=38 total=50 op=16680 commit=16680 attempt=237/1500
waiting scenario=multi_50x1 entity=hm-scale-many-hmctrid-20260503013407 ready=38/50 pods_running=38 scheduled=38 total=50 op=16680 commit=16680 attempt=238/1500
waiting scenario=multi_50x1 entity=hm-scale-many-hmctrid-20260503013407 ready=38/50 pods_running=38 scheduled=38 total=50 op=16680 commit=16680 attempt=239/1500
waiting scenario=multi_50x1 entity=hm-scale-many-hmctrid-20260503013407 ready=38/50 pods_running=38 scheduled=38 total=50 op=16680 commit=16680 attempt=240/1500
waiting scenario=multi_50x1 entity=hm-scale-many-hmctrid-20260503013407 ready=38/50 pods_running=38 scheduled=38 total=50 op=16680 commit=16680 attempt=241/1500
waiting scenario=multi_50x1 entity=hm-scale-many-hmctrid-20260503013407 ready=38/50 pods_running=38 scheduled=38 total=50 op=16680 commit=16680 attempt=242/1500
waiting scenario=multi_50x1 entity=hm-scale-many-hmctrid-20260503013407 ready=38/50 pods_running=38 scheduled=38 total=50 op=16680 commit=16680 attempt=243/1500
waiting scenario=multi_50x1 entity=hm-scale-many-hmctrid-20260503013407 ready=38/50 pods_running=38 scheduled=38 total=50 op=16680 commit=16680 attempt=244/1500
waiting scenario=multi_50x1 entity=hm-scale-many-hmctrid-20260503013407 ready=38/50 pods_running=38 scheduled=38 total=50 op=16680 commit=16680 attempt=245/1500
waiting scenario=multi_50x1 entity=hm-scale-many-hmctrid-20260503013407 ready=38/50 pods_running=38 scheduled=38 total=50 op=16680 commit=16680 attempt=246/1500
waiting scenario=multi_50x1 entity=hm-scale-many-hmctrid-20260503013407 ready=38/50 pods_running=38 scheduled=38 total=50 op=16680 commit=16680 attempt=247/1500
waiting scenario=multi_50x1 entity=hm-scale-many-hmctrid-20260503013407 ready=38/50 pods_running=38 scheduled=38 total=50 op=16680 commit=16680 attempt=248/1500
waiting scenario=multi_50x1 entity=hm-scale-many-hmctrid-20260503013407 ready=38/50 pods_running=38 scheduled=38 total=50 op=16680 commit=16680 attempt=249/1500
waiting scenario=multi_50x1 entity=hm-scale-many-hmctrid-20260503013407 ready=38/50 pods_running=38 scheduled=38 total=50 op=16680 commit=16680 attempt=250/1500
waiting scenario=multi_50x1 entity=hm-scale-many-hmctrid-20260503013407 ready=38/50 pods_running=38 scheduled=38 total=50 op=16680 commit=16680 attempt=251/1500
waiting scenario=multi_50x1 entity=hm-scale-many-hmctrid-20260503013407 ready=38/50 pods_running=38 scheduled=38 total=50 op=16680 commit=16680 attempt=252/1500
waiting scenario=multi_50x1 entity=hm-scale-many-hmctrid-20260503013407 ready=38/50 pods_running=38 scheduled=38 total=50 op=16680 commit=16680 attempt=253/1500
waiting scenario=multi_50x1 entity=hm-scale-many-hmctrid-20260503013407 ready=38/50 pods_running=38 scheduled=38 total=50 op=16680 commit=16680 attempt=254/1500
waiting scenario=multi_50x1 entity=hm-scale-many-hmctrid-20260503013407 ready=38/50 pods_running=38 scheduled=38 total=50 op=16680 commit=16680 attempt=255/1500
waiting scenario=multi_50x1 entity=hm-scale-many-hmctrid-20260503013407 ready=38/50 pods_running=38 scheduled=38 total=50 op=16680 commit=16680 attempt=256/1500
waiting scenario=multi_50x1 entity=hm-scale-many-hmctrid-20260503013407 ready=38/50 pods_running=38 scheduled=38 total=50 op=16680 commit=16680 attempt=257/1500
waiting scenario=multi_50x1 entity=hm-scale-many-hmctrid-20260503013407 ready=38/50 pods_running=38 scheduled=38 total=50 op=16680 commit=16680 attempt=258/1500
waiting scenario=multi_50x1 entity=hm-scale-many-hmctrid-20260503013407 ready=38/50 pods_running=38 scheduled=38 total=50 op=16680 commit=16680 attempt=259/1500
waiting scenario=multi_50x1 entity=hm-scale-many-hmctrid-20260503013407 ready=38/50 pods_running=38 scheduled=38 total=50 op=16680 commit=16680 attempt=260/1500
waiting scenario=multi_50x1 entity=hm-scale-many-hmctrid-20260503013407 ready=38/50 pods_running=38 scheduled=38 total=50 op=16680 commit=16680 attempt=261/1500
waiting scenario=multi_50x1 entity=hm-scale-many-hmctrid-20260503013407 ready=38/50 pods_running=38 scheduled=38 total=50 op=16680 commit=16680 attempt=262/1500
waiting scenario=multi_50x1 entity=hm-scale-many-hmctrid-20260503013407 ready=38/50 pods_running=38 scheduled=38 total=50 op=16680 commit=16680 attempt=263/1500
waiting scenario=multi_50x1 entity=hm-scale-many-hmctrid-20260503013407 ready=38/50 pods_running=38 scheduled=38 total=50 op=16680 commit=16680 attempt=264/1500
waiting scenario=multi_50x1 entity=hm-scale-many-hmctrid-20260503013407 ready=38/50 pods_running=38 scheduled=38 total=50 op=16680 commit=16680 attempt=265/1500
waiting scenario=multi_50x1 entity=hm-scale-many-hmctrid-20260503013407 ready=38/50 pods_running=38 scheduled=38 total=50 op=16680 commit=16680 attempt=266/1500
waiting scenario=multi_50x1 entity=hm-scale-many-hmctrid-20260503013407 ready=38/50 pods_running=38 scheduled=38 total=50 op=16680 commit=16680 attempt=267/1500
waiting scenario=multi_50x1 entity=hm-scale-many-hmctrid-20260503013407 ready=38/50 pods_running=38 scheduled=38 total=50 op=16680 commit=16680 attempt=268/1500
waiting scenario=multi_50x1 entity=hm-scale-many-hmctrid-20260503013407 ready=38/50 pods_running=38 scheduled=38 total=50 op=16680 commit=16680 attempt=269/1500
waiting scenario=multi_50x1 entity=hm-scale-many-hmctrid-20260503013407 ready=38/50 pods_running=38 scheduled=38 total=50 op=16680 commit=16680 attempt=270/1500
waiting scenario=multi_50x1 entity=hm-scale-many-hmctrid-20260503013407 ready=38/50 pods_running=38 scheduled=38 total=50 op=16680 commit=16680 attempt=271/1500
waiting scenario=multi_50x1 entity=hm-scale-many-hmctrid-20260503013407 ready=38/50 pods_running=38 scheduled=38 total=50 op=16680 commit=16680 attempt=272/1500
waiting scenario=multi_50x1 entity=hm-scale-many-hmctrid-20260503013407 ready=38/50 pods_running=38 scheduled=38 total=50 op=16680 commit=16680 attempt=273/1500
waiting scenario=multi_50x1 entity=hm-scale-many-hmctrid-20260503013407 ready=38/50 pods_running=38 scheduled=38 total=50 op=16680 commit=16680 attempt=274/1500
waiting scenario=multi_50x1 entity=hm-scale-many-hmctrid-20260503013407 ready=38/50 pods_running=38 scheduled=38 total=50 op=16680 commit=16680 attempt=275/1500
waiting scenario=multi_50x1 entity=hm-scale-many-hmctrid-20260503013407 ready=38/50 pods_running=38 scheduled=38 total=50 op=16680 commit=16680 attempt=276/1500
waiting scenario=multi_50x1 entity=hm-scale-many-hmctrid-20260503013407 ready=38/50 pods_running=38 scheduled=38 total=50 op=16680 commit=16680 attempt=277/1500
waiting scenario=multi_50x1 entity=hm-scale-many-hmctrid-20260503013407 ready=38/50 pods_running=38 scheduled=38 total=50 op=16680 commit=16680 attempt=278/1500
waiting scenario=multi_50x1 entity=hm-scale-many-hmctrid-20260503013407 ready=38/50 pods_running=38 scheduled=38 total=50 op=16680 commit=16680 attempt=279/1500
waiting scenario=multi_50x1 entity=hm-scale-many-hmctrid-20260503013407 ready=38/50 pods_running=38 scheduled=38 total=50 op=16680 commit=16680 attempt=280/1500
waiting scenario=multi_50x1 entity=hm-scale-many-hmctrid-20260503013407 ready=38/50 pods_running=38 scheduled=38 total=50 op=16680 commit=16680 attempt=281/1500
waiting scenario=multi_50x1 entity=hm-scale-many-hmctrid-20260503013407 ready=38/50 pods_running=38 scheduled=38 total=50 op=16680 commit=16680 attempt=282/1500
waiting scenario=multi_50x1 entity=hm-scale-many-hmctrid-20260503013407 ready=38/50 pods_running=38 scheduled=38 total=50 op=16680 commit=16680 attempt=283/1500
waiting scenario=multi_50x1 entity=hm-scale-many-hmctrid-20260503013407 ready=38/50 pods_running=38 scheduled=38 total=50 op=16680 commit=16680 attempt=284/1500
waiting scenario=multi_50x1 entity=hm-scale-many-hmctrid-20260503013407 ready=38/50 pods_running=38 scheduled=38 total=50 op=16680 commit=16680 attempt=285/1500
waiting scenario=multi_50x1 entity=hm-scale-many-hmctrid-20260503013407 ready=38/50 pods_running=38 scheduled=38 total=50 op=16680 commit=16680 attempt=286/1500
waiting scenario=multi_50x1 entity=hm-scale-many-hmctrid-20260503013407 ready=38/50 pods_running=38 scheduled=38 total=50 op=16680 commit=16680 attempt=287/1500
waiting scenario=multi_50x1 entity=hm-scale-many-hmctrid-20260503013407 ready=38/50 pods_running=38 scheduled=38 total=50 op=16680 commit=16680 attempt=288/1500
waiting scenario=multi_50x1 entity=hm-scale-many-hmctrid-20260503013407 ready=38/50 pods_running=38 scheduled=38 total=50 op=16680 commit=16680 attempt=289/1500
waiting scenario=multi_50x1 entity=hm-scale-many-hmctrid-20260503013407 ready=38/50 pods_running=38 scheduled=38 total=50 op=16680 commit=16680 attempt=290/1500
waiting scenario=multi_50x1 entity=hm-scale-many-hmctrid-20260503013407 ready=38/50 pods_running=38 scheduled=38 total=50 op=16680 commit=16680 attempt=291/1500
waiting scenario=multi_50x1 entity=hm-scale-many-hmctrid-20260503013407 ready=38/50 pods_running=38 scheduled=38 total=50 op=16680 commit=16680 attempt=292/1500
waiting scenario=multi_50x1 entity=hm-scale-many-hmctrid-20260503013407 ready=38/50 pods_running=38 scheduled=38 total=50 op=16680 commit=16680 attempt=293/1500
waiting scenario=multi_50x1 entity=hm-scale-many-hmctrid-20260503013407 ready=38/50 pods_running=38 scheduled=38 total=50 op=16680 commit=16680 attempt=294/1500
waiting scenario=multi_50x1 entity=hm-scale-many-hmctrid-20260503013407 ready=38/50 pods_running=38 scheduled=38 total=50 op=16680 commit=16680 attempt=295/1500
waiting scenario=multi_50x1 entity=hm-scale-many-hmctrid-20260503013407 ready=38/50 pods_running=38 scheduled=38 total=50 op=16680 commit=16680 attempt=296/1500
waiting scenario=multi_50x1 entity=hm-scale-many-hmctrid-20260503013407 ready=38/50 pods_running=38 scheduled=38 total=50 op=16680 commit=16680 attempt=297/1500
waiting scenario=multi_50x1 entity=hm-scale-many-hmctrid-20260503013407 ready=38/50 pods_running=38 scheduled=38 total=50 op=16680 commit=16680 attempt=298/1500
waiting scenario=multi_50x1 entity=hm-scale-many-hmctrid-20260503013407 ready=38/50 pods_running=38 scheduled=38 total=50 op=16680 commit=16680 attempt=299/1500
waiting scenario=multi_50x1 entity=hm-scale-many-hmctrid-20260503013407 ready=38/50 pods_running=38 scheduled=38 total=50 op=16680 commit=16680 attempt=300/1500
waiting scenario=multi_50x1 entity=hm-scale-many-hmctrid-20260503013407 ready=38/50 pods_running=38 scheduled=38 total=50 op=16680 commit=16680 attempt=301/1500
waiting scenario=multi_50x1 entity=hm-scale-many-hmctrid-20260503013407 ready=38/50 pods_running=38 scheduled=38 total=50 op=16680 commit=16680 attempt=302/1500
waiting scenario=multi_50x1 entity=hm-scale-many-hmctrid-20260503013407 ready=38/50 pods_running=38 scheduled=38 total=50 op=16680 commit=16680 attempt=303/1500
waiting scenario=multi_50x1 entity=hm-scale-many-hmctrid-20260503013407 ready=38/50 pods_running=38 scheduled=38 total=50 op=16680 commit=16680 attempt=304/1500
waiting scenario=multi_50x1 entity=hm-scale-many-hmctrid-20260503013407 ready=38/50 pods_running=38 scheduled=38 total=50 op=16680 commit=16680 attempt=305/1500
waiting scenario=multi_50x1 entity=hm-scale-many-hmctrid-20260503013407 ready=38/50 pods_running=38 scheduled=38 total=50 op=16680 commit=16680 attempt=306/1500
waiting scenario=multi_50x1 entity=hm-scale-many-hmctrid-20260503013407 ready=38/50 pods_running=38 scheduled=38 total=50 op=16680 commit=16680 attempt=307/1500
waiting scenario=multi_50x1 entity=hm-scale-many-hmctrid-20260503013407 ready=38/50 pods_running=38 scheduled=38 total=50 op=16680 commit=16680 attempt=308/1500
waiting scenario=multi_50x1 entity=hm-scale-many-hmctrid-20260503013407 ready=38/50 pods_running=38 scheduled=38 total=50 op=16680 commit=16680 attempt=309/1500
waiting scenario=multi_50x1 entity=hm-scale-many-hmctrid-20260503013407 ready=38/50 pods_running=38 scheduled=38 total=50 op=16680 commit=16680 attempt=310/1500
waiting scenario=multi_50x1 entity=hm-scale-many-hmctrid-20260503013407 ready=38/50 pods_running=38 scheduled=38 total=50 op=16680 commit=16680 attempt=311/1500
waiting scenario=multi_50x1 entity=hm-scale-many-hmctrid-20260503013407 ready=38/50 pods_running=38 scheduled=38 total=50 op=16680 commit=16680 attempt=312/1500
waiting scenario=multi_50x1 entity=hm-scale-many-hmctrid-20260503013407 ready=38/50 pods_running=38 scheduled=38 total=50 op=16680 commit=16680 attempt=313/1500
waiting scenario=multi_50x1 entity=hm-scale-many-hmctrid-20260503013407 ready=38/50 pods_running=38 scheduled=38 total=50 op=16680 commit=16680 attempt=314/1500
waiting scenario=multi_50x1 entity=hm-scale-many-hmctrid-20260503013407 ready=38/50 pods_running=38 scheduled=38 total=50 op=16680 commit=16680 attempt=315/1500
waiting scenario=multi_50x1 entity=hm-scale-many-hmctrid-20260503013407 ready=38/50 pods_running=38 scheduled=38 total=50 op=16680 commit=16680 attempt=316/1500
waiting scenario=multi_50x1 entity=hm-scale-many-hmctrid-20260503013407 ready=38/50 pods_running=38 scheduled=38 total=50 op=16680 commit=16680 attempt=317/1500
waiting scenario=multi_50x1 entity=hm-scale-many-hmctrid-20260503013407 ready=38/50 pods_running=38 scheduled=38 total=50 op=16680 commit=16680 attempt=318/1500
waiting scenario=multi_50x1 entity=hm-scale-many-hmctrid-20260503013407 ready=38/50 pods_running=38 scheduled=38 total=50 op=16680 commit=16680 attempt=319/1500
waiting scenario=multi_50x1 entity=hm-scale-many-hmctrid-20260503013407 ready=38/50 pods_running=38 scheduled=38 total=50 op=16680 commit=16680 attempt=320/1500
waiting scenario=multi_50x1 entity=hm-scale-many-hmctrid-20260503013407 ready=38/50 pods_running=38 scheduled=38 total=50 op=16680 commit=16680 attempt=321/1500
waiting scenario=multi_50x1 entity=hm-scale-many-hmctrid-20260503013407 ready=38/50 pods_running=38 scheduled=38 total=50 op=16680 commit=16680 attempt=322/1500
waiting scenario=multi_50x1 entity=hm-scale-many-hmctrid-20260503013407 ready=38/50 pods_running=38 scheduled=38 total=50 op=16680 commit=16680 attempt=323/1500
waiting scenario=multi_50x1 entity=hm-scale-many-hmctrid-20260503013407 ready=38/50 pods_running=38 scheduled=38 total=50 op=16680 commit=16680 attempt=324/1500
waiting scenario=multi_50x1 entity=hm-scale-many-hmctrid-20260503013407 ready=38/50 pods_running=38 scheduled=38 total=50 op=16680 commit=16680 attempt=325/1500
waiting scenario=multi_50x1 entity=hm-scale-many-hmctrid-20260503013407 ready=38/50 pods_running=38 scheduled=38 total=50 op=16680 commit=16680 attempt=326/1500
waiting scenario=multi_50x1 entity=hm-scale-many-hmctrid-20260503013407 ready=38/50 pods_running=38 scheduled=38 total=50 op=16680 commit=16680 attempt=327/1500
waiting scenario=multi_50x1 entity=hm-scale-many-hmctrid-20260503013407 ready=38/50 pods_running=38 scheduled=38 total=50 op=16680 commit=16680 attempt=328/1500
waiting scenario=multi_50x1 entity=hm-scale-many-hmctrid-20260503013407 ready=38/50 pods_running=38 scheduled=38 total=50 op=16680 commit=16680 attempt=329/1500
waiting scenario=multi_50x1 entity=hm-scale-many-hmctrid-20260503013407 ready=38/50 pods_running=38 scheduled=38 total=50 op=16680 commit=16680 attempt=330/1500
waiting scenario=multi_50x1 entity=hm-scale-many-hmctrid-20260503013407 ready=38/50 pods_running=38 scheduled=38 total=50 op=16680 commit=16680 attempt=331/1500
waiting scenario=multi_50x1 entity=hm-scale-many-hmctrid-20260503013407 ready=38/50 pods_running=38 scheduled=38 total=50 op=16680 commit=16680 attempt=332/1500
waiting scenario=multi_50x1 entity=hm-scale-many-hmctrid-20260503013407 ready=38/50 pods_running=38 scheduled=38 total=50 op=16680 commit=16680 attempt=333/1500
waiting scenario=multi_50x1 entity=hm-scale-many-hmctrid-20260503013407 ready=38/50 pods_running=38 scheduled=38 total=50 op=16680 commit=16680 attempt=334/1500
waiting scenario=multi_50x1 entity=hm-scale-many-hmctrid-20260503013407 ready=38/50 pods_running=38 scheduled=38 total=50 op=16680 commit=16680 attempt=335/1500
waiting scenario=multi_50x1 entity=hm-scale-many-hmctrid-20260503013407 ready=38/50 pods_running=38 scheduled=38 total=50 op=16680 commit=16680 attempt=336/1500
waiting scenario=multi_50x1 entity=hm-scale-many-hmctrid-20260503013407 ready=38/50 pods_running=38 scheduled=38 total=50 op=16680 commit=16680 attempt=337/1500
waiting scenario=multi_50x1 entity=hm-scale-many-hmctrid-20260503013407 ready=38/50 pods_running=38 scheduled=38 total=50 op=16680 commit=16680 attempt=338/1500
waiting scenario=multi_50x1 entity=hm-scale-many-hmctrid-20260503013407 ready=38/50 pods_running=38 scheduled=38 total=50 op=16680 commit=16680 attempt=339/1500
waiting scenario=multi_50x1 entity=hm-scale-many-hmctrid-20260503013407 ready=38/50 pods_running=38 scheduled=38 total=50 op=16680 commit=16680 attempt=340/1500
waiting scenario=multi_50x1 entity=hm-scale-many-hmctrid-20260503013407 ready=38/50 pods_running=38 scheduled=38 total=50 op=16680 commit=16680 attempt=341/1500
waiting scenario=multi_50x1 entity=hm-scale-many-hmctrid-20260503013407 ready=38/50 pods_running=38 scheduled=38 total=50 op=16680 commit=16680 attempt=342/1500
waiting scenario=multi_50x1 entity=hm-scale-many-hmctrid-20260503013407 ready=38/50 pods_running=38 scheduled=38 total=50 op=16680 commit=16680 attempt=343/1500
waiting scenario=multi_50x1 entity=hm-scale-many-hmctrid-20260503013407 ready=38/50 pods_running=38 scheduled=38 total=50 op=16680 commit=16680 attempt=344/1500
waiting scenario=multi_50x1 entity=hm-scale-many-hmctrid-20260503013407 ready=38/50 pods_running=38 scheduled=38 total=50 op=16680 commit=16680 attempt=345/1500
waiting scenario=multi_50x1 entity=hm-scale-many-hmctrid-20260503013407 ready=38/50 pods_running=38 scheduled=38 total=50 op=16680 commit=16680 attempt=346/1500
waiting scenario=multi_50x1 entity=hm-scale-many-hmctrid-20260503013407 ready=38/50 pods_running=38 scheduled=38 total=50 op=16680 commit=16680 attempt=347/1500
waiting scenario=multi_50x1 entity=hm-scale-many-hmctrid-20260503013407 ready=38/50 pods_running=38 scheduled=38 total=50 op=16680 commit=16680 attempt=348/1500
waiting scenario=multi_50x1 entity=hm-scale-many-hmctrid-20260503013407 ready=38/50 pods_running=38 scheduled=38 total=50 op=16680 commit=16680 attempt=349/1500
waiting scenario=multi_50x1 entity=hm-scale-many-hmctrid-20260503013407 ready=38/50 pods_running=38 scheduled=38 total=50 op=16680 commit=16680 attempt=350/1500
waiting scenario=multi_50x1 entity=hm-scale-many-hmctrid-20260503013407 ready=38/50 pods_running=38 scheduled=38 total=50 op=16680 commit=16680 attempt=351/1500
waiting scenario=multi_50x1 entity=hm-scale-many-hmctrid-20260503013407 ready=38/50 pods_running=38 scheduled=38 total=50 op=16680 commit=16680 attempt=352/1500
waiting scenario=multi_50x1 entity=hm-scale-many-hmctrid-20260503013407 ready=38/50 pods_running=38 scheduled=38 total=50 op=16680 commit=16680 attempt=353/1500
waiting scenario=multi_50x1 entity=hm-scale-many-hmctrid-20260503013407 ready=38/50 pods_running=38 scheduled=38 total=50 op=16680 commit=16680 attempt=354/1500
waiting scenario=multi_50x1 entity=hm-scale-many-hmctrid-20260503013407 ready=38/50 pods_running=38 scheduled=38 total=50 op=16680 commit=16680 attempt=355/1500
waiting scenario=multi_50x1 entity=hm-scale-many-hmctrid-20260503013407 ready=38/50 pods_running=38 scheduled=38 total=50 op=16680 commit=16680 attempt=356/1500
waiting scenario=multi_50x1 entity=hm-scale-many-hmctrid-20260503013407 ready=38/50 pods_running=38 scheduled=38 total=50 op=16680 commit=16680 attempt=357/1500
waiting scenario=multi_50x1 entity=hm-scale-many-hmctrid-20260503013407 ready=38/50 pods_running=38 scheduled=38 total=50 op=16680 commit=16680 attempt=358/1500
waiting scenario=multi_50x1 entity=hm-scale-many-hmctrid-20260503013407 ready=38/50 pods_running=38 scheduled=38 total=50 op=16680 commit=16680 attempt=359/1500
waiting scenario=multi_50x1 entity=hm-scale-many-hmctrid-20260503013407 ready=38/50 pods_running=38 scheduled=38 total=50 op=16680 commit=16680 attempt=360/1500
waiting scenario=multi_50x1 entity=hm-scale-many-hmctrid-20260503013407 ready=38/50 pods_running=38 scheduled=38 total=50 op=16680 commit=16680 attempt=361/1500
waiting scenario=multi_50x1 entity=hm-scale-many-hmctrid-20260503013407 ready=38/50 pods_running=38 scheduled=38 total=50 op=16680 commit=16680 attempt=362/1500
waiting scenario=multi_50x1 entity=hm-scale-many-hmctrid-20260503013407 ready=38/50 pods_running=38 scheduled=38 total=50 op=16680 commit=16680 attempt=363/1500
waiting scenario=multi_50x1 entity=hm-scale-many-hmctrid-20260503013407 ready=38/50 pods_running=38 scheduled=38 total=50 op=16680 commit=16680 attempt=364/1500
waiting scenario=multi_50x1 entity=hm-scale-many-hmctrid-20260503013407 ready=38/50 pods_running=38 scheduled=38 total=50 op=16680 commit=16680 attempt=365/1500
waiting scenario=multi_50x1 entity=hm-scale-many-hmctrid-20260503013407 ready=38/50 pods_running=38 scheduled=38 total=50 op=16680 commit=16680 attempt=366/1500
waiting scenario=multi_50x1 entity=hm-scale-many-hmctrid-20260503013407 ready=38/50 pods_running=38 scheduled=38 total=50 op=16680 commit=16680 attempt=367/1500
waiting scenario=multi_50x1 entity=hm-scale-many-hmctrid-20260503013407 ready=38/50 pods_running=38 scheduled=38 total=50 op=16680 commit=16680 attempt=368/1500
waiting scenario=multi_50x1 entity=hm-scale-many-hmctrid-20260503013407 ready=38/50 pods_running=38 scheduled=38 total=50 op=16680 commit=16680 attempt=369/1500
waiting scenario=multi_50x1 entity=hm-scale-many-hmctrid-20260503013407 ready=38/50 pods_running=38 scheduled=38 total=50 op=16680 commit=16680 attempt=370/1500
waiting scenario=multi_50x1 entity=hm-scale-many-hmctrid-20260503013407 ready=38/50 pods_running=38 scheduled=38 total=50 op=16680 commit=16680 attempt=371/1500
waiting scenario=multi_50x1 entity=hm-scale-many-hmctrid-20260503013407 ready=38/50 pods_running=38 scheduled=38 total=50 op=16680 commit=16680 attempt=372/1500
waiting scenario=multi_50x1 entity=hm-scale-many-hmctrid-20260503013407 ready=38/50 pods_running=38 scheduled=38 total=50 op=16680 commit=16680 attempt=373/1500
waiting scenario=multi_50x1 entity=hm-scale-many-hmctrid-20260503013407 ready=38/50 pods_running=38 scheduled=38 total=50 op=16680 commit=16680 attempt=374/1500
waiting scenario=multi_50x1 entity=hm-scale-many-hmctrid-20260503013407 ready=38/50 pods_running=38 scheduled=38 total=50 op=16680 commit=16680 attempt=375/1500
waiting scenario=multi_50x1 entity=hm-scale-many-hmctrid-20260503013407 ready=38/50 pods_running=38 scheduled=38 total=50 op=16680 commit=16680 attempt=376/1500
waiting scenario=multi_50x1 entity=hm-scale-many-hmctrid-20260503013407 ready=38/50 pods_running=38 scheduled=38 total=50 op=16680 commit=16680 attempt=377/1500
waiting scenario=multi_50x1 entity=hm-scale-many-hmctrid-20260503013407 ready=38/50 pods_running=38 scheduled=38 total=50 op=16680 commit=16680 attempt=378/1500
waiting scenario=multi_50x1 entity=hm-scale-many-hmctrid-20260503013407 ready=38/50 pods_running=38 scheduled=38 total=50 op=16680 commit=16680 attempt=379/1500
waiting scenario=multi_50x1 entity=hm-scale-many-hmctrid-20260503013407 ready=38/50 pods_running=38 scheduled=38 total=50 op=16680 commit=16680 attempt=380/1500
waiting scenario=multi_50x1 entity=hm-scale-many-hmctrid-20260503013407 ready=38/50 pods_running=38 scheduled=38 total=50 op=16680 commit=16680 attempt=381/1500
waiting scenario=multi_50x1 entity=hm-scale-many-hmctrid-20260503013407 ready=38/50 pods_running=38 scheduled=38 total=50 op=16680 commit=16680 attempt=382/1500
waiting scenario=multi_50x1 entity=hm-scale-many-hmctrid-20260503013407 ready=38/50 pods_running=38 scheduled=38 total=50 op=16680 commit=16680 attempt=383/1500
waiting scenario=multi_50x1 entity=hm-scale-many-hmctrid-20260503013407 ready=38/50 pods_running=38 scheduled=38 total=50 op=16680 commit=16680 attempt=384/1500
waiting scenario=multi_50x1 entity=hm-scale-many-hmctrid-20260503013407 ready=38/50 pods_running=38 scheduled=38 total=50 op=16680 commit=16680 attempt=385/1500
waiting scenario=multi_50x1 entity=hm-scale-many-hmctrid-20260503013407 ready=38/50 pods_running=38 scheduled=38 total=50 op=16680 commit=16680 attempt=386/1500
waiting scenario=multi_50x1 entity=hm-scale-many-hmctrid-20260503013407 ready=38/50 pods_running=38 scheduled=38 total=50 op=16680 commit=16680 attempt=387/1500
waiting scenario=multi_50x1 entity=hm-scale-many-hmctrid-20260503013407 ready=38/50 pods_running=38 scheduled=38 total=50 op=16680 commit=16680 attempt=388/1500
waiting scenario=multi_50x1 entity=hm-scale-many-hmctrid-20260503013407 ready=38/50 pods_running=38 scheduled=38 total=50 op=16680 commit=16680 attempt=389/1500
waiting scenario=multi_50x1 entity=hm-scale-many-hmctrid-20260503013407 ready=38/50 pods_running=38 scheduled=38 total=50 op=16680 commit=16680 attempt=390/1500
waiting scenario=multi_50x1 entity=hm-scale-many-hmctrid-20260503013407 ready=38/50 pods_running=38 scheduled=38 total=50 op=16680 commit=16680 attempt=391/1500
waiting scenario=multi_50x1 entity=hm-scale-many-hmctrid-20260503013407 ready=38/50 pods_running=38 scheduled=38 total=50 op=16680 commit=16680 attempt=392/1500
waiting scenario=multi_50x1 entity=hm-scale-many-hmctrid-20260503013407 ready=38/50 pods_running=38 scheduled=38 total=50 op=16680 commit=16680 attempt=393/1500
waiting scenario=multi_50x1 entity=hm-scale-many-hmctrid-20260503013407 ready=38/50 pods_running=38 scheduled=38 total=50 op=16680 commit=16680 attempt=394/1500
waiting scenario=multi_50x1 entity=hm-scale-many-hmctrid-20260503013407 ready=38/50 pods_running=38 scheduled=38 total=50 op=16680 commit=16680 attempt=395/1500
waiting scenario=multi_50x1 entity=hm-scale-many-hmctrid-20260503013407 ready=38/50 pods_running=38 scheduled=38 total=50 op=16680 commit=16680 attempt=396/1500
waiting scenario=multi_50x1 entity=hm-scale-many-hmctrid-20260503013407 ready=38/50 pods_running=38 scheduled=38 total=50 op=16680 commit=16680 attempt=397/1500
waiting scenario=multi_50x1 entity=hm-scale-many-hmctrid-20260503013407 ready=38/50 pods_running=38 scheduled=38 total=50 op=16680 commit=16680 attempt=398/1500
waiting scenario=multi_50x1 entity=hm-scale-many-hmctrid-20260503013407 ready=38/50 pods_running=38 scheduled=38 total=50 op=16680 commit=16680 attempt=399/1500
waiting scenario=multi_50x1 entity=hm-scale-many-hmctrid-20260503013407 ready=38/50 pods_running=38 scheduled=38 total=50 op=16680 commit=16680 attempt=400/1500
waiting scenario=multi_50x1 entity=hm-scale-many-hmctrid-20260503013407 ready=38/50 pods_running=38 scheduled=38 total=50 op=16680 commit=16680 attempt=401/1500
waiting scenario=multi_50x1 entity=hm-scale-many-hmctrid-20260503013407 ready=38/50 pods_running=38 scheduled=38 total=50 op=16680 commit=16680 attempt=402/1500
waiting scenario=multi_50x1 entity=hm-scale-many-hmctrid-20260503013407 ready=38/50 pods_running=38 scheduled=38 total=50 op=16680 commit=16680 attempt=403/1500
waiting scenario=multi_50x1 entity=hm-scale-many-hmctrid-20260503013407 ready=38/50 pods_running=38 scheduled=38 total=50 op=16680 commit=16680 attempt=404/1500
waiting scenario=multi_50x1 entity=hm-scale-many-hmctrid-20260503013407 ready=38/50 pods_running=38 scheduled=38 total=50 op=16680 commit=16680 attempt=405/1500
waiting scenario=multi_50x1 entity=hm-scale-many-hmctrid-20260503013407 ready=38/50 pods_running=38 scheduled=38 total=50 op=16680 commit=16680 attempt=406/1500
waiting scenario=multi_50x1 entity=hm-scale-many-hmctrid-20260503013407 ready=38/50 pods_running=38 scheduled=38 total=50 op=16680 commit=16680 attempt=407/1500
waiting scenario=multi_50x1 entity=hm-scale-many-hmctrid-20260503013407 ready=38/50 pods_running=38 scheduled=38 total=50 op=16680 commit=16680 attempt=408/1500
waiting scenario=multi_50x1 entity=hm-scale-many-hmctrid-20260503013407 ready=38/50 pods_running=38 scheduled=38 total=50 op=16680 commit=16680 attempt=409/1500
waiting scenario=multi_50x1 entity=hm-scale-many-hmctrid-20260503013407 ready=38/50 pods_running=38 scheduled=38 total=50 op=16680 commit=16680 attempt=410/1500
waiting scenario=multi_50x1 entity=hm-scale-many-hmctrid-20260503013407 ready=38/50 pods_running=38 scheduled=38 total=50 op=16680 commit=16680 attempt=411/1500
waiting scenario=multi_50x1 entity=hm-scale-many-hmctrid-20260503013407 ready=38/50 pods_running=38 scheduled=38 total=50 op=16680 commit=16680 attempt=412/1500
waiting scenario=multi_50x1 entity=hm-scale-many-hmctrid-20260503013407 ready=38/50 pods_running=38 scheduled=38 total=50 op=16680 commit=16680 attempt=413/1500
waiting scenario=multi_50x1 entity=hm-scale-many-hmctrid-20260503013407 ready=38/50 pods_running=38 scheduled=38 total=50 op=16680 commit=16680 attempt=414/1500
waiting scenario=multi_50x1 entity=hm-scale-many-hmctrid-20260503013407 ready=38/50 pods_running=38 scheduled=38 total=50 op=16680 commit=16680 attempt=415/1500
waiting scenario=multi_50x1 entity=hm-scale-many-hmctrid-20260503013407 ready=38/50 pods_running=38 scheduled=38 total=50 op=16680 commit=16680 attempt=416/1500
waiting scenario=multi_50x1 entity=hm-scale-many-hmctrid-20260503013407 ready=38/50 pods_running=38 scheduled=38 total=50 op=16680 commit=16680 attempt=417/1500
waiting scenario=multi_50x1 entity=hm-scale-many-hmctrid-20260503013407 ready=38/50 pods_running=38 scheduled=38 total=50 op=16680 commit=16680 attempt=418/1500
waiting scenario=multi_50x1 entity=hm-scale-many-hmctrid-20260503013407 ready=38/50 pods_running=38 scheduled=38 total=50 op=16680 commit=16680 attempt=419/1500
waiting scenario=multi_50x1 entity=hm-scale-many-hmctrid-20260503013407 ready=38/50 pods_running=38 scheduled=38 total=50 op=16680 commit=16680 attempt=420/1500
waiting scenario=multi_50x1 entity=hm-scale-many-hmctrid-20260503013407 ready=38/50 pods_running=38 scheduled=38 total=50 op=16680 commit=16680 attempt=421/1500
waiting scenario=multi_50x1 entity=hm-scale-many-hmctrid-20260503013407 ready=38/50 pods_running=38 scheduled=38 total=50 op=16680 commit=16680 attempt=422/1500
waiting scenario=multi_50x1 entity=hm-scale-many-hmctrid-20260503013407 ready=38/50 pods_running=38 scheduled=38 total=50 op=16680 commit=16680 attempt=423/1500
waiting scenario=multi_50x1 entity=hm-scale-many-hmctrid-20260503013407 ready=38/50 pods_running=38 scheduled=38 total=50 op=16680 commit=16680 attempt=424/1500
waiting scenario=multi_50x1 entity=hm-scale-many-hmctrid-20260503013407 ready=38/50 pods_running=38 scheduled=38 total=50 op=16680 commit=16680 attempt=425/1500
waiting scenario=multi_50x1 entity=hm-scale-many-hmctrid-20260503013407 ready=38/50 pods_running=38 scheduled=38 total=50 op=16680 commit=16680 attempt=426/1500
waiting scenario=multi_50x1 entity=hm-scale-many-hmctrid-20260503013407 ready=38/50 pods_running=38 scheduled=38 total=50 op=16680 commit=16680 attempt=427/1500
waiting scenario=multi_50x1 entity=hm-scale-many-hmctrid-20260503013407 ready=38/50 pods_running=38 scheduled=38 total=50 op=16680 commit=16680 attempt=428/1500
waiting scenario=multi_50x1 entity=hm-scale-many-hmctrid-20260503013407 ready=38/50 pods_running=38 scheduled=38 total=50 op=16680 commit=16680 attempt=429/1500
waiting scenario=multi_50x1 entity=hm-scale-many-hmctrid-20260503013407 ready=38/50 pods_running=38 scheduled=38 total=50 op=16680 commit=16680 attempt=430/1500
waiting scenario=multi_50x1 entity=hm-scale-many-hmctrid-20260503013407 ready=38/50 pods_running=38 scheduled=38 total=50 op=16680 commit=16680 attempt=431/1500
waiting scenario=multi_50x1 entity=hm-scale-many-hmctrid-20260503013407 ready=38/50 pods_running=38 scheduled=38 total=50 op=16680 commit=16680 attempt=432/1500
waiting scenario=multi_50x1 entity=hm-scale-many-hmctrid-20260503013407 ready=38/50 pods_running=38 scheduled=38 total=50 op=16680 commit=16680 attempt=433/1500
waiting scenario=multi_50x1 entity=hm-scale-many-hmctrid-20260503013407 ready=38/50 pods_running=38 scheduled=38 total=50 op=16680 commit=16680 attempt=434/1500
waiting scenario=multi_50x1 entity=hm-scale-many-hmctrid-20260503013407 ready=38/50 pods_running=38 scheduled=38 total=50 op=16680 commit=16680 attempt=435/1500
waiting scenario=multi_50x1 entity=hm-scale-many-hmctrid-20260503013407 ready=38/50 pods_running=38 scheduled=38 total=50 op=16680 commit=16680 attempt=436/1500
waiting scenario=multi_50x1 entity=hm-scale-many-hmctrid-20260503013407 ready=38/50 pods_running=38 scheduled=38 total=50 op=16680 commit=16680 attempt=437/1500
waiting scenario=multi_50x1 entity=hm-scale-many-hmctrid-20260503013407 ready=38/50 pods_running=38 scheduled=38 total=50 op=16680 commit=16680 attempt=438/1500
waiting scenario=multi_50x1 entity=hm-scale-many-hmctrid-20260503013407 ready=38/50 pods_running=38 scheduled=38 total=50 op=16680 commit=16680 attempt=439/1500
waiting scenario=multi_50x1 entity=hm-scale-many-hmctrid-20260503013407 ready=38/50 pods_running=38 scheduled=38 total=50 op=16680 commit=16680 attempt=440/1500
waiting scenario=multi_50x1 entity=hm-scale-many-hmctrid-20260503013407 ready=38/50 pods_running=38 scheduled=38 total=50 op=16680 commit=16680 attempt=441/1500
waiting scenario=multi_50x1 entity=hm-scale-many-hmctrid-20260503013407 ready=38/50 pods_running=38 scheduled=38 total=50 op=16680 commit=16680 attempt=442/1500
waiting scenario=multi_50x1 entity=hm-scale-many-hmctrid-20260503013407 ready=38/50 pods_running=38 scheduled=38 total=50 op=16680 commit=16680 attempt=443/1500
waiting scenario=multi_50x1 entity=hm-scale-many-hmctrid-20260503013407 ready=38/50 pods_running=38 scheduled=38 total=50 op=16680 commit=16680 attempt=444/1500
waiting scenario=multi_50x1 entity=hm-scale-many-hmctrid-20260503013407 ready=38/50 pods_running=38 scheduled=38 total=50 op=16680 commit=16680 attempt=445/1500
waiting scenario=multi_50x1 entity=hm-scale-many-hmctrid-20260503013407 ready=38/50 pods_running=38 scheduled=38 total=50 op=16680 commit=16680 attempt=446/1500
waiting scenario=multi_50x1 entity=hm-scale-many-hmctrid-20260503013407 ready=38/50 pods_running=38 scheduled=38 total=50 op=16680 commit=16680 attempt=447/1500
waiting scenario=multi_50x1 entity=hm-scale-many-hmctrid-20260503013407 ready=38/50 pods_running=38 scheduled=38 total=50 op=16680 commit=16680 attempt=448/1500
waiting scenario=multi_50x1 entity=hm-scale-many-hmctrid-20260503013407 ready=38/50 pods_running=38 scheduled=38 total=50 op=16680 commit=16680 attempt=449/1500
waiting scenario=multi_50x1 entity=hm-scale-many-hmctrid-20260503013407 ready=38/50 pods_running=38 scheduled=38 total=50 op=16680 commit=16680 attempt=450/1500
waiting scenario=multi_50x1 entity=hm-scale-many-hmctrid-20260503013407 ready=38/50 pods_running=38 scheduled=38 total=50 op=16680 commit=16680 attempt=451/1500
waiting scenario=multi_50x1 entity=hm-scale-many-hmctrid-20260503013407 ready=38/50 pods_running=38 scheduled=38 total=50 op=16680 commit=16680 attempt=452/1500
waiting scenario=multi_50x1 entity=hm-scale-many-hmctrid-20260503013407 ready=38/50 pods_running=38 scheduled=38 total=50 op=16680 commit=16680 attempt=453/1500
waiting scenario=multi_50x1 entity=hm-scale-many-hmctrid-20260503013407 ready=38/50 pods_running=38 scheduled=38 total=50 op=16680 commit=16680 attempt=454/1500
waiting scenario=multi_50x1 entity=hm-scale-many-hmctrid-20260503013407 ready=38/50 pods_running=38 scheduled=38 total=50 op=16680 commit=16680 attempt=455/1500
waiting scenario=multi_50x1 entity=hm-scale-many-hmctrid-20260503013407 ready=38/50 pods_running=38 scheduled=38 total=50 op=16680 commit=16680 attempt=456/1500
waiting scenario=multi_50x1 entity=hm-scale-many-hmctrid-20260503013407 ready=38/50 pods_running=38 scheduled=38 total=50 op=16680 commit=16680 attempt=457/1500
waiting scenario=multi_50x1 entity=hm-scale-many-hmctrid-20260503013407 ready=38/50 pods_running=38 scheduled=38 total=50 op=16680 commit=16680 attempt=458/1500
waiting scenario=multi_50x1 entity=hm-scale-many-hmctrid-20260503013407 ready=38/50 pods_running=38 scheduled=38 total=50 op=16680 commit=16680 attempt=459/1500
waiting scenario=multi_50x1 entity=hm-scale-many-hmctrid-20260503013407 ready=38/50 pods_running=38 scheduled=38 total=50 op=16680 commit=16680 attempt=460/1500
waiting scenario=multi_50x1 entity=hm-scale-many-hmctrid-20260503013407 ready=38/50 pods_running=38 scheduled=38 total=50 op=16680 commit=16680 attempt=461/1500
waiting scenario=multi_50x1 entity=hm-scale-many-hmctrid-20260503013407 ready=38/50 pods_running=38 scheduled=38 total=50 op=16680 commit=16680 attempt=462/1500
waiting scenario=multi_50x1 entity=hm-scale-many-hmctrid-20260503013407 ready=38/50 pods_running=38 scheduled=38 total=50 op=16680 commit=16680 attempt=463/1500
waiting scenario=multi_50x1 entity=hm-scale-many-hmctrid-20260503013407 ready=38/50 pods_running=38 scheduled=38 total=50 op=16680 commit=16680 attempt=464/1500
waiting scenario=multi_50x1 entity=hm-scale-many-hmctrid-20260503013407 ready=38/50 pods_running=38 scheduled=38 total=50 op=16680 commit=16680 attempt=465/1500
waiting scenario=multi_50x1 entity=hm-scale-many-hmctrid-20260503013407 ready=38/50 pods_running=38 scheduled=38 total=50 op=16680 commit=16680 attempt=466/1500
waiting scenario=multi_50x1 entity=hm-scale-many-hmctrid-20260503013407 ready=38/50 pods_running=38 scheduled=38 total=50 op=16680 commit=16680 attempt=467/1500
waiting scenario=multi_50x1 entity=hm-scale-many-hmctrid-20260503013407 ready=38/50 pods_running=38 scheduled=38 total=50 op=16680 commit=16680 attempt=468/1500
waiting scenario=multi_50x1 entity=hm-scale-many-hmctrid-20260503013407 ready=38/50 pods_running=38 scheduled=38 total=50 op=16680 commit=16680 attempt=469/1500
waiting scenario=multi_50x1 entity=hm-scale-many-hmctrid-20260503013407 ready=38/50 pods_running=38 scheduled=38 total=50 op=16680 commit=16680 attempt=470/1500
waiting scenario=multi_50x1 entity=hm-scale-many-hmctrid-20260503013407 ready=38/50 pods_running=38 scheduled=38 total=50 op=16680 commit=16680 attempt=471/1500
waiting scenario=multi_50x1 entity=hm-scale-many-hmctrid-20260503013407 ready=38/50 pods_running=38 scheduled=38 total=50 op=16680 commit=16680 attempt=472/1500
waiting scenario=multi_50x1 entity=hm-scale-many-hmctrid-20260503013407 ready=38/50 pods_running=38 scheduled=38 total=50 op=16680 commit=16680 attempt=473/1500
waiting scenario=multi_50x1 entity=hm-scale-many-hmctrid-20260503013407 ready=38/50 pods_running=38 scheduled=38 total=50 op=16680 commit=16680 attempt=474/1500
waiting scenario=multi_50x1 entity=hm-scale-many-hmctrid-20260503013407 ready=38/50 pods_running=38 scheduled=38 total=50 op=16680 commit=16680 attempt=475/1500
waiting scenario=multi_50x1 entity=hm-scale-many-hmctrid-20260503013407 ready=38/50 pods_running=38 scheduled=38 total=50 op=16680 commit=16680 attempt=476/1500
waiting scenario=multi_50x1 entity=hm-scale-many-hmctrid-20260503013407 ready=38/50 pods_running=38 scheduled=38 total=50 op=16680 commit=16680 attempt=477/1500
waiting scenario=multi_50x1 entity=hm-scale-many-hmctrid-20260503013407 ready=38/50 pods_running=38 scheduled=38 total=50 op=16680 commit=16680 attempt=478/1500
waiting scenario=multi_50x1 entity=hm-scale-many-hmctrid-20260503013407 ready=38/50 pods_running=38 scheduled=38 total=50 op=16680 commit=16680 attempt=479/1500
waiting scenario=multi_50x1 entity=hm-scale-many-hmctrid-20260503013407 ready=38/50 pods_running=38 scheduled=38 total=50 op=16680 commit=16680 attempt=480/1500
waiting scenario=multi_50x1 entity=hm-scale-many-hmctrid-20260503013407 ready=38/50 pods_running=38 scheduled=38 total=50 op=16680 commit=16680 attempt=481/1500
waiting scenario=multi_50x1 entity=hm-scale-many-hmctrid-20260503013407 ready=38/50 pods_running=38 scheduled=38 total=50 op=16680 commit=16680 attempt=482/1500
waiting scenario=multi_50x1 entity=hm-scale-many-hmctrid-20260503013407 ready=38/50 pods_running=38 scheduled=38 total=50 op=16680 commit=16680 attempt=483/1500
waiting scenario=multi_50x1 entity=hm-scale-many-hmctrid-20260503013407 ready=38/50 pods_running=38 scheduled=38 total=50 op=16680 commit=16680 attempt=484/1500
waiting scenario=multi_50x1 entity=hm-scale-many-hmctrid-20260503013407 ready=38/50 pods_running=38 scheduled=38 total=50 op=16680 commit=16680 attempt=485/1500
waiting scenario=multi_50x1 entity=hm-scale-many-hmctrid-20260503013407 ready=38/50 pods_running=38 scheduled=38 total=50 op=16680 commit=16680 attempt=486/1500
waiting scenario=multi_50x1 entity=hm-scale-many-hmctrid-20260503013407 ready=38/50 pods_running=38 scheduled=38 total=50 op=16680 commit=16680 attempt=487/1500
waiting scenario=multi_50x1 entity=hm-scale-many-hmctrid-20260503013407 ready=38/50 pods_running=38 scheduled=38 total=50 op=16680 commit=16680 attempt=488/1500
waiting scenario=multi_50x1 entity=hm-scale-many-hmctrid-20260503013407 ready=38/50 pods_running=38 scheduled=38 total=50 op=16680 commit=16680 attempt=489/1500
waiting scenario=multi_50x1 entity=hm-scale-many-hmctrid-20260503013407 ready=38/50 pods_running=38 scheduled=38 total=50 op=16680 commit=16680 attempt=490/1500
waiting scenario=multi_50x1 entity=hm-scale-many-hmctrid-20260503013407 ready=38/50 pods_running=38 scheduled=38 total=50 op=16680 commit=16680 attempt=491/1500
waiting scenario=multi_50x1 entity=hm-scale-many-hmctrid-20260503013407 ready=38/50 pods_running=38 scheduled=38 total=50 op=16680 commit=16680 attempt=492/1500
waiting scenario=multi_50x1 entity=hm-scale-many-hmctrid-20260503013407 ready=38/50 pods_running=38 scheduled=38 total=50 op=16680 commit=16680 attempt=493/1500
waiting scenario=multi_50x1 entity=hm-scale-many-hmctrid-20260503013407 ready=38/50 pods_running=38 scheduled=38 total=50 op=16680 commit=16680 attempt=494/1500
waiting scenario=multi_50x1 entity=hm-scale-many-hmctrid-20260503013407 ready=38/50 pods_running=38 scheduled=38 total=50 op=16680 commit=16680 attempt=495/1500
waiting scenario=multi_50x1 entity=hm-scale-many-hmctrid-20260503013407 ready=38/50 pods_running=38 scheduled=38 total=50 op=16680 commit=16680 attempt=496/1500
waiting scenario=multi_50x1 entity=hm-scale-many-hmctrid-20260503013407 ready=38/50 pods_running=38 scheduled=38 total=50 op=16680 commit=16680 attempt=497/1500
waiting scenario=multi_50x1 entity=hm-scale-many-hmctrid-20260503013407 ready=38/50 pods_running=38 scheduled=38 total=50 op=16680 commit=16680 attempt=498/1500
waiting scenario=multi_50x1 entity=hm-scale-many-hmctrid-20260503013407 ready=38/50 pods_running=38 scheduled=38 total=50 op=16680 commit=16680 attempt=499/1500
waiting scenario=multi_50x1 entity=hm-scale-many-hmctrid-20260503013407 ready=38/50 pods_running=38 scheduled=38 total=50 op=16680 commit=16680 attempt=500/1500
waiting scenario=multi_50x1 entity=hm-scale-many-hmctrid-20260503013407 ready=38/50 pods_running=38 scheduled=38 total=50 op=16680 commit=16680 attempt=501/1500
waiting scenario=multi_50x1 entity=hm-scale-many-hmctrid-20260503013407 ready=38/50 pods_running=38 scheduled=38 total=50 op=16680 commit=16680 attempt=502/1500
waiting scenario=multi_50x1 entity=hm-scale-many-hmctrid-20260503013407 ready=38/50 pods_running=38 scheduled=38 total=50 op=16680 commit=16680 attempt=503/1500
waiting scenario=multi_50x1 entity=hm-scale-many-hmctrid-20260503013407 ready=38/50 pods_running=38 scheduled=38 total=50 op=16680 commit=16680 attempt=504/1500
waiting scenario=multi_50x1 entity=hm-scale-many-hmctrid-20260503013407 ready=38/50 pods_running=38 scheduled=38 total=50 op=16680 commit=16680 attempt=505/1500
waiting scenario=multi_50x1 entity=hm-scale-many-hmctrid-20260503013407 ready=38/50 pods_running=38 scheduled=38 total=50 op=16680 commit=16680 attempt=506/1500
waiting scenario=multi_50x1 entity=hm-scale-many-hmctrid-20260503013407 ready=38/50 pods_running=38 scheduled=38 total=50 op=16680 commit=16680 attempt=507/1500
waiting scenario=multi_50x1 entity=hm-scale-many-hmctrid-20260503013407 ready=38/50 pods_running=38 scheduled=38 total=50 op=16680 commit=16680 attempt=508/1500
waiting scenario=multi_50x1 entity=hm-scale-many-hmctrid-20260503013407 ready=38/50 pods_running=38 scheduled=38 total=50 op=16680 commit=16680 attempt=509/1500
waiting scenario=multi_50x1 entity=hm-scale-many-hmctrid-20260503013407 ready=38/50 pods_running=38 scheduled=38 total=50 op=16680 commit=16680 attempt=510/1500
waiting scenario=multi_50x1 entity=hm-scale-many-hmctrid-20260503013407 ready=38/50 pods_running=38 scheduled=38 total=50 op=16680 commit=16680 attempt=511/1500
waiting scenario=multi_50x1 entity=hm-scale-many-hmctrid-20260503013407 ready=38/50 pods_running=38 scheduled=38 total=50 op=16680 commit=16680 attempt=512/1500
waiting scenario=multi_50x1 entity=hm-scale-many-hmctrid-20260503013407 ready=38/50 pods_running=38 scheduled=38 total=50 op=16680 commit=16680 attempt=513/1500
waiting scenario=multi_50x1 entity=hm-scale-many-hmctrid-20260503013407 ready=38/50 pods_running=38 scheduled=38 total=50 op=16680 commit=16680 attempt=514/1500
waiting scenario=multi_50x1 entity=hm-scale-many-hmctrid-20260503013407 ready=38/50 pods_running=38 scheduled=38 total=50 op=16680 commit=16680 attempt=515/1500
waiting scenario=multi_50x1 entity=hm-scale-many-hmctrid-20260503013407 ready=38/50 pods_running=38 scheduled=38 total=50 op=16680 commit=16680 attempt=516/1500
waiting scenario=multi_50x1 entity=hm-scale-many-hmctrid-20260503013407 ready=38/50 pods_running=38 scheduled=38 total=50 op=16680 commit=16680 attempt=517/1500
waiting scenario=multi_50x1 entity=hm-scale-many-hmctrid-20260503013407 ready=38/50 pods_running=38 scheduled=38 total=50 op=16680 commit=16680 attempt=518/1500
waiting scenario=multi_50x1 entity=hm-scale-many-hmctrid-20260503013407 ready=38/50 pods_running=38 scheduled=38 total=50 op=16680 commit=16680 attempt=519/1500
waiting scenario=multi_50x1 entity=hm-scale-many-hmctrid-20260503013407 ready=38/50 pods_running=38 scheduled=38 total=50 op=16680 commit=16680 attempt=520/1500
waiting scenario=multi_50x1 entity=hm-scale-many-hmctrid-20260503013407 ready=38/50 pods_running=38 scheduled=38 total=50 op=16680 commit=16680 attempt=521/1500
waiting scenario=multi_50x1 entity=hm-scale-many-hmctrid-20260503013407 ready=38/50 pods_running=38 scheduled=38 total=50 op=16680 commit=16680 attempt=522/1500
waiting scenario=multi_50x1 entity=hm-scale-many-hmctrid-20260503013407 ready=38/50 pods_running=38 scheduled=38 total=50 op=16680 commit=16680 attempt=523/1500
waiting scenario=multi_50x1 entity=hm-scale-many-hmctrid-20260503013407 ready=38/50 pods_running=38 scheduled=38 total=50 op=16680 commit=16680 attempt=524/1500
waiting scenario=multi_50x1 entity=hm-scale-many-hmctrid-20260503013407 ready=38/50 pods_running=38 scheduled=38 total=50 op=16680 commit=16680 attempt=525/1500
waiting scenario=multi_50x1 entity=hm-scale-many-hmctrid-20260503013407 ready=38/50 pods_running=38 scheduled=38 total=50 op=16680 commit=16680 attempt=526/1500
waiting scenario=multi_50x1 entity=hm-scale-many-hmctrid-20260503013407 ready=38/50 pods_running=38 scheduled=38 total=50 op=16680 commit=16680 attempt=527/1500
waiting scenario=multi_50x1 entity=hm-scale-many-hmctrid-20260503013407 ready=38/50 pods_running=38 scheduled=38 total=50 op=16680 commit=16680 attempt=528/1500
waiting scenario=multi_50x1 entity=hm-scale-many-hmctrid-20260503013407 ready=38/50 pods_running=38 scheduled=38 total=50 op=16680 commit=16680 attempt=529/1500
waiting scenario=multi_50x1 entity=hm-scale-many-hmctrid-20260503013407 ready=38/50 pods_running=38 scheduled=38 total=50 op=16680 commit=16680 attempt=530/1500
waiting scenario=multi_50x1 entity=hm-scale-many-hmctrid-20260503013407 ready=38/50 pods_running=38 scheduled=38 total=50 op=16680 commit=16680 attempt=531/1500
waiting scenario=multi_50x1 entity=hm-scale-many-hmctrid-20260503013407 ready=38/50 pods_running=38 scheduled=38 total=50 op=16680 commit=16680 attempt=532/1500
waiting scenario=multi_50x1 entity=hm-scale-many-hmctrid-20260503013407 ready=38/50 pods_running=38 scheduled=38 total=50 op=16680 commit=16680 attempt=533/1500
waiting scenario=multi_50x1 entity=hm-scale-many-hmctrid-20260503013407 ready=38/50 pods_running=38 scheduled=38 total=50 op=16680 commit=16680 attempt=534/1500
waiting scenario=multi_50x1 entity=hm-scale-many-hmctrid-20260503013407 ready=38/50 pods_running=38 scheduled=38 total=50 op=16680 commit=16680 attempt=535/1500
waiting scenario=multi_50x1 entity=hm-scale-many-hmctrid-20260503013407 ready=38/50 pods_running=38 scheduled=38 total=50 op=16680 commit=16680 attempt=536/1500
waiting scenario=multi_50x1 entity=hm-scale-many-hmctrid-20260503013407 ready=38/50 pods_running=38 scheduled=38 total=50 op=16680 commit=16680 attempt=537/1500
waiting scenario=multi_50x1 entity=hm-scale-many-hmctrid-20260503013407 ready=38/50 pods_running=38 scheduled=38 total=50 op=16680 commit=16680 attempt=538/1500
waiting scenario=multi_50x1 entity=hm-scale-many-hmctrid-20260503013407 ready=38/50 pods_running=38 scheduled=38 total=50 op=16680 commit=16680 attempt=539/1500
waiting scenario=multi_50x1 entity=hm-scale-many-hmctrid-20260503013407 ready=38/50 pods_running=38 scheduled=38 total=50 op=16680 commit=16680 attempt=540/1500
waiting scenario=multi_50x1 entity=hm-scale-many-hmctrid-20260503013407 ready=38/50 pods_running=38 scheduled=38 total=50 op=16680 commit=16680 attempt=541/1500
waiting scenario=multi_50x1 entity=hm-scale-many-hmctrid-20260503013407 ready=38/50 pods_running=38 scheduled=38 total=50 op=16680 commit=16680 attempt=542/1500
waiting scenario=multi_50x1 entity=hm-scale-many-hmctrid-20260503013407 ready=38/50 pods_running=38 scheduled=38 total=50 op=16680 commit=16680 attempt=543/1500
waiting scenario=multi_50x1 entity=hm-scale-many-hmctrid-20260503013407 ready=38/50 pods_running=38 scheduled=38 total=50 op=16680 commit=16680 attempt=544/1500
waiting scenario=multi_50x1 entity=hm-scale-many-hmctrid-20260503013407 ready=38/50 pods_running=38 scheduled=38 total=50 op=16680 commit=16680 attempt=545/1500
waiting scenario=multi_50x1 entity=hm-scale-many-hmctrid-20260503013407 ready=38/50 pods_running=38 scheduled=38 total=50 op=16680 commit=16680 attempt=546/1500
waiting scenario=multi_50x1 entity=hm-scale-many-hmctrid-20260503013407 ready=38/50 pods_running=38 scheduled=38 total=50 op=16680 commit=16680 attempt=547/1500
waiting scenario=multi_50x1 entity=hm-scale-many-hmctrid-20260503013407 ready=38/50 pods_running=38 scheduled=38 total=50 op=16680 commit=16680 attempt=548/1500
waiting scenario=multi_50x1 entity=hm-scale-many-hmctrid-20260503013407 ready=38/50 pods_running=38 scheduled=38 total=50 op=16680 commit=16680 attempt=549/1500
waiting scenario=multi_50x1 entity=hm-scale-many-hmctrid-20260503013407 ready=38/50 pods_running=38 scheduled=38 total=50 op=16680 commit=16680 attempt=550/1500
waiting scenario=multi_50x1 entity=hm-scale-many-hmctrid-20260503013407 ready=38/50 pods_running=38 scheduled=38 total=50 op=16680 commit=16680 attempt=551/1500
waiting scenario=multi_50x1 entity=hm-scale-many-hmctrid-20260503013407 ready=38/50 pods_running=38 scheduled=38 total=50 op=16680 commit=16680 attempt=552/1500
waiting scenario=multi_50x1 entity=hm-scale-many-hmctrid-20260503013407 ready=38/50 pods_running=38 scheduled=38 total=50 op=16680 commit=16680 attempt=553/1500
waiting scenario=multi_50x1 entity=hm-scale-many-hmctrid-20260503013407 ready=38/50 pods_running=38 scheduled=38 total=50 op=16680 commit=16680 attempt=554/1500
waiting scenario=multi_50x1 entity=hm-scale-many-hmctrid-20260503013407 ready=38/50 pods_running=38 scheduled=38 total=50 op=16680 commit=16680 attempt=555/1500
waiting scenario=multi_50x1 entity=hm-scale-many-hmctrid-20260503013407 ready=38/50 pods_running=38 scheduled=38 total=50 op=16680 commit=16680 attempt=556/1500
waiting scenario=multi_50x1 entity=hm-scale-many-hmctrid-20260503013407 ready=38/50 pods_running=38 scheduled=38 total=50 op=16680 commit=16680 attempt=557/1500
waiting scenario=multi_50x1 entity=hm-scale-many-hmctrid-20260503013407 ready=38/50 pods_running=38 scheduled=38 total=50 op=16680 commit=16680 attempt=558/1500
waiting scenario=multi_50x1 entity=hm-scale-many-hmctrid-20260503013407 ready=38/50 pods_running=38 scheduled=38 total=50 op=16680 commit=16680 attempt=559/1500
waiting scenario=multi_50x1 entity=hm-scale-many-hmctrid-20260503013407 ready=38/50 pods_running=38 scheduled=38 total=50 op=16680 commit=16680 attempt=560/1500
waiting scenario=multi_50x1 entity=hm-scale-many-hmctrid-20260503013407 ready=38/50 pods_running=38 scheduled=38 total=50 op=16680 commit=16680 attempt=561/1500
waiting scenario=multi_50x1 entity=hm-scale-many-hmctrid-20260503013407 ready=38/50 pods_running=38 scheduled=38 total=50 op=16680 commit=16680 attempt=562/1500
waiting scenario=multi_50x1 entity=hm-scale-many-hmctrid-20260503013407 ready=38/50 pods_running=38 scheduled=38 total=50 op=16680 commit=16680 attempt=563/1500
waiting scenario=multi_50x1 entity=hm-scale-many-hmctrid-20260503013407 ready=38/50 pods_running=38 scheduled=38 total=50 op=16680 commit=16680 attempt=564/1500
waiting scenario=multi_50x1 entity=hm-scale-many-hmctrid-20260503013407 ready=38/50 pods_running=38 scheduled=38 total=50 op=16680 commit=16680 attempt=565/1500
waiting scenario=multi_50x1 entity=hm-scale-many-hmctrid-20260503013407 ready=38/50 pods_running=38 scheduled=38 total=50 op=16680 commit=16680 attempt=566/1500
waiting scenario=multi_50x1 entity=hm-scale-many-hmctrid-20260503013407 ready=38/50 pods_running=38 scheduled=38 total=50 op=16680 commit=16680 attempt=567/1500
waiting scenario=multi_50x1 entity=hm-scale-many-hmctrid-20260503013407 ready=38/50 pods_running=38 scheduled=38 total=50 op=16680 commit=16680 attempt=568/1500
waiting scenario=multi_50x1 entity=hm-scale-many-hmctrid-20260503013407 ready=38/50 pods_running=38 scheduled=38 total=50 op=16680 commit=16680 attempt=569/1500
waiting scenario=multi_50x1 entity=hm-scale-many-hmctrid-20260503013407 ready=38/50 pods_running=38 scheduled=38 total=50 op=16680 commit=16680 attempt=570/1500
waiting scenario=multi_50x1 entity=hm-scale-many-hmctrid-20260503013407 ready=38/50 pods_running=38 scheduled=38 total=50 op=16680 commit=16680 attempt=571/1500
waiting scenario=multi_50x1 entity=hm-scale-many-hmctrid-20260503013407 ready=38/50 pods_running=38 scheduled=38 total=50 op=16680 commit=16680 attempt=572/1500
waiting scenario=multi_50x1 entity=hm-scale-many-hmctrid-20260503013407 ready=38/50 pods_running=38 scheduled=38 total=50 op=16680 commit=16680 attempt=573/1500
waiting scenario=multi_50x1 entity=hm-scale-many-hmctrid-20260503013407 ready=38/50 pods_running=38 scheduled=38 total=50 op=16680 commit=16680 attempt=574/1500
waiting scenario=multi_50x1 entity=hm-scale-many-hmctrid-20260503013407 ready=38/50 pods_running=38 scheduled=38 total=50 op=16680 commit=16680 attempt=575/1500
waiting scenario=multi_50x1 entity=hm-scale-many-hmctrid-20260503013407 ready=38/50 pods_running=38 scheduled=38 total=50 op=16680 commit=16680 attempt=576/1500
waiting scenario=multi_50x1 entity=hm-scale-many-hmctrid-20260503013407 ready=38/50 pods_running=38 scheduled=38 total=50 op=16680 commit=16680 attempt=577/1500
waiting scenario=multi_50x1 entity=hm-scale-many-hmctrid-20260503013407 ready=38/50 pods_running=38 scheduled=38 total=50 op=16680 commit=16680 attempt=578/1500
waiting scenario=multi_50x1 entity=hm-scale-many-hmctrid-20260503013407 ready=38/50 pods_running=38 scheduled=38 total=50 op=16680 commit=16680 attempt=579/1500
waiting scenario=multi_50x1 entity=hm-scale-many-hmctrid-20260503013407 ready=38/50 pods_running=38 scheduled=38 total=50 op=16680 commit=16680 attempt=580/1500
waiting scenario=multi_50x1 entity=hm-scale-many-hmctrid-20260503013407 ready=38/50 pods_running=38 scheduled=38 total=50 op=16680 commit=16680 attempt=581/1500
waiting scenario=multi_50x1 entity=hm-scale-many-hmctrid-20260503013407 ready=38/50 pods_running=38 scheduled=38 total=50 op=16680 commit=16680 attempt=582/1500
waiting scenario=multi_50x1 entity=hm-scale-many-hmctrid-20260503013407 ready=38/50 pods_running=38 scheduled=38 total=50 op=16680 commit=16680 attempt=583/1500
waiting scenario=multi_50x1 entity=hm-scale-many-hmctrid-20260503013407 ready=38/50 pods_running=38 scheduled=38 total=50 op=16680 commit=16680 attempt=584/1500
waiting scenario=multi_50x1 entity=hm-scale-many-hmctrid-20260503013407 ready=38/50 pods_running=38 scheduled=38 total=50 op=16680 commit=16680 attempt=585/1500
waiting scenario=multi_50x1 entity=hm-scale-many-hmctrid-20260503013407 ready=38/50 pods_running=38 scheduled=38 total=50 op=16680 commit=16680 attempt=586/1500
waiting scenario=multi_50x1 entity=hm-scale-many-hmctrid-20260503013407 ready=38/50 pods_running=38 scheduled=38 total=50 op=16680 commit=16680 attempt=587/1500
waiting scenario=multi_50x1 entity=hm-scale-many-hmctrid-20260503013407 ready=38/50 pods_running=38 scheduled=38 total=50 op=16680 commit=16680 attempt=588/1500
waiting scenario=multi_50x1 entity=hm-scale-many-hmctrid-20260503013407 ready=38/50 pods_running=38 scheduled=38 total=50 op=16680 commit=16680 attempt=589/1500
waiting scenario=multi_50x1 entity=hm-scale-many-hmctrid-20260503013407 ready=38/50 pods_running=38 scheduled=38 total=50 op=16680 commit=16680 attempt=590/1500
waiting scenario=multi_50x1 entity=hm-scale-many-hmctrid-20260503013407 ready=38/50 pods_running=38 scheduled=38 total=50 op=16680 commit=16680 attempt=591/1500
waiting scenario=multi_50x1 entity=hm-scale-many-hmctrid-20260503013407 ready=38/50 pods_running=38 scheduled=38 total=50 op=16680 commit=16680 attempt=592/1500
waiting scenario=multi_50x1 entity=hm-scale-many-hmctrid-20260503013407 ready=38/50 pods_running=38 scheduled=38 total=50 op=16680 commit=16680 attempt=593/1500
waiting scenario=multi_50x1 entity=hm-scale-many-hmctrid-20260503013407 ready=38/50 pods_running=38 scheduled=38 total=50 op=16680 commit=16680 attempt=594/1500
waiting scenario=multi_50x1 entity=hm-scale-many-hmctrid-20260503013407 ready=38/50 pods_running=38 scheduled=38 total=50 op=16680 commit=16680 attempt=595/1500
waiting scenario=multi_50x1 entity=hm-scale-many-hmctrid-20260503013407 ready=38/50 pods_running=38 scheduled=38 total=50 op=16680 commit=16680 attempt=596/1500
waiting scenario=multi_50x1 entity=hm-scale-many-hmctrid-20260503013407 ready=38/50 pods_running=38 scheduled=38 total=50 op=16680 commit=16680 attempt=597/1500
waiting scenario=multi_50x1 entity=hm-scale-many-hmctrid-20260503013407 ready=38/50 pods_running=38 scheduled=38 total=50 op=16680 commit=16680 attempt=598/1500
waiting scenario=multi_50x1 entity=hm-scale-many-hmctrid-20260503013407 ready=38/50 pods_running=38 scheduled=38 total=50 op=16680 commit=16680 attempt=599/1500
waiting scenario=multi_50x1 entity=hm-scale-many-hmctrid-20260503013407 ready=38/50 pods_running=38 scheduled=38 total=50 op=16680 commit=16680 attempt=600/1500
waiting scenario=multi_50x1 entity=hm-scale-many-hmctrid-20260503013407 ready=38/50 pods_running=38 scheduled=38 total=50 op=16680 commit=16680 attempt=601/1500
waiting scenario=multi_50x1 entity=hm-scale-many-hmctrid-20260503013407 ready=38/50 pods_running=38 scheduled=38 total=50 op=16680 commit=16680 attempt=602/1500
waiting scenario=multi_50x1 entity=hm-scale-many-hmctrid-20260503013407 ready=38/50 pods_running=38 scheduled=38 total=50 op=16680 commit=16680 attempt=603/1500
waiting scenario=multi_50x1 entity=hm-scale-many-hmctrid-20260503013407 ready=38/50 pods_running=38 scheduled=38 total=50 op=16680 commit=16680 attempt=604/1500
waiting scenario=multi_50x1 entity=hm-scale-many-hmctrid-20260503013407 ready=38/50 pods_running=38 scheduled=38 total=50 op=16680 commit=16680 attempt=605/1500
waiting scenario=multi_50x1 entity=hm-scale-many-hmctrid-20260503013407 ready=38/50 pods_running=38 scheduled=38 total=50 op=16680 commit=16680 attempt=606/1500
waiting scenario=multi_50x1 entity=hm-scale-many-hmctrid-20260503013407 ready=38/50 pods_running=38 scheduled=38 total=50 op=16680 commit=16680 attempt=607/1500
waiting scenario=multi_50x1 entity=hm-scale-many-hmctrid-20260503013407 ready=38/50 pods_running=38 scheduled=38 total=50 op=16680 commit=16680 attempt=608/1500
waiting scenario=multi_50x1 entity=hm-scale-many-hmctrid-20260503013407 ready=38/50 pods_running=38 scheduled=38 total=50 op=16680 commit=16680 attempt=609/1500
waiting scenario=multi_50x1 entity=hm-scale-many-hmctrid-20260503013407 ready=38/50 pods_running=38 scheduled=38 total=50 op=16680 commit=16680 attempt=610/1500
waiting scenario=multi_50x1 entity=hm-scale-many-hmctrid-20260503013407 ready=38/50 pods_running=38 scheduled=38 total=50 op=16680 commit=16680 attempt=611/1500
waiting scenario=multi_50x1 entity=hm-scale-many-hmctrid-20260503013407 ready=38/50 pods_running=38 scheduled=38 total=50 op=16680 commit=16680 attempt=612/1500
waiting scenario=multi_50x1 entity=hm-scale-many-hmctrid-20260503013407 ready=38/50 pods_running=38 scheduled=38 total=50 op=16680 commit=16680 attempt=613/1500
waiting scenario=multi_50x1 entity=hm-scale-many-hmctrid-20260503013407 ready=38/50 pods_running=38 scheduled=38 total=50 op=16680 commit=16680 attempt=614/1500
waiting scenario=multi_50x1 entity=hm-scale-many-hmctrid-20260503013407 ready=38/50 pods_running=38 scheduled=38 total=50 op=16680 commit=16680 attempt=615/1500
waiting scenario=multi_50x1 entity=hm-scale-many-hmctrid-20260503013407 ready=38/50 pods_running=38 scheduled=38 total=50 op=16680 commit=16680 attempt=616/1500
waiting scenario=multi_50x1 entity=hm-scale-many-hmctrid-20260503013407 ready=38/50 pods_running=38 scheduled=38 total=50 op=16680 commit=16680 attempt=617/1500
waiting scenario=multi_50x1 entity=hm-scale-many-hmctrid-20260503013407 ready=38/50 pods_running=38 scheduled=38 total=50 op=16680 commit=16680 attempt=618/1500
waiting scenario=multi_50x1 entity=hm-scale-many-hmctrid-20260503013407 ready=38/50 pods_running=38 scheduled=38 total=50 op=16680 commit=16680 attempt=619/1500
waiting scenario=multi_50x1 entity=hm-scale-many-hmctrid-20260503013407 ready=38/50 pods_running=38 scheduled=38 total=50 op=16680 commit=16680 attempt=620/1500
waiting scenario=multi_50x1 entity=hm-scale-many-hmctrid-20260503013407 ready=38/50 pods_running=38 scheduled=38 total=50 op=16680 commit=16680 attempt=621/1500
waiting scenario=multi_50x1 entity=hm-scale-many-hmctrid-20260503013407 ready=38/50 pods_running=38 scheduled=38 total=50 op=16680 commit=16680 attempt=622/1500
waiting scenario=multi_50x1 entity=hm-scale-many-hmctrid-20260503013407 ready=38/50 pods_running=38 scheduled=38 total=50 op=16680 commit=16680 attempt=623/1500
waiting scenario=multi_50x1 entity=hm-scale-many-hmctrid-20260503013407 ready=38/50 pods_running=38 scheduled=38 total=50 op=16680 commit=16680 attempt=624/1500
waiting scenario=multi_50x1 entity=hm-scale-many-hmctrid-20260503013407 ready=38/50 pods_running=38 scheduled=38 total=50 op=16680 commit=16680 attempt=625/1500
waiting scenario=multi_50x1 entity=hm-scale-many-hmctrid-20260503013407 ready=38/50 pods_running=38 scheduled=38 total=50 op=16680 commit=16680 attempt=626/1500
waiting scenario=multi_50x1 entity=hm-scale-many-hmctrid-20260503013407 ready=38/50 pods_running=38 scheduled=38 total=50 op=16680 commit=16680 attempt=627/1500
waiting scenario=multi_50x1 entity=hm-scale-many-hmctrid-20260503013407 ready=38/50 pods_running=38 scheduled=38 total=50 op=16680 commit=16680 attempt=628/1500
waiting scenario=multi_50x1 entity=hm-scale-many-hmctrid-20260503013407 ready=38/50 pods_running=38 scheduled=38 total=50 op=16680 commit=16680 attempt=629/1500
waiting scenario=multi_50x1 entity=hm-scale-many-hmctrid-20260503013407 ready=38/50 pods_running=38 scheduled=38 total=50 op=16680 commit=16680 attempt=630/1500
waiting scenario=multi_50x1 entity=hm-scale-many-hmctrid-20260503013407 ready=38/50 pods_running=38 scheduled=38 total=50 op=16680 commit=16680 attempt=631/1500
waiting scenario=multi_50x1 entity=hm-scale-many-hmctrid-20260503013407 ready=38/50 pods_running=38 scheduled=38 total=50 op=16680 commit=16680 attempt=632/1500
waiting scenario=multi_50x1 entity=hm-scale-many-hmctrid-20260503013407 ready=38/50 pods_running=38 scheduled=38 total=50 op=16680 commit=16680 attempt=633/1500
waiting scenario=multi_50x1 entity=hm-scale-many-hmctrid-20260503013407 ready=38/50 pods_running=38 scheduled=38 total=50 op=16680 commit=16680 attempt=634/1500
waiting scenario=multi_50x1 entity=hm-scale-many-hmctrid-20260503013407 ready=38/50 pods_running=38 scheduled=38 total=50 op=16680 commit=16680 attempt=635/1500
waiting scenario=multi_50x1 entity=hm-scale-many-hmctrid-20260503013407 ready=38/50 pods_running=38 scheduled=38 total=50 op=16680 commit=16680 attempt=636/1500
waiting scenario=multi_50x1 entity=hm-scale-many-hmctrid-20260503013407 ready=38/50 pods_running=38 scheduled=38 total=50 op=16680 commit=16680 attempt=637/1500
waiting scenario=multi_50x1 entity=hm-scale-many-hmctrid-20260503013407 ready=38/50 pods_running=38 scheduled=38 total=50 op=16680 commit=16680 attempt=638/1500
waiting scenario=multi_50x1 entity=hm-scale-many-hmctrid-20260503013407 ready=38/50 pods_running=38 scheduled=38 total=50 op=16680 commit=16680 attempt=639/1500
waiting scenario=multi_50x1 entity=hm-scale-many-hmctrid-20260503013407 ready=38/50 pods_running=38 scheduled=38 total=50 op=16680 commit=16680 attempt=640/1500
waiting scenario=multi_50x1 entity=hm-scale-many-hmctrid-20260503013407 ready=38/50 pods_running=38 scheduled=38 total=50 op=16680 commit=16680 attempt=641/1500
waiting scenario=multi_50x1 entity=hm-scale-many-hmctrid-20260503013407 ready=38/50 pods_running=38 scheduled=38 total=50 op=16680 commit=16680 attempt=642/1500
waiting scenario=multi_50x1 entity=hm-scale-many-hmctrid-20260503013407 ready=38/50 pods_running=38 scheduled=38 total=50 op=16680 commit=16680 attempt=643/1500
waiting scenario=multi_50x1 entity=hm-scale-many-hmctrid-20260503013407 ready=38/50 pods_running=38 scheduled=38 total=50 op=16680 commit=16680 attempt=644/1500
waiting scenario=multi_50x1 entity=hm-scale-many-hmctrid-20260503013407 ready=38/50 pods_running=38 scheduled=38 total=50 op=16680 commit=16680 attempt=645/1500
waiting scenario=multi_50x1 entity=hm-scale-many-hmctrid-20260503013407 ready=38/50 pods_running=38 scheduled=38 total=50 op=16680 commit=16680 attempt=646/1500
waiting scenario=multi_50x1 entity=hm-scale-many-hmctrid-20260503013407 ready=38/50 pods_running=38 scheduled=38 total=50 op=16680 commit=16680 attempt=647/1500
waiting scenario=multi_50x1 entity=hm-scale-many-hmctrid-20260503013407 ready=38/50 pods_running=38 scheduled=38 total=50 op=16680 commit=16680 attempt=648/1500
waiting scenario=multi_50x1 entity=hm-scale-many-hmctrid-20260503013407 ready=38/50 pods_running=38 scheduled=38 total=50 op=16680 commit=16680 attempt=649/1500
waiting scenario=multi_50x1 entity=hm-scale-many-hmctrid-20260503013407 ready=38/50 pods_running=38 scheduled=38 total=50 op=16680 commit=16680 attempt=650/1500
waiting scenario=multi_50x1 entity=hm-scale-many-hmctrid-20260503013407 ready=38/50 pods_running=38 scheduled=38 total=50 op=16680 commit=16680 attempt=651/1500
waiting scenario=multi_50x1 entity=hm-scale-many-hmctrid-20260503013407 ready=38/50 pods_running=38 scheduled=38 total=50 op=16680 commit=16680 attempt=652/1500
waiting scenario=multi_50x1 entity=hm-scale-many-hmctrid-20260503013407 ready=38/50 pods_running=38 scheduled=38 total=50 op=16680 commit=16680 attempt=653/1500
waiting scenario=multi_50x1 entity=hm-scale-many-hmctrid-20260503013407 ready=38/50 pods_running=38 scheduled=38 total=50 op=16680 commit=16680 attempt=654/1500
waiting scenario=multi_50x1 entity=hm-scale-many-hmctrid-20260503013407 ready=38/50 pods_running=38 scheduled=38 total=50 op=16680 commit=16680 attempt=655/1500
waiting scenario=multi_50x1 entity=hm-scale-many-hmctrid-20260503013407 ready=38/50 pods_running=38 scheduled=38 total=50 op=16680 commit=16680 attempt=656/1500
waiting scenario=multi_50x1 entity=hm-scale-many-hmctrid-20260503013407 ready=38/50 pods_running=38 scheduled=38 total=50 op=16680 commit=16680 attempt=657/1500
waiting scenario=multi_50x1 entity=hm-scale-many-hmctrid-20260503013407 ready=38/50 pods_running=38 scheduled=38 total=50 op=16680 commit=16680 attempt=658/1500
waiting scenario=multi_50x1 entity=hm-scale-many-hmctrid-20260503013407 ready=38/50 pods_running=38 scheduled=38 total=50 op=16680 commit=16680 attempt=659/1500
waiting scenario=multi_50x1 entity=hm-scale-many-hmctrid-20260503013407 ready=38/50 pods_running=38 scheduled=38 total=50 op=16680 commit=16680 attempt=660/1500
waiting scenario=multi_50x1 entity=hm-scale-many-hmctrid-20260503013407 ready=38/50 pods_running=38 scheduled=38 total=50 op=16680 commit=16680 attempt=661/1500
waiting scenario=multi_50x1 entity=hm-scale-many-hmctrid-20260503013407 ready=38/50 pods_running=38 scheduled=38 total=50 op=16680 commit=16680 attempt=662/1500
waiting scenario=multi_50x1 entity=hm-scale-many-hmctrid-20260503013407 ready=38/50 pods_running=38 scheduled=38 total=50 op=16680 commit=16680 attempt=663/1500
waiting scenario=multi_50x1 entity=hm-scale-many-hmctrid-20260503013407 ready=38/50 pods_running=38 scheduled=38 total=50 op=16680 commit=16680 attempt=664/1500
waiting scenario=multi_50x1 entity=hm-scale-many-hmctrid-20260503013407 ready=38/50 pods_running=38 scheduled=38 total=50 op=16680 commit=16680 attempt=665/1500
waiting scenario=multi_50x1 entity=hm-scale-many-hmctrid-20260503013407 ready=38/50 pods_running=38 scheduled=38 total=50 op=16680 commit=16680 attempt=666/1500
waiting scenario=multi_50x1 entity=hm-scale-many-hmctrid-20260503013407 ready=38/50 pods_running=38 scheduled=38 total=50 op=16680 commit=16680 attempt=667/1500
waiting scenario=multi_50x1 entity=hm-scale-many-hmctrid-20260503013407 ready=38/50 pods_running=38 scheduled=38 total=50 op=16680 commit=16680 attempt=668/1500
waiting scenario=multi_50x1 entity=hm-scale-many-hmctrid-20260503013407 ready=38/50 pods_running=38 scheduled=38 total=50 op=16680 commit=16680 attempt=669/1500
waiting scenario=multi_50x1 entity=hm-scale-many-hmctrid-20260503013407 ready=38/50 pods_running=38 scheduled=38 total=50 op=16680 commit=16680 attempt=670/1500
waiting scenario=multi_50x1 entity=hm-scale-many-hmctrid-20260503013407 ready=38/50 pods_running=38 scheduled=38 total=50 op=16680 commit=16680 attempt=671/1500
waiting scenario=multi_50x1 entity=hm-scale-many-hmctrid-20260503013407 ready=38/50 pods_running=38 scheduled=38 total=50 op=16680 commit=16680 attempt=672/1500
waiting scenario=multi_50x1 entity=hm-scale-many-hmctrid-20260503013407 ready=38/50 pods_running=38 scheduled=38 total=50 op=16680 commit=16680 attempt=673/1500
waiting scenario=multi_50x1 entity=hm-scale-many-hmctrid-20260503013407 ready=38/50 pods_running=38 scheduled=38 total=50 op=16680 commit=16680 attempt=674/1500
waiting scenario=multi_50x1 entity=hm-scale-many-hmctrid-20260503013407 ready=38/50 pods_running=38 scheduled=38 total=50 op=16680 commit=16680 attempt=675/1500
waiting scenario=multi_50x1 entity=hm-scale-many-hmctrid-20260503013407 ready=38/50 pods_running=38 scheduled=38 total=50 op=16680 commit=16680 attempt=676/1500
waiting scenario=multi_50x1 entity=hm-scale-many-hmctrid-20260503013407 ready=38/50 pods_running=38 scheduled=38 total=50 op=16680 commit=16680 attempt=677/1500
waiting scenario=multi_50x1 entity=hm-scale-many-hmctrid-20260503013407 ready=38/50 pods_running=38 scheduled=38 total=50 op=16680 commit=16680 attempt=678/1500
waiting scenario=multi_50x1 entity=hm-scale-many-hmctrid-20260503013407 ready=38/50 pods_running=38 scheduled=38 total=50 op=16680 commit=16680 attempt=679/1500
waiting scenario=multi_50x1 entity=hm-scale-many-hmctrid-20260503013407 ready=38/50 pods_running=38 scheduled=38 total=50 op=16680 commit=16680 attempt=680/1500
waiting scenario=multi_50x1 entity=hm-scale-many-hmctrid-20260503013407 ready=38/50 pods_running=38 scheduled=38 total=50 op=16680 commit=16680 attempt=681/1500
waiting scenario=multi_50x1 entity=hm-scale-many-hmctrid-20260503013407 ready=38/50 pods_running=38 scheduled=38 total=50 op=16680 commit=16680 attempt=682/1500
waiting scenario=multi_50x1 entity=hm-scale-many-hmctrid-20260503013407 ready=38/50 pods_running=38 scheduled=38 total=50 op=16680 commit=16680 attempt=683/1500
waiting scenario=multi_50x1 entity=hm-scale-many-hmctrid-20260503013407 ready=38/50 pods_running=38 scheduled=38 total=50 op=16680 commit=16680 attempt=684/1500
waiting scenario=multi_50x1 entity=hm-scale-many-hmctrid-20260503013407 ready=38/50 pods_running=38 scheduled=38 total=50 op=16680 commit=16680 attempt=685/1500
waiting scenario=multi_50x1 entity=hm-scale-many-hmctrid-20260503013407 ready=38/50 pods_running=38 scheduled=38 total=50 op=16680 commit=16680 attempt=686/1500
waiting scenario=multi_50x1 entity=hm-scale-many-hmctrid-20260503013407 ready=38/50 pods_running=38 scheduled=38 total=50 op=16680 commit=16680 attempt=687/1500
waiting scenario=multi_50x1 entity=hm-scale-many-hmctrid-20260503013407 ready=38/50 pods_running=38 scheduled=38 total=50 op=16680 commit=16680 attempt=688/1500
waiting scenario=multi_50x1 entity=hm-scale-many-hmctrid-20260503013407 ready=38/50 pods_running=38 scheduled=38 total=50 op=16680 commit=16680 attempt=689/1500
waiting scenario=multi_50x1 entity=hm-scale-many-hmctrid-20260503013407 ready=38/50 pods_running=38 scheduled=38 total=50 op=16680 commit=16680 attempt=690/1500
waiting scenario=multi_50x1 entity=hm-scale-many-hmctrid-20260503013407 ready=38/50 pods_running=38 scheduled=38 total=50 op=16680 commit=16680 attempt=691/1500
waiting scenario=multi_50x1 entity=hm-scale-many-hmctrid-20260503013407 ready=38/50 pods_running=38 scheduled=38 total=50 op=16680 commit=16680 attempt=692/1500
waiting scenario=multi_50x1 entity=hm-scale-many-hmctrid-20260503013407 ready=38/50 pods_running=38 scheduled=38 total=50 op=16680 commit=16680 attempt=693/1500
waiting scenario=multi_50x1 entity=hm-scale-many-hmctrid-20260503013407 ready=38/50 pods_running=38 scheduled=38 total=50 op=16680 commit=16680 attempt=694/1500
waiting scenario=multi_50x1 entity=hm-scale-many-hmctrid-20260503013407 ready=38/50 pods_running=38 scheduled=38 total=50 op=16680 commit=16680 attempt=695/1500
waiting scenario=multi_50x1 entity=hm-scale-many-hmctrid-20260503013407 ready=38/50 pods_running=38 scheduled=38 total=50 op=16680 commit=16680 attempt=696/1500
waiting scenario=multi_50x1 entity=hm-scale-many-hmctrid-20260503013407 ready=38/50 pods_running=38 scheduled=38 total=50 op=16680 commit=16680 attempt=697/1500
waiting scenario=multi_50x1 entity=hm-scale-many-hmctrid-20260503013407 ready=38/50 pods_running=38 scheduled=38 total=50 op=16680 commit=16680 attempt=698/1500
waiting scenario=multi_50x1 entity=hm-scale-many-hmctrid-20260503013407 ready=38/50 pods_running=38 scheduled=38 total=50 op=16680 commit=16680 attempt=699/1500
waiting scenario=multi_50x1 entity=hm-scale-many-hmctrid-20260503013407 ready=38/50 pods_running=38 scheduled=38 total=50 op=16680 commit=16680 attempt=700/1500
waiting scenario=multi_50x1 entity=hm-scale-many-hmctrid-20260503013407 ready=38/50 pods_running=38 scheduled=38 total=50 op=16680 commit=16680 attempt=701/1500
waiting scenario=multi_50x1 entity=hm-scale-many-hmctrid-20260503013407 ready=38/50 pods_running=38 scheduled=38 total=50 op=16680 commit=16680 attempt=702/1500
waiting scenario=multi_50x1 entity=hm-scale-many-hmctrid-20260503013407 ready=38/50 pods_running=38 scheduled=38 total=50 op=16680 commit=16680 attempt=703/1500
waiting scenario=multi_50x1 entity=hm-scale-many-hmctrid-20260503013407 ready=38/50 pods_running=38 scheduled=38 total=50 op=16680 commit=16680 attempt=704/1500
waiting scenario=multi_50x1 entity=hm-scale-many-hmctrid-20260503013407 ready=38/50 pods_running=38 scheduled=38 total=50 op=16680 commit=16680 attempt=705/1500
waiting scenario=multi_50x1 entity=hm-scale-many-hmctrid-20260503013407 ready=38/50 pods_running=38 scheduled=38 total=50 op=16680 commit=16680 attempt=706/1500
waiting scenario=multi_50x1 entity=hm-scale-many-hmctrid-20260503013407 ready=38/50 pods_running=38 scheduled=38 total=50 op=16680 commit=16680 attempt=707/1500
waiting scenario=multi_50x1 entity=hm-scale-many-hmctrid-20260503013407 ready=38/50 pods_running=38 scheduled=38 total=50 op=16680 commit=16680 attempt=708/1500
waiting scenario=multi_50x1 entity=hm-scale-many-hmctrid-20260503013407 ready=38/50 pods_running=38 scheduled=38 total=50 op=16680 commit=16680 attempt=709/1500
waiting scenario=multi_50x1 entity=hm-scale-many-hmctrid-20260503013407 ready=38/50 pods_running=38 scheduled=38 total=50 op=16680 commit=16680 attempt=710/1500
waiting scenario=multi_50x1 entity=hm-scale-many-hmctrid-20260503013407 ready=38/50 pods_running=38 scheduled=38 total=50 op=16680 commit=16680 attempt=711/1500
waiting scenario=multi_50x1 entity=hm-scale-many-hmctrid-20260503013407 ready=38/50 pods_running=38 scheduled=38 total=50 op=16680 commit=16680 attempt=712/1500
waiting scenario=multi_50x1 entity=hm-scale-many-hmctrid-20260503013407 ready=38/50 pods_running=38 scheduled=38 total=50 op=16680 commit=16680 attempt=713/1500
waiting scenario=multi_50x1 entity=hm-scale-many-hmctrid-20260503013407 ready=38/50 pods_running=38 scheduled=38 total=50 op=16680 commit=16680 attempt=714/1500
waiting scenario=multi_50x1 entity=hm-scale-many-hmctrid-20260503013407 ready=38/50 pods_running=38 scheduled=38 total=50 op=16680 commit=16680 attempt=715/1500
waiting scenario=multi_50x1 entity=hm-scale-many-hmctrid-20260503013407 ready=38/50 pods_running=38 scheduled=38 total=50 op=16680 commit=16680 attempt=716/1500
waiting scenario=multi_50x1 entity=hm-scale-many-hmctrid-20260503013407 ready=38/50 pods_running=38 scheduled=38 total=50 op=16680 commit=16680 attempt=717/1500
waiting scenario=multi_50x1 entity=hm-scale-many-hmctrid-20260503013407 ready=38/50 pods_running=38 scheduled=38 total=50 op=16680 commit=16680 attempt=718/1500
waiting scenario=multi_50x1 entity=hm-scale-many-hmctrid-20260503013407 ready=38/50 pods_running=38 scheduled=38 total=50 op=16680 commit=16680 attempt=719/1500
waiting scenario=multi_50x1 entity=hm-scale-many-hmctrid-20260503013407 ready=38/50 pods_running=38 scheduled=38 total=50 op=16680 commit=16680 attempt=720/1500
waiting scenario=multi_50x1 entity=hm-scale-many-hmctrid-20260503013407 ready=38/50 pods_running=38 scheduled=38 total=50 op=16680 commit=16680 attempt=721/1500
waiting scenario=multi_50x1 entity=hm-scale-many-hmctrid-20260503013407 ready=38/50 pods_running=38 scheduled=38 total=50 op=16680 commit=16680 attempt=722/1500
waiting scenario=multi_50x1 entity=hm-scale-many-hmctrid-20260503013407 ready=38/50 pods_running=38 scheduled=38 total=50 op=16680 commit=16680 attempt=723/1500
waiting scenario=multi_50x1 entity=hm-scale-many-hmctrid-20260503013407 ready=38/50 pods_running=38 scheduled=38 total=50 op=16680 commit=16680 attempt=724/1500
waiting scenario=multi_50x1 entity=hm-scale-many-hmctrid-20260503013407 ready=38/50 pods_running=38 scheduled=38 total=50 op=16680 commit=16680 attempt=725/1500
waiting scenario=multi_50x1 entity=hm-scale-many-hmctrid-20260503013407 ready=38/50 pods_running=38 scheduled=38 total=50 op=16680 commit=16680 attempt=726/1500
waiting scenario=multi_50x1 entity=hm-scale-many-hmctrid-20260503013407 ready=38/50 pods_running=38 scheduled=38 total=50 op=16680 commit=16680 attempt=727/1500
waiting scenario=multi_50x1 entity=hm-scale-many-hmctrid-20260503013407 ready=38/50 pods_running=38 scheduled=38 total=50 op=16680 commit=16680 attempt=728/1500
waiting scenario=multi_50x1 entity=hm-scale-many-hmctrid-20260503013407 ready=38/50 pods_running=38 scheduled=38 total=50 op=16680 commit=16680 attempt=729/1500
waiting scenario=multi_50x1 entity=hm-scale-many-hmctrid-20260503013407 ready=38/50 pods_running=38 scheduled=38 total=50 op=16680 commit=16680 attempt=730/1500
waiting scenario=multi_50x1 entity=hm-scale-many-hmctrid-20260503013407 ready=38/50 pods_running=38 scheduled=38 total=50 op=16680 commit=16680 attempt=731/1500
waiting scenario=multi_50x1 entity=hm-scale-many-hmctrid-20260503013407 ready=38/50 pods_running=38 scheduled=38 total=50 op=16680 commit=16680 attempt=732/1500
waiting scenario=multi_50x1 entity=hm-scale-many-hmctrid-20260503013407 ready=38/50 pods_running=38 scheduled=38 total=50 op=16680 commit=16680 attempt=733/1500
waiting scenario=multi_50x1 entity=hm-scale-many-hmctrid-20260503013407 ready=38/50 pods_running=38 scheduled=38 total=50 op=16680 commit=16680 attempt=734/1500
waiting scenario=multi_50x1 entity=hm-scale-many-hmctrid-20260503013407 ready=38/50 pods_running=38 scheduled=38 total=50 op=16680 commit=16680 attempt=735/1500
waiting scenario=multi_50x1 entity=hm-scale-many-hmctrid-20260503013407 ready=38/50 pods_running=38 scheduled=38 total=50 op=16680 commit=16680 attempt=736/1500
waiting scenario=multi_50x1 entity=hm-scale-many-hmctrid-20260503013407 ready=38/50 pods_running=38 scheduled=38 total=50 op=16680 commit=16680 attempt=737/1500
waiting scenario=multi_50x1 entity=hm-scale-many-hmctrid-20260503013407 ready=38/50 pods_running=38 scheduled=38 total=50 op=16680 commit=16680 attempt=738/1500
waiting scenario=multi_50x1 entity=hm-scale-many-hmctrid-20260503013407 ready=38/50 pods_running=38 scheduled=38 total=50 op=16680 commit=16680 attempt=739/1500
waiting scenario=multi_50x1 entity=hm-scale-many-hmctrid-20260503013407 ready=38/50 pods_running=38 scheduled=38 total=50 op=16680 commit=16680 attempt=740/1500
waiting scenario=multi_50x1 entity=hm-scale-many-hmctrid-20260503013407 ready=38/50 pods_running=38 scheduled=38 total=50 op=16680 commit=16680 attempt=741/1500
waiting scenario=multi_50x1 entity=hm-scale-many-hmctrid-20260503013407 ready=38/50 pods_running=38 scheduled=38 total=50 op=16680 commit=16680 attempt=742/1500
waiting scenario=multi_50x1 entity=hm-scale-many-hmctrid-20260503013407 ready=38/50 pods_running=38 scheduled=38 total=50 op=16680 commit=16680 attempt=743/1500
waiting scenario=multi_50x1 entity=hm-scale-many-hmctrid-20260503013407 ready=38/50 pods_running=38 scheduled=38 total=50 op=16680 commit=16680 attempt=744/1500
waiting scenario=multi_50x1 entity=hm-scale-many-hmctrid-20260503013407 ready=38/50 pods_running=38 scheduled=38 total=50 op=16680 commit=16680 attempt=745/1500
waiting scenario=multi_50x1 entity=hm-scale-many-hmctrid-20260503013407 ready=38/50 pods_running=38 scheduled=38 total=50 op=16680 commit=16680 attempt=746/1500
waiting scenario=multi_50x1 entity=hm-scale-many-hmctrid-20260503013407 ready=38/50 pods_running=38 scheduled=38 total=50 op=16680 commit=16680 attempt=747/1500
waiting scenario=multi_50x1 entity=hm-scale-many-hmctrid-20260503013407 ready=38/50 pods_running=38 scheduled=38 total=50 op=16680 commit=16680 attempt=748/1500
waiting scenario=multi_50x1 entity=hm-scale-many-hmctrid-20260503013407 ready=38/50 pods_running=38 scheduled=38 total=50 op=16680 commit=16680 attempt=749/1500
waiting scenario=multi_50x1 entity=hm-scale-many-hmctrid-20260503013407 ready=38/50 pods_running=38 scheduled=38 total=50 op=16680 commit=16680 attempt=750/1500
waiting scenario=multi_50x1 entity=hm-scale-many-hmctrid-20260503013407 ready=38/50 pods_running=38 scheduled=38 total=50 op=16680 commit=16680 attempt=751/1500
waiting scenario=multi_50x1 entity=hm-scale-many-hmctrid-20260503013407 ready=38/50 pods_running=38 scheduled=38 total=50 op=16680 commit=16680 attempt=752/1500
waiting scenario=multi_50x1 entity=hm-scale-many-hmctrid-20260503013407 ready=38/50 pods_running=38 scheduled=38 total=50 op=16680 commit=16680 attempt=753/1500
waiting scenario=multi_50x1 entity=hm-scale-many-hmctrid-20260503013407 ready=38/50 pods_running=38 scheduled=38 total=50 op=16680 commit=16680 attempt=754/1500
waiting scenario=multi_50x1 entity=hm-scale-many-hmctrid-20260503013407 ready=38/50 pods_running=38 scheduled=38 total=50 op=16680 commit=16680 attempt=755/1500
waiting scenario=multi_50x1 entity=hm-scale-many-hmctrid-20260503013407 ready=38/50 pods_running=38 scheduled=38 total=50 op=16680 commit=16680 attempt=756/1500
waiting scenario=multi_50x1 entity=hm-scale-many-hmctrid-20260503013407 ready=38/50 pods_running=38 scheduled=38 total=50 op=16680 commit=16680 attempt=757/1500
waiting scenario=multi_50x1 entity=hm-scale-many-hmctrid-20260503013407 ready=38/50 pods_running=38 scheduled=38 total=50 op=16680 commit=16680 attempt=758/1500
waiting scenario=multi_50x1 entity=hm-scale-many-hmctrid-20260503013407 ready=38/50 pods_running=38 scheduled=38 total=50 op=16680 commit=16680 attempt=759/1500
waiting scenario=multi_50x1 entity=hm-scale-many-hmctrid-20260503013407 ready=38/50 pods_running=38 scheduled=38 total=50 op=16680 commit=16680 attempt=760/1500
waiting scenario=multi_50x1 entity=hm-scale-many-hmctrid-20260503013407 ready=38/50 pods_running=38 scheduled=38 total=50 op=16680 commit=16680 attempt=761/1500
waiting scenario=multi_50x1 entity=hm-scale-many-hmctrid-20260503013407 ready=38/50 pods_running=38 scheduled=38 total=50 op=16680 commit=16680 attempt=762/1500
waiting scenario=multi_50x1 entity=hm-scale-many-hmctrid-20260503013407 ready=38/50 pods_running=38 scheduled=38 total=50 op=16680 commit=16680 attempt=763/1500
waiting scenario=multi_50x1 entity=hm-scale-many-hmctrid-20260503013407 ready=38/50 pods_running=38 scheduled=38 total=50 op=16680 commit=16680 attempt=764/1500
waiting scenario=multi_50x1 entity=hm-scale-many-hmctrid-20260503013407 ready=38/50 pods_running=38 scheduled=38 total=50 op=16680 commit=16680 attempt=765/1500
waiting scenario=multi_50x1 entity=hm-scale-many-hmctrid-20260503013407 ready=38/50 pods_running=38 scheduled=38 total=50 op=16680 commit=16680 attempt=766/1500
waiting scenario=multi_50x1 entity=hm-scale-many-hmctrid-20260503013407 ready=38/50 pods_running=38 scheduled=38 total=50 op=16680 commit=16680 attempt=767/1500
waiting scenario=multi_50x1 entity=hm-scale-many-hmctrid-20260503013407 ready=38/50 pods_running=38 scheduled=38 total=50 op=16680 commit=16680 attempt=768/1500
waiting scenario=multi_50x1 entity=hm-scale-many-hmctrid-20260503013407 ready=38/50 pods_running=38 scheduled=38 total=50 op=16680 commit=16680 attempt=769/1500
waiting scenario=multi_50x1 entity=hm-scale-many-hmctrid-20260503013407 ready=38/50 pods_running=38 scheduled=38 total=50 op=16680 commit=16680 attempt=770/1500
waiting scenario=multi_50x1 entity=hm-scale-many-hmctrid-20260503013407 ready=38/50 pods_running=38 scheduled=38 total=50 op=16680 commit=16680 attempt=771/1500
waiting scenario=multi_50x1 entity=hm-scale-many-hmctrid-20260503013407 ready=38/50 pods_running=38 scheduled=38 total=50 op=16680 commit=16680 attempt=772/1500
waiting scenario=multi_50x1 entity=hm-scale-many-hmctrid-20260503013407 ready=38/50 pods_running=38 scheduled=38 total=50 op=16680 commit=16680 attempt=773/1500
waiting scenario=multi_50x1 entity=hm-scale-many-hmctrid-20260503013407 ready=38/50 pods_running=38 scheduled=38 total=50 op=16680 commit=16680 attempt=774/1500
waiting scenario=multi_50x1 entity=hm-scale-many-hmctrid-20260503013407 ready=38/50 pods_running=38 scheduled=38 total=50 op=16680 commit=16680 attempt=775/1500
waiting scenario=multi_50x1 entity=hm-scale-many-hmctrid-20260503013407 ready=38/50 pods_running=38 scheduled=38 total=50 op=16680 commit=16680 attempt=776/1500
waiting scenario=multi_50x1 entity=hm-scale-many-hmctrid-20260503013407 ready=38/50 pods_running=38 scheduled=38 total=50 op=16680 commit=16680 attempt=777/1500
waiting scenario=multi_50x1 entity=hm-scale-many-hmctrid-20260503013407 ready=38/50 pods_running=38 scheduled=38 total=50 op=16680 commit=16680 attempt=778/1500
waiting scenario=multi_50x1 entity=hm-scale-many-hmctrid-20260503013407 ready=38/50 pods_running=38 scheduled=38 total=50 op=16680 commit=16680 attempt=779/1500
waiting scenario=multi_50x1 entity=hm-scale-many-hmctrid-20260503013407 ready=38/50 pods_running=38 scheduled=38 total=50 op=16680 commit=16680 attempt=780/1500
waiting scenario=multi_50x1 entity=hm-scale-many-hmctrid-20260503013407 ready=38/50 pods_running=38 scheduled=38 total=50 op=16680 commit=16680 attempt=781/1500
waiting scenario=multi_50x1 entity=hm-scale-many-hmctrid-20260503013407 ready=38/50 pods_running=38 scheduled=38 total=50 op=16680 commit=16680 attempt=782/1500
waiting scenario=multi_50x1 entity=hm-scale-many-hmctrid-20260503013407 ready=38/50 pods_running=38 scheduled=38 total=50 op=16680 commit=16680 attempt=783/1500
waiting scenario=multi_50x1 entity=hm-scale-many-hmctrid-20260503013407 ready=38/50 pods_running=38 scheduled=38 total=50 op=16680 commit=16680 attempt=784/1500
waiting scenario=multi_50x1 entity=hm-scale-many-hmctrid-20260503013407 ready=38/50 pods_running=38 scheduled=38 total=50 op=16680 commit=16680 attempt=785/1500
waiting scenario=multi_50x1 entity=hm-scale-many-hmctrid-20260503013407 ready=38/50 pods_running=38 scheduled=38 total=50 op=16680 commit=16680 attempt=786/1500
waiting scenario=multi_50x1 entity=hm-scale-many-hmctrid-20260503013407 ready=38/50 pods_running=38 scheduled=38 total=50 op=16680 commit=16680 attempt=787/1500
waiting scenario=multi_50x1 entity=hm-scale-many-hmctrid-20260503013407 ready=38/50 pods_running=38 scheduled=38 total=50 op=16680 commit=16680 attempt=788/1500
waiting scenario=multi_50x1 entity=hm-scale-many-hmctrid-20260503013407 ready=38/50 pods_running=38 scheduled=38 total=50 op=16680 commit=16680 attempt=789/1500
waiting scenario=multi_50x1 entity=hm-scale-many-hmctrid-20260503013407 ready=38/50 pods_running=38 scheduled=38 total=50 op=16680 commit=16680 attempt=790/1500
waiting scenario=multi_50x1 entity=hm-scale-many-hmctrid-20260503013407 ready=38/50 pods_running=38 scheduled=38 total=50 op=16680 commit=16680 attempt=791/1500
waiting scenario=multi_50x1 entity=hm-scale-many-hmctrid-20260503013407 ready=38/50 pods_running=38 scheduled=38 total=50 op=16680 commit=16680 attempt=792/1500
waiting scenario=multi_50x1 entity=hm-scale-many-hmctrid-20260503013407 ready=38/50 pods_running=38 scheduled=38 total=50 op=16680 commit=16680 attempt=793/1500
waiting scenario=multi_50x1 entity=hm-scale-many-hmctrid-20260503013407 ready=38/50 pods_running=38 scheduled=38 total=50 op=16680 commit=16680 attempt=794/1500
waiting scenario=multi_50x1 entity=hm-scale-many-hmctrid-20260503013407 ready=38/50 pods_running=38 scheduled=38 total=50 op=16680 commit=16680 attempt=795/1500
waiting scenario=multi_50x1 entity=hm-scale-many-hmctrid-20260503013407 ready=38/50 pods_running=38 scheduled=38 total=50 op=16680 commit=16680 attempt=796/1500
waiting scenario=multi_50x1 entity=hm-scale-many-hmctrid-20260503013407 ready=38/50 pods_running=38 scheduled=38 total=50 op=16680 commit=16680 attempt=797/1500
waiting scenario=multi_50x1 entity=hm-scale-many-hmctrid-20260503013407 ready=38/50 pods_running=38 scheduled=38 total=50 op=16680 commit=16680 attempt=798/1500
waiting scenario=multi_50x1 entity=hm-scale-many-hmctrid-20260503013407 ready=38/50 pods_running=38 scheduled=38 total=50 op=16680 commit=16680 attempt=799/1500
waiting scenario=multi_50x1 entity=hm-scale-many-hmctrid-20260503013407 ready=38/50 pods_running=38 scheduled=38 total=50 op=16680 commit=16680 attempt=800/1500
waiting scenario=multi_50x1 entity=hm-scale-many-hmctrid-20260503013407 ready=38/50 pods_running=38 scheduled=38 total=50 op=16680 commit=16680 attempt=801/1500
waiting scenario=multi_50x1 entity=hm-scale-many-hmctrid-20260503013407 ready=38/50 pods_running=38 scheduled=38 total=50 op=16680 commit=16680 attempt=802/1500
waiting scenario=multi_50x1 entity=hm-scale-many-hmctrid-20260503013407 ready=38/50 pods_running=38 scheduled=38 total=50 op=16680 commit=16680 attempt=803/1500
waiting scenario=multi_50x1 entity=hm-scale-many-hmctrid-20260503013407 ready=38/50 pods_running=38 scheduled=38 total=50 op=16680 commit=16680 attempt=804/1500
waiting scenario=multi_50x1 entity=hm-scale-many-hmctrid-20260503013407 ready=38/50 pods_running=38 scheduled=38 total=50 op=16680 commit=16680 attempt=805/1500
waiting scenario=multi_50x1 entity=hm-scale-many-hmctrid-20260503013407 ready=38/50 pods_running=38 scheduled=38 total=50 op=16680 commit=16680 attempt=806/1500
waiting scenario=multi_50x1 entity=hm-scale-many-hmctrid-20260503013407 ready=38/50 pods_running=38 scheduled=38 total=50 op=16680 commit=16680 attempt=807/1500
waiting scenario=multi_50x1 entity=hm-scale-many-hmctrid-20260503013407 ready=38/50 pods_running=38 scheduled=38 total=50 op=16680 commit=16680 attempt=808/1500
waiting scenario=multi_50x1 entity=hm-scale-many-hmctrid-20260503013407 ready=38/50 pods_running=38 scheduled=38 total=50 op=16680 commit=16680 attempt=809/1500
waiting scenario=multi_50x1 entity=hm-scale-many-hmctrid-20260503013407 ready=38/50 pods_running=38 scheduled=38 total=50 op=16680 commit=16680 attempt=810/1500
waiting scenario=multi_50x1 entity=hm-scale-many-hmctrid-20260503013407 ready=38/50 pods_running=38 scheduled=38 total=50 op=16680 commit=16680 attempt=811/1500
waiting scenario=multi_50x1 entity=hm-scale-many-hmctrid-20260503013407 ready=38/50 pods_running=38 scheduled=38 total=50 op=16680 commit=16680 attempt=812/1500
waiting scenario=multi_50x1 entity=hm-scale-many-hmctrid-20260503013407 ready=38/50 pods_running=38 scheduled=38 total=50 op=16680 commit=16680 attempt=813/1500
waiting scenario=multi_50x1 entity=hm-scale-many-hmctrid-20260503013407 ready=38/50 pods_running=38 scheduled=38 total=50 op=16680 commit=16680 attempt=814/1500
waiting scenario=multi_50x1 entity=hm-scale-many-hmctrid-20260503013407 ready=38/50 pods_running=38 scheduled=38 total=50 op=16680 commit=16680 attempt=815/1500
waiting scenario=multi_50x1 entity=hm-scale-many-hmctrid-20260503013407 ready=38/50 pods_running=38 scheduled=38 total=50 op=16680 commit=16680 attempt=816/1500
waiting scenario=multi_50x1 entity=hm-scale-many-hmctrid-20260503013407 ready=38/50 pods_running=38 scheduled=38 total=50 op=16680 commit=16680 attempt=817/1500
waiting scenario=multi_50x1 entity=hm-scale-many-hmctrid-20260503013407 ready=38/50 pods_running=38 scheduled=38 total=50 op=16680 commit=16680 attempt=818/1500
waiting scenario=multi_50x1 entity=hm-scale-many-hmctrid-20260503013407 ready=38/50 pods_running=38 scheduled=38 total=50 op=16680 commit=16680 attempt=819/1500
waiting scenario=multi_50x1 entity=hm-scale-many-hmctrid-20260503013407 ready=38/50 pods_running=38 scheduled=38 total=50 op=16680 commit=16680 attempt=820/1500
waiting scenario=multi_50x1 entity=hm-scale-many-hmctrid-20260503013407 ready=38/50 pods_running=38 scheduled=38 total=50 op=16680 commit=16680 attempt=821/1500
waiting scenario=multi_50x1 entity=hm-scale-many-hmctrid-20260503013407 ready=38/50 pods_running=38 scheduled=38 total=50 op=16680 commit=16680 attempt=822/1500
waiting scenario=multi_50x1 entity=hm-scale-many-hmctrid-20260503013407 ready=38/50 pods_running=38 scheduled=38 total=50 op=16680 commit=16680 attempt=823/1500
waiting scenario=multi_50x1 entity=hm-scale-many-hmctrid-20260503013407 ready=38/50 pods_running=38 scheduled=38 total=50 op=16680 commit=16680 attempt=824/1500
waiting scenario=multi_50x1 entity=hm-scale-many-hmctrid-20260503013407 ready=38/50 pods_running=38 scheduled=38 total=50 op=16680 commit=16680 attempt=825/1500
waiting scenario=multi_50x1 entity=hm-scale-many-hmctrid-20260503013407 ready=38/50 pods_running=38 scheduled=38 total=50 op=16680 commit=16680 attempt=826/1500
waiting scenario=multi_50x1 entity=hm-scale-many-hmctrid-20260503013407 ready=38/50 pods_running=38 scheduled=38 total=50 op=16680 commit=16680 attempt=827/1500
waiting scenario=multi_50x1 entity=hm-scale-many-hmctrid-20260503013407 ready=38/50 pods_running=38 scheduled=38 total=50 op=16680 commit=16680 attempt=828/1500
waiting scenario=multi_50x1 entity=hm-scale-many-hmctrid-20260503013407 ready=38/50 pods_running=38 scheduled=38 total=50 op=16680 commit=16680 attempt=829/1500
waiting scenario=multi_50x1 entity=hm-scale-many-hmctrid-20260503013407 ready=38/50 pods_running=38 scheduled=38 total=50 op=16680 commit=16680 attempt=830/1500
waiting scenario=multi_50x1 entity=hm-scale-many-hmctrid-20260503013407 ready=38/50 pods_running=38 scheduled=38 total=50 op=16680 commit=16680 attempt=831/1500
waiting scenario=multi_50x1 entity=hm-scale-many-hmctrid-20260503013407 ready=38/50 pods_running=38 scheduled=38 total=50 op=16680 commit=16680 attempt=832/1500
waiting scenario=multi_50x1 entity=hm-scale-many-hmctrid-20260503013407 ready=38/50 pods_running=38 scheduled=38 total=50 op=16680 commit=16680 attempt=833/1500
waiting scenario=multi_50x1 entity=hm-scale-many-hmctrid-20260503013407 ready=38/50 pods_running=38 scheduled=38 total=50 op=16680 commit=16680 attempt=834/1500
waiting scenario=multi_50x1 entity=hm-scale-many-hmctrid-20260503013407 ready=38/50 pods_running=38 scheduled=38 total=50 op=16680 commit=16680 attempt=835/1500
waiting scenario=multi_50x1 entity=hm-scale-many-hmctrid-20260503013407 ready=38/50 pods_running=38 scheduled=38 total=50 op=16680 commit=16680 attempt=836/1500
waiting scenario=multi_50x1 entity=hm-scale-many-hmctrid-20260503013407 ready=38/50 pods_running=38 scheduled=38 total=50 op=16680 commit=16680 attempt=837/1500
waiting scenario=multi_50x1 entity=hm-scale-many-hmctrid-20260503013407 ready=38/50 pods_running=38 scheduled=38 total=50 op=16680 commit=16680 attempt=838/1500
waiting scenario=multi_50x1 entity=hm-scale-many-hmctrid-20260503013407 ready=38/50 pods_running=38 scheduled=38 total=50 op=16680 commit=16680 attempt=839/1500
waiting scenario=multi_50x1 entity=hm-scale-many-hmctrid-20260503013407 ready=38/50 pods_running=38 scheduled=38 total=50 op=16680 commit=16680 attempt=840/1500
waiting scenario=multi_50x1 entity=hm-scale-many-hmctrid-20260503013407 ready=38/50 pods_running=38 scheduled=38 total=50 op=16680 commit=16680 attempt=841/1500
waiting scenario=multi_50x1 entity=hm-scale-many-hmctrid-20260503013407 ready=38/50 pods_running=38 scheduled=38 total=50 op=16680 commit=16680 attempt=842/1500
waiting scenario=multi_50x1 entity=hm-scale-many-hmctrid-20260503013407 ready=38/50 pods_running=38 scheduled=38 total=50 op=16680 commit=16680 attempt=843/1500
waiting scenario=multi_50x1 entity=hm-scale-many-hmctrid-20260503013407 ready=38/50 pods_running=38 scheduled=38 total=50 op=16680 commit=16680 attempt=844/1500
waiting scenario=multi_50x1 entity=hm-scale-many-hmctrid-20260503013407 ready=38/50 pods_running=38 scheduled=38 total=50 op=16680 commit=16680 attempt=845/1500
waiting scenario=multi_50x1 entity=hm-scale-many-hmctrid-20260503013407 ready=38/50 pods_running=38 scheduled=38 total=50 op=16680 commit=16680 attempt=846/1500
waiting scenario=multi_50x1 entity=hm-scale-many-hmctrid-20260503013407 ready=38/50 pods_running=38 scheduled=38 total=50 op=16680 commit=16680 attempt=847/1500
waiting scenario=multi_50x1 entity=hm-scale-many-hmctrid-20260503013407 ready=38/50 pods_running=38 scheduled=38 total=50 op=16680 commit=16680 attempt=848/1500
waiting scenario=multi_50x1 entity=hm-scale-many-hmctrid-20260503013407 ready=38/50 pods_running=38 scheduled=38 total=50 op=16680 commit=16680 attempt=849/1500
waiting scenario=multi_50x1 entity=hm-scale-many-hmctrid-20260503013407 ready=38/50 pods_running=38 scheduled=38 total=50 op=16680 commit=16680 attempt=850/1500
waiting scenario=multi_50x1 entity=hm-scale-many-hmctrid-20260503013407 ready=38/50 pods_running=38 scheduled=38 total=50 op=16680 commit=16680 attempt=851/1500
waiting scenario=multi_50x1 entity=hm-scale-many-hmctrid-20260503013407 ready=38/50 pods_running=38 scheduled=38 total=50 op=16680 commit=16680 attempt=852/1500
waiting scenario=multi_50x1 entity=hm-scale-many-hmctrid-20260503013407 ready=38/50 pods_running=38 scheduled=38 total=50 op=16680 commit=16680 attempt=853/1500
waiting scenario=multi_50x1 entity=hm-scale-many-hmctrid-20260503013407 ready=38/50 pods_running=38 scheduled=38 total=50 op=16680 commit=16680 attempt=854/1500
waiting scenario=multi_50x1 entity=hm-scale-many-hmctrid-20260503013407 ready=38/50 pods_running=38 scheduled=38 total=50 op=16680 commit=16680 attempt=855/1500
waiting scenario=multi_50x1 entity=hm-scale-many-hmctrid-20260503013407 ready=38/50 pods_running=38 scheduled=38 total=50 op=16680 commit=16680 attempt=856/1500
waiting scenario=multi_50x1 entity=hm-scale-many-hmctrid-20260503013407 ready=38/50 pods_running=38 scheduled=38 total=50 op=16680 commit=16680 attempt=857/1500
waiting scenario=multi_50x1 entity=hm-scale-many-hmctrid-20260503013407 ready=38/50 pods_running=38 scheduled=38 total=50 op=16680 commit=16680 attempt=858/1500
waiting scenario=multi_50x1 entity=hm-scale-many-hmctrid-20260503013407 ready=38/50 pods_running=38 scheduled=38 total=50 op=16680 commit=16680 attempt=859/1500
waiting scenario=multi_50x1 entity=hm-scale-many-hmctrid-20260503013407 ready=38/50 pods_running=38 scheduled=38 total=50 op=16680 commit=16680 attempt=860/1500
waiting scenario=multi_50x1 entity=hm-scale-many-hmctrid-20260503013407 ready=38/50 pods_running=38 scheduled=38 total=50 op=16680 commit=16680 attempt=861/1500
waiting scenario=multi_50x1 entity=hm-scale-many-hmctrid-20260503013407 ready=38/50 pods_running=38 scheduled=38 total=50 op=16680 commit=16680 attempt=862/1500
waiting scenario=multi_50x1 entity=hm-scale-many-hmctrid-20260503013407 ready=38/50 pods_running=38 scheduled=38 total=50 op=16680 commit=16680 attempt=863/1500
waiting scenario=multi_50x1 entity=hm-scale-many-hmctrid-20260503013407 ready=38/50 pods_running=38 scheduled=38 total=50 op=16680 commit=16680 attempt=864/1500
waiting scenario=multi_50x1 entity=hm-scale-many-hmctrid-20260503013407 ready=38/50 pods_running=38 scheduled=38 total=50 op=16680 commit=16680 attempt=865/1500
waiting scenario=multi_50x1 entity=hm-scale-many-hmctrid-20260503013407 ready=38/50 pods_running=38 scheduled=38 total=50 op=16680 commit=16680 attempt=866/1500
waiting scenario=multi_50x1 entity=hm-scale-many-hmctrid-20260503013407 ready=38/50 pods_running=38 scheduled=38 total=50 op=16680 commit=16680 attempt=867/1500
waiting scenario=multi_50x1 entity=hm-scale-many-hmctrid-20260503013407 ready=38/50 pods_running=38 scheduled=38 total=50 op=16680 commit=16680 attempt=868/1500
waiting scenario=multi_50x1 entity=hm-scale-many-hmctrid-20260503013407 ready=38/50 pods_running=38 scheduled=38 total=50 op=16680 commit=16680 attempt=869/1500
waiting scenario=multi_50x1 entity=hm-scale-many-hmctrid-20260503013407 ready=38/50 pods_running=38 scheduled=38 total=50 op=16680 commit=16680 attempt=870/1500
waiting scenario=multi_50x1 entity=hm-scale-many-hmctrid-20260503013407 ready=38/50 pods_running=38 scheduled=38 total=50 op=16680 commit=16680 attempt=871/1500
waiting scenario=multi_50x1 entity=hm-scale-many-hmctrid-20260503013407 ready=38/50 pods_running=38 scheduled=38 total=50 op=16680 commit=16680 attempt=872/1500
waiting scenario=multi_50x1 entity=hm-scale-many-hmctrid-20260503013407 ready=38/50 pods_running=38 scheduled=38 total=50 op=16680 commit=16680 attempt=873/1500
waiting scenario=multi_50x1 entity=hm-scale-many-hmctrid-20260503013407 ready=38/50 pods_running=38 scheduled=38 total=50 op=16680 commit=16680 attempt=874/1500
waiting scenario=multi_50x1 entity=hm-scale-many-hmctrid-20260503013407 ready=38/50 pods_running=38 scheduled=38 total=50 op=16680 commit=16680 attempt=875/1500
waiting scenario=multi_50x1 entity=hm-scale-many-hmctrid-20260503013407 ready=38/50 pods_running=38 scheduled=38 total=50 op=16680 commit=16680 attempt=876/1500
waiting scenario=multi_50x1 entity=hm-scale-many-hmctrid-20260503013407 ready=38/50 pods_running=38 scheduled=38 total=50 op=16680 commit=16680 attempt=877/1500
waiting scenario=multi_50x1 entity=hm-scale-many-hmctrid-20260503013407 ready=38/50 pods_running=38 scheduled=38 total=50 op=16680 commit=16680 attempt=878/1500
waiting scenario=multi_50x1 entity=hm-scale-many-hmctrid-20260503013407 ready=38/50 pods_running=38 scheduled=38 total=50 op=16680 commit=16680 attempt=879/1500
waiting scenario=multi_50x1 entity=hm-scale-many-hmctrid-20260503013407 ready=38/50 pods_running=38 scheduled=38 total=50 op=16680 commit=16680 attempt=880/1500
waiting scenario=multi_50x1 entity=hm-scale-many-hmctrid-20260503013407 ready=38/50 pods_running=38 scheduled=38 total=50 op=16680 commit=16680 attempt=881/1500
waiting scenario=multi_50x1 entity=hm-scale-many-hmctrid-20260503013407 ready=38/50 pods_running=38 scheduled=38 total=50 op=16680 commit=16680 attempt=882/1500
waiting scenario=multi_50x1 entity=hm-scale-many-hmctrid-20260503013407 ready=38/50 pods_running=38 scheduled=38 total=50 op=16680 commit=16680 attempt=883/1500
waiting scenario=multi_50x1 entity=hm-scale-many-hmctrid-20260503013407 ready=38/50 pods_running=38 scheduled=38 total=50 op=16680 commit=16680 attempt=884/1500
waiting scenario=multi_50x1 entity=hm-scale-many-hmctrid-20260503013407 ready=38/50 pods_running=38 scheduled=38 total=50 op=16680 commit=16680 attempt=885/1500
waiting scenario=multi_50x1 entity=hm-scale-many-hmctrid-20260503013407 ready=38/50 pods_running=38 scheduled=38 total=50 op=16680 commit=16680 attempt=886/1500
waiting scenario=multi_50x1 entity=hm-scale-many-hmctrid-20260503013407 ready=38/50 pods_running=38 scheduled=38 total=50 op=16680 commit=16680 attempt=887/1500
waiting scenario=multi_50x1 entity=hm-scale-many-hmctrid-20260503013407 ready=38/50 pods_running=38 scheduled=38 total=50 op=16680 commit=16680 attempt=888/1500
waiting scenario=multi_50x1 entity=hm-scale-many-hmctrid-20260503013407 ready=38/50 pods_running=38 scheduled=38 total=50 op=16680 commit=16680 attempt=889/1500
waiting scenario=multi_50x1 entity=hm-scale-many-hmctrid-20260503013407 ready=38/50 pods_running=38 scheduled=38 total=50 op=16680 commit=16680 attempt=890/1500
waiting scenario=multi_50x1 entity=hm-scale-many-hmctrid-20260503013407 ready=38/50 pods_running=38 scheduled=38 total=50 op=16680 commit=16680 attempt=891/1500
waiting scenario=multi_50x1 entity=hm-scale-many-hmctrid-20260503013407 ready=38/50 pods_running=38 scheduled=38 total=50 op=16680 commit=16680 attempt=892/1500
waiting scenario=multi_50x1 entity=hm-scale-many-hmctrid-20260503013407 ready=38/50 pods_running=38 scheduled=38 total=50 op=16680 commit=16680 attempt=893/1500
waiting scenario=multi_50x1 entity=hm-scale-many-hmctrid-20260503013407 ready=38/50 pods_running=38 scheduled=38 total=50 op=16680 commit=16680 attempt=894/1500
waiting scenario=multi_50x1 entity=hm-scale-many-hmctrid-20260503013407 ready=38/50 pods_running=38 scheduled=38 total=50 op=16680 commit=16680 attempt=895/1500
waiting scenario=multi_50x1 entity=hm-scale-many-hmctrid-20260503013407 ready=38/50 pods_running=38 scheduled=38 total=50 op=16680 commit=16680 attempt=896/1500
waiting scenario=multi_50x1 entity=hm-scale-many-hmctrid-20260503013407 ready=38/50 pods_running=38 scheduled=38 total=50 op=16680 commit=16680 attempt=897/1500
waiting scenario=multi_50x1 entity=hm-scale-many-hmctrid-20260503013407 ready=38/50 pods_running=38 scheduled=38 total=50 op=16680 commit=16680 attempt=898/1500
waiting scenario=multi_50x1 entity=hm-scale-many-hmctrid-20260503013407 ready=38/50 pods_running=38 scheduled=38 total=50 op=16680 commit=16680 attempt=899/1500
waiting scenario=multi_50x1 entity=hm-scale-many-hmctrid-20260503013407 ready=38/50 pods_running=38 scheduled=38 total=50 op=16680 commit=16680 attempt=900/1500
waiting scenario=multi_50x1 entity=hm-scale-many-hmctrid-20260503013407 ready=38/50 pods_running=38 scheduled=38 total=50 op=16680 commit=16680 attempt=901/1500
waiting scenario=multi_50x1 entity=hm-scale-many-hmctrid-20260503013407 ready=38/50 pods_running=38 scheduled=38 total=50 op=16680 commit=16680 attempt=902/1500
waiting scenario=multi_50x1 entity=hm-scale-many-hmctrid-20260503013407 ready=38/50 pods_running=38 scheduled=38 total=50 op=16680 commit=16680 attempt=903/1500
waiting scenario=multi_50x1 entity=hm-scale-many-hmctrid-20260503013407 ready=38/50 pods_running=38 scheduled=38 total=50 op=16680 commit=16680 attempt=904/1500
waiting scenario=multi_50x1 entity=hm-scale-many-hmctrid-20260503013407 ready=38/50 pods_running=38 scheduled=38 total=50 op=16680 commit=16680 attempt=905/1500
waiting scenario=multi_50x1 entity=hm-scale-many-hmctrid-20260503013407 ready=38/50 pods_running=38 scheduled=38 total=50 op=16680 commit=16680 attempt=906/1500
waiting scenario=multi_50x1 entity=hm-scale-many-hmctrid-20260503013407 ready=38/50 pods_running=38 scheduled=38 total=50 op=16680 commit=16680 attempt=907/1500
waiting scenario=multi_50x1 entity=hm-scale-many-hmctrid-20260503013407 ready=38/50 pods_running=38 scheduled=38 total=50 op=16680 commit=16680 attempt=908/1500
waiting scenario=multi_50x1 entity=hm-scale-many-hmctrid-20260503013407 ready=38/50 pods_running=38 scheduled=38 total=50 op=16680 commit=16680 attempt=909/1500
waiting scenario=multi_50x1 entity=hm-scale-many-hmctrid-20260503013407 ready=38/50 pods_running=38 scheduled=38 total=50 op=16680 commit=16680 attempt=910/1500
waiting scenario=multi_50x1 entity=hm-scale-many-hmctrid-20260503013407 ready=38/50 pods_running=38 scheduled=38 total=50 op=16680 commit=16680 attempt=911/1500
waiting scenario=multi_50x1 entity=hm-scale-many-hmctrid-20260503013407 ready=38/50 pods_running=38 scheduled=38 total=50 op=16680 commit=16680 attempt=912/1500
waiting scenario=multi_50x1 entity=hm-scale-many-hmctrid-20260503013407 ready=38/50 pods_running=38 scheduled=38 total=50 op=16680 commit=16680 attempt=913/1500
waiting scenario=multi_50x1 entity=hm-scale-many-hmctrid-20260503013407 ready=38/50 pods_running=38 scheduled=38 total=50 op=16680 commit=16680 attempt=914/1500
waiting scenario=multi_50x1 entity=hm-scale-many-hmctrid-20260503013407 ready=38/50 pods_running=38 scheduled=38 total=50 op=16680 commit=16680 attempt=915/1500
waiting scenario=multi_50x1 entity=hm-scale-many-hmctrid-20260503013407 ready=38/50 pods_running=38 scheduled=38 total=50 op=16680 commit=16680 attempt=916/1500
waiting scenario=multi_50x1 entity=hm-scale-many-hmctrid-20260503013407 ready=38/50 pods_running=38 scheduled=38 total=50 op=16680 commit=16680 attempt=917/1500
waiting scenario=multi_50x1 entity=hm-scale-many-hmctrid-20260503013407 ready=38/50 pods_running=38 scheduled=38 total=50 op=16680 commit=16680 attempt=918/1500
waiting scenario=multi_50x1 entity=hm-scale-many-hmctrid-20260503013407 ready=38/50 pods_running=38 scheduled=38 total=50 op=16680 commit=16680 attempt=919/1500
waiting scenario=multi_50x1 entity=hm-scale-many-hmctrid-20260503013407 ready=38/50 pods_running=38 scheduled=38 total=50 op=16680 commit=16680 attempt=920/1500
waiting scenario=multi_50x1 entity=hm-scale-many-hmctrid-20260503013407 ready=38/50 pods_running=38 scheduled=38 total=50 op=16680 commit=16680 attempt=921/1500
waiting scenario=multi_50x1 entity=hm-scale-many-hmctrid-20260503013407 ready=38/50 pods_running=38 scheduled=38 total=50 op=16680 commit=16680 attempt=922/1500
waiting scenario=multi_50x1 entity=hm-scale-many-hmctrid-20260503013407 ready=38/50 pods_running=38 scheduled=38 total=50 op=16680 commit=16680 attempt=923/1500
waiting scenario=multi_50x1 entity=hm-scale-many-hmctrid-20260503013407 ready=38/50 pods_running=38 scheduled=38 total=50 op=16680 commit=16680 attempt=924/1500
waiting scenario=multi_50x1 entity=hm-scale-many-hmctrid-20260503013407 ready=38/50 pods_running=38 scheduled=38 total=50 op=16680 commit=16680 attempt=925/1500
waiting scenario=multi_50x1 entity=hm-scale-many-hmctrid-20260503013407 ready=38/50 pods_running=38 scheduled=38 total=50 op=16680 commit=16680 attempt=926/1500
waiting scenario=multi_50x1 entity=hm-scale-many-hmctrid-20260503013407 ready=38/50 pods_running=38 scheduled=38 total=50 op=16680 commit=16680 attempt=927/1500
waiting scenario=multi_50x1 entity=hm-scale-many-hmctrid-20260503013407 ready=38/50 pods_running=38 scheduled=38 total=50 op=16680 commit=16680 attempt=928/1500
waiting scenario=multi_50x1 entity=hm-scale-many-hmctrid-20260503013407 ready=38/50 pods_running=38 scheduled=38 total=50 op=16680 commit=16680 attempt=929/1500
waiting scenario=multi_50x1 entity=hm-scale-many-hmctrid-20260503013407 ready=38/50 pods_running=38 scheduled=38 total=50 op=16680 commit=16680 attempt=930/1500
waiting scenario=multi_50x1 entity=hm-scale-many-hmctrid-20260503013407 ready=38/50 pods_running=38 scheduled=38 total=50 op=16680 commit=16680 attempt=931/1500
waiting scenario=multi_50x1 entity=hm-scale-many-hmctrid-20260503013407 ready=38/50 pods_running=38 scheduled=38 total=50 op=16680 commit=16680 attempt=932/1500
waiting scenario=multi_50x1 entity=hm-scale-many-hmctrid-20260503013407 ready=38/50 pods_running=38 scheduled=38 total=50 op=16680 commit=16680 attempt=933/1500
waiting scenario=multi_50x1 entity=hm-scale-many-hmctrid-20260503013407 ready=38/50 pods_running=38 scheduled=38 total=50 op=16680 commit=16680 attempt=934/1500
waiting scenario=multi_50x1 entity=hm-scale-many-hmctrid-20260503013407 ready=38/50 pods_running=38 scheduled=38 total=50 op=16680 commit=16680 attempt=935/1500
waiting scenario=multi_50x1 entity=hm-scale-many-hmctrid-20260503013407 ready=38/50 pods_running=38 scheduled=38 total=50 op=16680 commit=16680 attempt=936/1500
waiting scenario=multi_50x1 entity=hm-scale-many-hmctrid-20260503013407 ready=38/50 pods_running=38 scheduled=38 total=50 op=16680 commit=16680 attempt=937/1500
waiting scenario=multi_50x1 entity=hm-scale-many-hmctrid-20260503013407 ready=38/50 pods_running=38 scheduled=38 total=50 op=16680 commit=16680 attempt=938/1500
waiting scenario=multi_50x1 entity=hm-scale-many-hmctrid-20260503013407 ready=38/50 pods_running=38 scheduled=38 total=50 op=16680 commit=16680 attempt=939/1500
waiting scenario=multi_50x1 entity=hm-scale-many-hmctrid-20260503013407 ready=38/50 pods_running=38 scheduled=38 total=50 op=16680 commit=16680 attempt=940/1500
waiting scenario=multi_50x1 entity=hm-scale-many-hmctrid-20260503013407 ready=38/50 pods_running=38 scheduled=38 total=50 op=16680 commit=16680 attempt=941/1500
waiting scenario=multi_50x1 entity=hm-scale-many-hmctrid-20260503013407 ready=38/50 pods_running=38 scheduled=38 total=50 op=16680 commit=16680 attempt=942/1500
waiting scenario=multi_50x1 entity=hm-scale-many-hmctrid-20260503013407 ready=38/50 pods_running=38 scheduled=38 total=50 op=16680 commit=16680 attempt=943/1500
waiting scenario=multi_50x1 entity=hm-scale-many-hmctrid-20260503013407 ready=38/50 pods_running=38 scheduled=38 total=50 op=16680 commit=16680 attempt=944/1500
waiting scenario=multi_50x1 entity=hm-scale-many-hmctrid-20260503013407 ready=38/50 pods_running=38 scheduled=38 total=50 op=16680 commit=16680 attempt=945/1500
waiting scenario=multi_50x1 entity=hm-scale-many-hmctrid-20260503013407 ready=38/50 pods_running=38 scheduled=38 total=50 op=16680 commit=16680 attempt=946/1500
waiting scenario=multi_50x1 entity=hm-scale-many-hmctrid-20260503013407 ready=38/50 pods_running=38 scheduled=38 total=50 op=16680 commit=16680 attempt=947/1500
waiting scenario=multi_50x1 entity=hm-scale-many-hmctrid-20260503013407 ready=38/50 pods_running=38 scheduled=38 total=50 op=16680 commit=16680 attempt=948/1500
waiting scenario=multi_50x1 entity=hm-scale-many-hmctrid-20260503013407 ready=38/50 pods_running=38 scheduled=38 total=50 op=16680 commit=16680 attempt=949/1500
waiting scenario=multi_50x1 entity=hm-scale-many-hmctrid-20260503013407 ready=38/50 pods_running=38 scheduled=38 total=50 op=16680 commit=16680 attempt=950/1500
waiting scenario=multi_50x1 entity=hm-scale-many-hmctrid-20260503013407 ready=38/50 pods_running=38 scheduled=38 total=50 op=16680 commit=16680 attempt=951/1500
waiting scenario=multi_50x1 entity=hm-scale-many-hmctrid-20260503013407 ready=38/50 pods_running=38 scheduled=38 total=50 op=16680 commit=16680 attempt=952/1500
waiting scenario=multi_50x1 entity=hm-scale-many-hmctrid-20260503013407 ready=38/50 pods_running=38 scheduled=38 total=50 op=16680 commit=16680 attempt=953/1500
waiting scenario=multi_50x1 entity=hm-scale-many-hmctrid-20260503013407 ready=38/50 pods_running=38 scheduled=38 total=50 op=16680 commit=16680 attempt=954/1500
waiting scenario=multi_50x1 entity=hm-scale-many-hmctrid-20260503013407 ready=38/50 pods_running=38 scheduled=38 total=50 op=16680 commit=16680 attempt=955/1500
waiting scenario=multi_50x1 entity=hm-scale-many-hmctrid-20260503013407 ready=38/50 pods_running=38 scheduled=38 total=50 op=16680 commit=16680 attempt=956/1500
waiting scenario=multi_50x1 entity=hm-scale-many-hmctrid-20260503013407 ready=38/50 pods_running=38 scheduled=38 total=50 op=16680 commit=16680 attempt=957/1500
waiting scenario=multi_50x1 entity=hm-scale-many-hmctrid-20260503013407 ready=38/50 pods_running=38 scheduled=38 total=50 op=16680 commit=16680 attempt=958/1500
waiting scenario=multi_50x1 entity=hm-scale-many-hmctrid-20260503013407 ready=38/50 pods_running=38 scheduled=38 total=50 op=16680 commit=16680 attempt=959/1500
waiting scenario=multi_50x1 entity=hm-scale-many-hmctrid-20260503013407 ready=38/50 pods_running=38 scheduled=38 total=50 op=16680 commit=16680 attempt=960/1500
waiting scenario=multi_50x1 entity=hm-scale-many-hmctrid-20260503013407 ready=38/50 pods_running=38 scheduled=38 total=50 op=16680 commit=16680 attempt=961/1500
waiting scenario=multi_50x1 entity=hm-scale-many-hmctrid-20260503013407 ready=38/50 pods_running=38 scheduled=38 total=50 op=16680 commit=16680 attempt=962/1500
waiting scenario=multi_50x1 entity=hm-scale-many-hmctrid-20260503013407 ready=38/50 pods_running=38 scheduled=38 total=50 op=16680 commit=16680 attempt=963/1500
waiting scenario=multi_50x1 entity=hm-scale-many-hmctrid-20260503013407 ready=38/50 pods_running=38 scheduled=38 total=50 op=16680 commit=16680 attempt=964/1500
waiting scenario=multi_50x1 entity=hm-scale-many-hmctrid-20260503013407 ready=38/50 pods_running=38 scheduled=38 total=50 op=16680 commit=16680 attempt=965/1500
waiting scenario=multi_50x1 entity=hm-scale-many-hmctrid-20260503013407 ready=38/50 pods_running=38 scheduled=38 total=50 op=16680 commit=16680 attempt=966/1500
waiting scenario=multi_50x1 entity=hm-scale-many-hmctrid-20260503013407 ready=38/50 pods_running=38 scheduled=38 total=50 op=16680 commit=16680 attempt=967/1500
waiting scenario=multi_50x1 entity=hm-scale-many-hmctrid-20260503013407 ready=38/50 pods_running=38 scheduled=38 total=50 op=16680 commit=16680 attempt=968/1500
waiting scenario=multi_50x1 entity=hm-scale-many-hmctrid-20260503013407 ready=38/50 pods_running=38 scheduled=38 total=50 op=16680 commit=16680 attempt=969/1500
waiting scenario=multi_50x1 entity=hm-scale-many-hmctrid-20260503013407 ready=38/50 pods_running=38 scheduled=38 total=50 op=16680 commit=16680 attempt=970/1500
waiting scenario=multi_50x1 entity=hm-scale-many-hmctrid-20260503013407 ready=38/50 pods_running=38 scheduled=38 total=50 op=16680 commit=16680 attempt=971/1500
waiting scenario=multi_50x1 entity=hm-scale-many-hmctrid-20260503013407 ready=38/50 pods_running=38 scheduled=38 total=50 op=16680 commit=16680 attempt=972/1500
waiting scenario=multi_50x1 entity=hm-scale-many-hmctrid-20260503013407 ready=38/50 pods_running=38 scheduled=38 total=50 op=16680 commit=16680 attempt=973/1500
waiting scenario=multi_50x1 entity=hm-scale-many-hmctrid-20260503013407 ready=38/50 pods_running=38 scheduled=38 total=50 op=16680 commit=16680 attempt=974/1500
waiting scenario=multi_50x1 entity=hm-scale-many-hmctrid-20260503013407 ready=38/50 pods_running=38 scheduled=38 total=50 op=16680 commit=16680 attempt=975/1500
waiting scenario=multi_50x1 entity=hm-scale-many-hmctrid-20260503013407 ready=38/50 pods_running=38 scheduled=38 total=50 op=16680 commit=16680 attempt=976/1500
waiting scenario=multi_50x1 entity=hm-scale-many-hmctrid-20260503013407 ready=38/50 pods_running=38 scheduled=38 total=50 op=16680 commit=16680 attempt=977/1500
waiting scenario=multi_50x1 entity=hm-scale-many-hmctrid-20260503013407 ready=38/50 pods_running=38 scheduled=38 total=50 op=16680 commit=16680 attempt=978/1500
waiting scenario=multi_50x1 entity=hm-scale-many-hmctrid-20260503013407 ready=38/50 pods_running=38 scheduled=38 total=50 op=16680 commit=16680 attempt=979/1500
waiting scenario=multi_50x1 entity=hm-scale-many-hmctrid-20260503013407 ready=38/50 pods_running=38 scheduled=38 total=50 op=16680 commit=16680 attempt=980/1500
waiting scenario=multi_50x1 entity=hm-scale-many-hmctrid-20260503013407 ready=38/50 pods_running=38 scheduled=38 total=50 op=16680 commit=16680 attempt=981/1500
waiting scenario=multi_50x1 entity=hm-scale-many-hmctrid-20260503013407 ready=38/50 pods_running=38 scheduled=38 total=50 op=16680 commit=16680 attempt=982/1500
waiting scenario=multi_50x1 entity=hm-scale-many-hmctrid-20260503013407 ready=38/50 pods_running=38 scheduled=38 total=50 op=16680 commit=16680 attempt=983/1500
waiting scenario=multi_50x1 entity=hm-scale-many-hmctrid-20260503013407 ready=38/50 pods_running=38 scheduled=38 total=50 op=16680 commit=16680 attempt=984/1500
waiting scenario=multi_50x1 entity=hm-scale-many-hmctrid-20260503013407 ready=38/50 pods_running=38 scheduled=38 total=50 op=16680 commit=16680 attempt=985/1500
waiting scenario=multi_50x1 entity=hm-scale-many-hmctrid-20260503013407 ready=38/50 pods_running=38 scheduled=38 total=50 op=16680 commit=16680 attempt=986/1500
waiting scenario=multi_50x1 entity=hm-scale-many-hmctrid-20260503013407 ready=38/50 pods_running=38 scheduled=38 total=50 op=16680 commit=16680 attempt=987/1500
waiting scenario=multi_50x1 entity=hm-scale-many-hmctrid-20260503013407 ready=38/50 pods_running=38 scheduled=38 total=50 op=16680 commit=16680 attempt=988/1500
waiting scenario=multi_50x1 entity=hm-scale-many-hmctrid-20260503013407 ready=38/50 pods_running=38 scheduled=38 total=50 op=16680 commit=16680 attempt=989/1500
waiting scenario=multi_50x1 entity=hm-scale-many-hmctrid-20260503013407 ready=38/50 pods_running=38 scheduled=38 total=50 op=16680 commit=16680 attempt=990/1500
waiting scenario=multi_50x1 entity=hm-scale-many-hmctrid-20260503013407 ready=38/50 pods_running=38 scheduled=38 total=50 op=16680 commit=16680 attempt=991/1500
waiting scenario=multi_50x1 entity=hm-scale-many-hmctrid-20260503013407 ready=38/50 pods_running=38 scheduled=38 total=50 op=16680 commit=16680 attempt=992/1500
waiting scenario=multi_50x1 entity=hm-scale-many-hmctrid-20260503013407 ready=38/50 pods_running=38 scheduled=38 total=50 op=16680 commit=16680 attempt=993/1500
waiting scenario=multi_50x1 entity=hm-scale-many-hmctrid-20260503013407 ready=38/50 pods_running=38 scheduled=38 total=50 op=16680 commit=16680 attempt=994/1500
waiting scenario=multi_50x1 entity=hm-scale-many-hmctrid-20260503013407 ready=38/50 pods_running=38 scheduled=38 total=50 op=16680 commit=16680 attempt=995/1500
waiting scenario=multi_50x1 entity=hm-scale-many-hmctrid-20260503013407 ready=38/50 pods_running=38 scheduled=38 total=50 op=16680 commit=16680 attempt=996/1500
waiting scenario=multi_50x1 entity=hm-scale-many-hmctrid-20260503013407 ready=38/50 pods_running=38 scheduled=38 total=50 op=16680 commit=16680 attempt=997/1500
waiting scenario=multi_50x1 entity=hm-scale-many-hmctrid-20260503013407 ready=38/50 pods_running=38 scheduled=38 total=50 op=16680 commit=16680 attempt=998/1500
waiting scenario=multi_50x1 entity=hm-scale-many-hmctrid-20260503013407 ready=38/50 pods_running=38 scheduled=38 total=50 op=16680 commit=16680 attempt=999/1500
waiting scenario=multi_50x1 entity=hm-scale-many-hmctrid-20260503013407 ready=38/50 pods_running=38 scheduled=38 total=50 op=16680 commit=16680 attempt=1000/1500
waiting scenario=multi_50x1 entity=hm-scale-many-hmctrid-20260503013407 ready=38/50 pods_running=38 scheduled=38 total=50 op=16680 commit=16680 attempt=1001/1500
waiting scenario=multi_50x1 entity=hm-scale-many-hmctrid-20260503013407 ready=38/50 pods_running=38 scheduled=38 total=50 op=16680 commit=16680 attempt=1002/1500
waiting scenario=multi_50x1 entity=hm-scale-many-hmctrid-20260503013407 ready=38/50 pods_running=38 scheduled=38 total=50 op=16680 commit=16680 attempt=1003/1500
waiting scenario=multi_50x1 entity=hm-scale-many-hmctrid-20260503013407 ready=38/50 pods_running=38 scheduled=38 total=50 op=16680 commit=16680 attempt=1004/1500
waiting scenario=multi_50x1 entity=hm-scale-many-hmctrid-20260503013407 ready=38/50 pods_running=38 scheduled=38 total=50 op=16680 commit=16680 attempt=1005/1500
waiting scenario=multi_50x1 entity=hm-scale-many-hmctrid-20260503013407 ready=38/50 pods_running=38 scheduled=38 total=50 op=16680 commit=16680 attempt=1006/1500
waiting scenario=multi_50x1 entity=hm-scale-many-hmctrid-20260503013407 ready=38/50 pods_running=38 scheduled=38 total=50 op=16680 commit=16680 attempt=1007/1500
waiting scenario=multi_50x1 entity=hm-scale-many-hmctrid-20260503013407 ready=38/50 pods_running=38 scheduled=38 total=50 op=16680 commit=16680 attempt=1008/1500
waiting scenario=multi_50x1 entity=hm-scale-many-hmctrid-20260503013407 ready=38/50 pods_running=38 scheduled=38 total=50 op=16680 commit=16680 attempt=1009/1500
waiting scenario=multi_50x1 entity=hm-scale-many-hmctrid-20260503013407 ready=38/50 pods_running=38 scheduled=38 total=50 op=16680 commit=16680 attempt=1010/1500
waiting scenario=multi_50x1 entity=hm-scale-many-hmctrid-20260503013407 ready=38/50 pods_running=38 scheduled=38 total=50 op=16680 commit=16680 attempt=1011/1500
waiting scenario=multi_50x1 entity=hm-scale-many-hmctrid-20260503013407 ready=38/50 pods_running=38 scheduled=38 total=50 op=16680 commit=16680 attempt=1012/1500
waiting scenario=multi_50x1 entity=hm-scale-many-hmctrid-20260503013407 ready=38/50 pods_running=38 scheduled=38 total=50 op=16680 commit=16680 attempt=1013/1500
waiting scenario=multi_50x1 entity=hm-scale-many-hmctrid-20260503013407 ready=38/50 pods_running=38 scheduled=38 total=50 op=16680 commit=16680 attempt=1014/1500
waiting scenario=multi_50x1 entity=hm-scale-many-hmctrid-20260503013407 ready=38/50 pods_running=38 scheduled=38 total=50 op=16680 commit=16680 attempt=1015/1500
waiting scenario=multi_50x1 entity=hm-scale-many-hmctrid-20260503013407 ready=38/50 pods_running=38 scheduled=38 total=50 op=16680 commit=16680 attempt=1016/1500
waiting scenario=multi_50x1 entity=hm-scale-many-hmctrid-20260503013407 ready=38/50 pods_running=38 scheduled=38 total=50 op=16680 commit=16680 attempt=1017/1500
waiting scenario=multi_50x1 entity=hm-scale-many-hmctrid-20260503013407 ready=38/50 pods_running=38 scheduled=38 total=50 op=16680 commit=16680 attempt=1018/1500
waiting scenario=multi_50x1 entity=hm-scale-many-hmctrid-20260503013407 ready=38/50 pods_running=38 scheduled=38 total=50 op=16680 commit=16680 attempt=1019/1500
waiting scenario=multi_50x1 entity=hm-scale-many-hmctrid-20260503013407 ready=38/50 pods_running=38 scheduled=38 total=50 op=16680 commit=16680 attempt=1020/1500
waiting scenario=multi_50x1 entity=hm-scale-many-hmctrid-20260503013407 ready=38/50 pods_running=38 scheduled=38 total=50 op=16680 commit=16680 attempt=1021/1500
waiting scenario=multi_50x1 entity=hm-scale-many-hmctrid-20260503013407 ready=38/50 pods_running=38 scheduled=38 total=50 op=16680 commit=16680 attempt=1022/1500
waiting scenario=multi_50x1 entity=hm-scale-many-hmctrid-20260503013407 ready=38/50 pods_running=38 scheduled=38 total=50 op=16680 commit=16680 attempt=1023/1500
waiting scenario=multi_50x1 entity=hm-scale-many-hmctrid-20260503013407 ready=38/50 pods_running=38 scheduled=38 total=50 op=16680 commit=16680 attempt=1024/1500
waiting scenario=multi_50x1 entity=hm-scale-many-hmctrid-20260503013407 ready=38/50 pods_running=38 scheduled=38 total=50 op=16680 commit=16680 attempt=1025/1500
waiting scenario=multi_50x1 entity=hm-scale-many-hmctrid-20260503013407 ready=38/50 pods_running=38 scheduled=38 total=50 op=16680 commit=16680 attempt=1026/1500
waiting scenario=multi_50x1 entity=hm-scale-many-hmctrid-20260503013407 ready=38/50 pods_running=38 scheduled=38 total=50 op=16680 commit=16680 attempt=1027/1500
waiting scenario=multi_50x1 entity=hm-scale-many-hmctrid-20260503013407 ready=38/50 pods_running=38 scheduled=38 total=50 op=16680 commit=16680 attempt=1028/1500
waiting scenario=multi_50x1 entity=hm-scale-many-hmctrid-20260503013407 ready=38/50 pods_running=38 scheduled=38 total=50 op=16680 commit=16680 attempt=1029/1500
waiting scenario=multi_50x1 entity=hm-scale-many-hmctrid-20260503013407 ready=38/50 pods_running=38 scheduled=38 total=50 op=16680 commit=16680 attempt=1030/1500
waiting scenario=multi_50x1 entity=hm-scale-many-hmctrid-20260503013407 ready=38/50 pods_running=38 scheduled=38 total=50 op=16680 commit=16680 attempt=1031/1500
waiting scenario=multi_50x1 entity=hm-scale-many-hmctrid-20260503013407 ready=38/50 pods_running=38 scheduled=38 total=50 op=16680 commit=16680 attempt=1032/1500
waiting scenario=multi_50x1 entity=hm-scale-many-hmctrid-20260503013407 ready=38/50 pods_running=38 scheduled=38 total=50 op=16680 commit=16680 attempt=1033/1500
waiting scenario=multi_50x1 entity=hm-scale-many-hmctrid-20260503013407 ready=38/50 pods_running=38 scheduled=38 total=50 op=16680 commit=16680 attempt=1034/1500
waiting scenario=multi_50x1 entity=hm-scale-many-hmctrid-20260503013407 ready=38/50 pods_running=38 scheduled=38 total=50 op=16680 commit=16680 attempt=1035/1500
waiting scenario=multi_50x1 entity=hm-scale-many-hmctrid-20260503013407 ready=38/50 pods_running=38 scheduled=38 total=50 op=16680 commit=16680 attempt=1036/1500
waiting scenario=multi_50x1 entity=hm-scale-many-hmctrid-20260503013407 ready=38/50 pods_running=38 scheduled=38 total=50 op=16680 commit=16680 attempt=1037/1500
waiting scenario=multi_50x1 entity=hm-scale-many-hmctrid-20260503013407 ready=38/50 pods_running=38 scheduled=38 total=50 op=16680 commit=16680 attempt=1038/1500
waiting scenario=multi_50x1 entity=hm-scale-many-hmctrid-20260503013407 ready=38/50 pods_running=38 scheduled=38 total=50 op=16680 commit=16680 attempt=1039/1500
waiting scenario=multi_50x1 entity=hm-scale-many-hmctrid-20260503013407 ready=38/50 pods_running=38 scheduled=38 total=50 op=16680 commit=16680 attempt=1040/1500
waiting scenario=multi_50x1 entity=hm-scale-many-hmctrid-20260503013407 ready=38/50 pods_running=38 scheduled=38 total=50 op=16680 commit=16680 attempt=1041/1500
waiting scenario=multi_50x1 entity=hm-scale-many-hmctrid-20260503013407 ready=38/50 pods_running=38 scheduled=38 total=50 op=16680 commit=16680 attempt=1042/1500
waiting scenario=multi_50x1 entity=hm-scale-many-hmctrid-20260503013407 ready=38/50 pods_running=38 scheduled=38 total=50 op=16680 commit=16680 attempt=1043/1500
waiting scenario=multi_50x1 entity=hm-scale-many-hmctrid-20260503013407 ready=38/50 pods_running=38 scheduled=38 total=50 op=16680 commit=16680 attempt=1044/1500
waiting scenario=multi_50x1 entity=hm-scale-many-hmctrid-20260503013407 ready=38/50 pods_running=38 scheduled=38 total=50 op=16680 commit=16680 attempt=1045/1500
waiting scenario=multi_50x1 entity=hm-scale-many-hmctrid-20260503013407 ready=38/50 pods_running=38 scheduled=38 total=50 op=16680 commit=16680 attempt=1046/1500
waiting scenario=multi_50x1 entity=hm-scale-many-hmctrid-20260503013407 ready=38/50 pods_running=38 scheduled=38 total=50 op=16680 commit=16680 attempt=1047/1500
waiting scenario=multi_50x1 entity=hm-scale-many-hmctrid-20260503013407 ready=38/50 pods_running=38 scheduled=38 total=50 op=16680 commit=16680 attempt=1048/1500
waiting scenario=multi_50x1 entity=hm-scale-many-hmctrid-20260503013407 ready=38/50 pods_running=38 scheduled=38 total=50 op=16680 commit=16680 attempt=1049/1500
waiting scenario=multi_50x1 entity=hm-scale-many-hmctrid-20260503013407 ready=38/50 pods_running=38 scheduled=38 total=50 op=16680 commit=16680 attempt=1050/1500
waiting scenario=multi_50x1 entity=hm-scale-many-hmctrid-20260503013407 ready=38/50 pods_running=38 scheduled=38 total=50 op=16680 commit=16680 attempt=1051/1500
waiting scenario=multi_50x1 entity=hm-scale-many-hmctrid-20260503013407 ready=38/50 pods_running=38 scheduled=38 total=50 op=16680 commit=16680 attempt=1052/1500
waiting scenario=multi_50x1 entity=hm-scale-many-hmctrid-20260503013407 ready=38/50 pods_running=38 scheduled=38 total=50 op=16680 commit=16680 attempt=1053/1500
waiting scenario=multi_50x1 entity=hm-scale-many-hmctrid-20260503013407 ready=38/50 pods_running=38 scheduled=38 total=50 op=16680 commit=16680 attempt=1054/1500
waiting scenario=multi_50x1 entity=hm-scale-many-hmctrid-20260503013407 ready=38/50 pods_running=38 scheduled=38 total=50 op=16680 commit=16680 attempt=1055/1500
waiting scenario=multi_50x1 entity=hm-scale-many-hmctrid-20260503013407 ready=38/50 pods_running=38 scheduled=38 total=50 op=16680 commit=16680 attempt=1056/1500
waiting scenario=multi_50x1 entity=hm-scale-many-hmctrid-20260503013407 ready=38/50 pods_running=38 scheduled=38 total=50 op=16680 commit=16680 attempt=1057/1500
waiting scenario=multi_50x1 entity=hm-scale-many-hmctrid-20260503013407 ready=38/50 pods_running=38 scheduled=38 total=50 op=16680 commit=16680 attempt=1058/1500
waiting scenario=multi_50x1 entity=hm-scale-many-hmctrid-20260503013407 ready=38/50 pods_running=38 scheduled=38 total=50 op=16680 commit=16680 attempt=1059/1500
waiting scenario=multi_50x1 entity=hm-scale-many-hmctrid-20260503013407 ready=38/50 pods_running=38 scheduled=38 total=50 op=16680 commit=16680 attempt=1060/1500
waiting scenario=multi_50x1 entity=hm-scale-many-hmctrid-20260503013407 ready=38/50 pods_running=38 scheduled=38 total=50 op=16680 commit=16680 attempt=1061/1500
waiting scenario=multi_50x1 entity=hm-scale-many-hmctrid-20260503013407 ready=38/50 pods_running=38 scheduled=38 total=50 op=16680 commit=16680 attempt=1062/1500
waiting scenario=multi_50x1 entity=hm-scale-many-hmctrid-20260503013407 ready=38/50 pods_running=38 scheduled=38 total=50 op=16680 commit=16680 attempt=1063/1500
waiting scenario=multi_50x1 entity=hm-scale-many-hmctrid-20260503013407 ready=38/50 pods_running=38 scheduled=38 total=50 op=16680 commit=16680 attempt=1064/1500
waiting scenario=multi_50x1 entity=hm-scale-many-hmctrid-20260503013407 ready=38/50 pods_running=38 scheduled=38 total=50 op=16680 commit=16680 attempt=1065/1500
waiting scenario=multi_50x1 entity=hm-scale-many-hmctrid-20260503013407 ready=38/50 pods_running=38 scheduled=38 total=50 op=16680 commit=16680 attempt=1066/1500
waiting scenario=multi_50x1 entity=hm-scale-many-hmctrid-20260503013407 ready=38/50 pods_running=38 scheduled=38 total=50 op=16680 commit=16680 attempt=1067/1500
waiting scenario=multi_50x1 entity=hm-scale-many-hmctrid-20260503013407 ready=38/50 pods_running=38 scheduled=38 total=50 op=16680 commit=16680 attempt=1068/1500
waiting scenario=multi_50x1 entity=hm-scale-many-hmctrid-20260503013407 ready=38/50 pods_running=38 scheduled=38 total=50 op=16680 commit=16680 attempt=1069/1500
waiting scenario=multi_50x1 entity=hm-scale-many-hmctrid-20260503013407 ready=38/50 pods_running=38 scheduled=38 total=50 op=16680 commit=16680 attempt=1070/1500
waiting scenario=multi_50x1 entity=hm-scale-many-hmctrid-20260503013407 ready=38/50 pods_running=38 scheduled=38 total=50 op=16680 commit=16680 attempt=1071/1500
waiting scenario=multi_50x1 entity=hm-scale-many-hmctrid-20260503013407 ready=38/50 pods_running=38 scheduled=38 total=50 op=16680 commit=16680 attempt=1072/1500
waiting scenario=multi_50x1 entity=hm-scale-many-hmctrid-20260503013407 ready=38/50 pods_running=38 scheduled=38 total=50 op=16680 commit=16680 attempt=1073/1500
waiting scenario=multi_50x1 entity=hm-scale-many-hmctrid-20260503013407 ready=38/50 pods_running=38 scheduled=38 total=50 op=16680 commit=16680 attempt=1074/1500
waiting scenario=multi_50x1 entity=hm-scale-many-hmctrid-20260503013407 ready=38/50 pods_running=38 scheduled=38 total=50 op=16680 commit=16680 attempt=1075/1500
waiting scenario=multi_50x1 entity=hm-scale-many-hmctrid-20260503013407 ready=38/50 pods_running=38 scheduled=38 total=50 op=16680 commit=16680 attempt=1076/1500
waiting scenario=multi_50x1 entity=hm-scale-many-hmctrid-20260503013407 ready=38/50 pods_running=38 scheduled=38 total=50 op=16680 commit=16680 attempt=1077/1500
waiting scenario=multi_50x1 entity=hm-scale-many-hmctrid-20260503013407 ready=38/50 pods_running=38 scheduled=38 total=50 op=16680 commit=16680 attempt=1078/1500
waiting scenario=multi_50x1 entity=hm-scale-many-hmctrid-20260503013407 ready=38/50 pods_running=38 scheduled=38 total=50 op=16680 commit=16680 attempt=1079/1500
waiting scenario=multi_50x1 entity=hm-scale-many-hmctrid-20260503013407 ready=38/50 pods_running=38 scheduled=38 total=50 op=16680 commit=16680 attempt=1080/1500
waiting scenario=multi_50x1 entity=hm-scale-many-hmctrid-20260503013407 ready=38/50 pods_running=38 scheduled=38 total=50 op=16680 commit=16680 attempt=1081/1500
waiting scenario=multi_50x1 entity=hm-scale-many-hmctrid-20260503013407 ready=38/50 pods_running=38 scheduled=38 total=50 op=16680 commit=16680 attempt=1082/1500
waiting scenario=multi_50x1 entity=hm-scale-many-hmctrid-20260503013407 ready=38/50 pods_running=38 scheduled=38 total=50 op=16680 commit=16680 attempt=1083/1500
waiting scenario=multi_50x1 entity=hm-scale-many-hmctrid-20260503013407 ready=38/50 pods_running=38 scheduled=38 total=50 op=16680 commit=16680 attempt=1084/1500
waiting scenario=multi_50x1 entity=hm-scale-many-hmctrid-20260503013407 ready=38/50 pods_running=38 scheduled=38 total=50 op=16680 commit=16680 attempt=1085/1500
waiting scenario=multi_50x1 entity=hm-scale-many-hmctrid-20260503013407 ready=38/50 pods_running=38 scheduled=38 total=50 op=16680 commit=16680 attempt=1086/1500
waiting scenario=multi_50x1 entity=hm-scale-many-hmctrid-20260503013407 ready=38/50 pods_running=38 scheduled=38 total=50 op=16680 commit=16680 attempt=1087/1500
waiting scenario=multi_50x1 entity=hm-scale-many-hmctrid-20260503013407 ready=38/50 pods_running=38 scheduled=38 total=50 op=16680 commit=16680 attempt=1088/1500
waiting scenario=multi_50x1 entity=hm-scale-many-hmctrid-20260503013407 ready=38/50 pods_running=38 scheduled=38 total=50 op=16680 commit=16680 attempt=1089/1500
waiting scenario=multi_50x1 entity=hm-scale-many-hmctrid-20260503013407 ready=38/50 pods_running=38 scheduled=38 total=50 op=16680 commit=16680 attempt=1090/1500
waiting scenario=multi_50x1 entity=hm-scale-many-hmctrid-20260503013407 ready=38/50 pods_running=38 scheduled=38 total=50 op=16680 commit=16680 attempt=1091/1500
waiting scenario=multi_50x1 entity=hm-scale-many-hmctrid-20260503013407 ready=38/50 pods_running=38 scheduled=38 total=50 op=16680 commit=16680 attempt=1092/1500
waiting scenario=multi_50x1 entity=hm-scale-many-hmctrid-20260503013407 ready=38/50 pods_running=38 scheduled=38 total=50 op=16680 commit=16680 attempt=1093/1500
waiting scenario=multi_50x1 entity=hm-scale-many-hmctrid-20260503013407 ready=38/50 pods_running=38 scheduled=38 total=50 op=16680 commit=16680 attempt=1094/1500
waiting scenario=multi_50x1 entity=hm-scale-many-hmctrid-20260503013407 ready=38/50 pods_running=38 scheduled=38 total=50 op=16680 commit=16680 attempt=1095/1500
waiting scenario=multi_50x1 entity=hm-scale-many-hmctrid-20260503013407 ready=38/50 pods_running=38 scheduled=38 total=50 op=16680 commit=16680 attempt=1096/1500
waiting scenario=multi_50x1 entity=hm-scale-many-hmctrid-20260503013407 ready=38/50 pods_running=38 scheduled=38 total=50 op=16680 commit=16680 attempt=1097/1500
waiting scenario=multi_50x1 entity=hm-scale-many-hmctrid-20260503013407 ready=38/50 pods_running=38 scheduled=38 total=50 op=16680 commit=16680 attempt=1098/1500
waiting scenario=multi_50x1 entity=hm-scale-many-hmctrid-20260503013407 ready=38/50 pods_running=38 scheduled=38 total=50 op=16680 commit=16680 attempt=1099/1500
waiting scenario=multi_50x1 entity=hm-scale-many-hmctrid-20260503013407 ready=38/50 pods_running=38 scheduled=38 total=50 op=16680 commit=16680 attempt=1100/1500
waiting scenario=multi_50x1 entity=hm-scale-many-hmctrid-20260503013407 ready=38/50 pods_running=38 scheduled=38 total=50 op=16680 commit=16680 attempt=1101/1500
waiting scenario=multi_50x1 entity=hm-scale-many-hmctrid-20260503013407 ready=38/50 pods_running=38 scheduled=38 total=50 op=16680 commit=16680 attempt=1102/1500
waiting scenario=multi_50x1 entity=hm-scale-many-hmctrid-20260503013407 ready=38/50 pods_running=38 scheduled=38 total=50 op=16680 commit=16680 attempt=1103/1500
waiting scenario=multi_50x1 entity=hm-scale-many-hmctrid-20260503013407 ready=38/50 pods_running=38 scheduled=38 total=50 op=16680 commit=16680 attempt=1104/1500
waiting scenario=multi_50x1 entity=hm-scale-many-hmctrid-20260503013407 ready=38/50 pods_running=38 scheduled=38 total=50 op=16680 commit=16680 attempt=1105/1500
waiting scenario=multi_50x1 entity=hm-scale-many-hmctrid-20260503013407 ready=38/50 pods_running=38 scheduled=38 total=50 op=16680 commit=16680 attempt=1106/1500
waiting scenario=multi_50x1 entity=hm-scale-many-hmctrid-20260503013407 ready=38/50 pods_running=38 scheduled=38 total=50 op=16680 commit=16680 attempt=1107/1500
waiting scenario=multi_50x1 entity=hm-scale-many-hmctrid-20260503013407 ready=38/50 pods_running=38 scheduled=38 total=50 op=16680 commit=16680 attempt=1108/1500
waiting scenario=multi_50x1 entity=hm-scale-many-hmctrid-20260503013407 ready=38/50 pods_running=38 scheduled=38 total=50 op=16680 commit=16680 attempt=1109/1500
waiting scenario=multi_50x1 entity=hm-scale-many-hmctrid-20260503013407 ready=38/50 pods_running=38 scheduled=38 total=50 op=16680 commit=16680 attempt=1110/1500
waiting scenario=multi_50x1 entity=hm-scale-many-hmctrid-20260503013407 ready=38/50 pods_running=38 scheduled=38 total=50 op=16680 commit=16680 attempt=1111/1500
waiting scenario=multi_50x1 entity=hm-scale-many-hmctrid-20260503013407 ready=38/50 pods_running=38 scheduled=38 total=50 op=16680 commit=16680 attempt=1112/1500
waiting scenario=multi_50x1 entity=hm-scale-many-hmctrid-20260503013407 ready=38/50 pods_running=38 scheduled=38 total=50 op=16680 commit=16680 attempt=1113/1500
waiting scenario=multi_50x1 entity=hm-scale-many-hmctrid-20260503013407 ready=38/50 pods_running=38 scheduled=38 total=50 op=16680 commit=16680 attempt=1114/1500
waiting scenario=multi_50x1 entity=hm-scale-many-hmctrid-20260503013407 ready=38/50 pods_running=38 scheduled=38 total=50 op=16680 commit=16680 attempt=1115/1500
waiting scenario=multi_50x1 entity=hm-scale-many-hmctrid-20260503013407 ready=38/50 pods_running=38 scheduled=38 total=50 op=16680 commit=16680 attempt=1116/1500
waiting scenario=multi_50x1 entity=hm-scale-many-hmctrid-20260503013407 ready=38/50 pods_running=38 scheduled=38 total=50 op=16680 commit=16680 attempt=1117/1500
waiting scenario=multi_50x1 entity=hm-scale-many-hmctrid-20260503013407 ready=38/50 pods_running=38 scheduled=38 total=50 op=16680 commit=16680 attempt=1118/1500
waiting scenario=multi_50x1 entity=hm-scale-many-hmctrid-20260503013407 ready=38/50 pods_running=38 scheduled=38 total=50 op=16680 commit=16680 attempt=1119/1500
waiting scenario=multi_50x1 entity=hm-scale-many-hmctrid-20260503013407 ready=38/50 pods_running=38 scheduled=38 total=50 op=16680 commit=16680 attempt=1120/1500
waiting scenario=multi_50x1 entity=hm-scale-many-hmctrid-20260503013407 ready=38/50 pods_running=38 scheduled=38 total=50 op=16680 commit=16680 attempt=1121/1500
waiting scenario=multi_50x1 entity=hm-scale-many-hmctrid-20260503013407 ready=38/50 pods_running=38 scheduled=38 total=50 op=16680 commit=16680 attempt=1122/1500
waiting scenario=multi_50x1 entity=hm-scale-many-hmctrid-20260503013407 ready=38/50 pods_running=38 scheduled=38 total=50 op=16680 commit=16680 attempt=1123/1500
waiting scenario=multi_50x1 entity=hm-scale-many-hmctrid-20260503013407 ready=38/50 pods_running=38 scheduled=38 total=50 op=16680 commit=16680 attempt=1124/1500
waiting scenario=multi_50x1 entity=hm-scale-many-hmctrid-20260503013407 ready=38/50 pods_running=38 scheduled=38 total=50 op=16680 commit=16680 attempt=1125/1500
waiting scenario=multi_50x1 entity=hm-scale-many-hmctrid-20260503013407 ready=38/50 pods_running=38 scheduled=38 total=50 op=16680 commit=16680 attempt=1126/1500
waiting scenario=multi_50x1 entity=hm-scale-many-hmctrid-20260503013407 ready=38/50 pods_running=38 scheduled=38 total=50 op=16680 commit=16680 attempt=1127/1500
waiting scenario=multi_50x1 entity=hm-scale-many-hmctrid-20260503013407 ready=38/50 pods_running=38 scheduled=38 total=50 op=16680 commit=16680 attempt=1128/1500
waiting scenario=multi_50x1 entity=hm-scale-many-hmctrid-20260503013407 ready=38/50 pods_running=38 scheduled=38 total=50 op=16680 commit=16680 attempt=1129/1500
waiting scenario=multi_50x1 entity=hm-scale-many-hmctrid-20260503013407 ready=38/50 pods_running=38 scheduled=38 total=50 op=16680 commit=16680 attempt=1130/1500
waiting scenario=multi_50x1 entity=hm-scale-many-hmctrid-20260503013407 ready=38/50 pods_running=38 scheduled=38 total=50 op=16680 commit=16680 attempt=1131/1500
waiting scenario=multi_50x1 entity=hm-scale-many-hmctrid-20260503013407 ready=38/50 pods_running=38 scheduled=38 total=50 op=16680 commit=16680 attempt=1132/1500
waiting scenario=multi_50x1 entity=hm-scale-many-hmctrid-20260503013407 ready=38/50 pods_running=38 scheduled=38 total=50 op=16680 commit=16680 attempt=1133/1500
waiting scenario=multi_50x1 entity=hm-scale-many-hmctrid-20260503013407 ready=38/50 pods_running=38 scheduled=38 total=50 op=16680 commit=16680 attempt=1134/1500
waiting scenario=multi_50x1 entity=hm-scale-many-hmctrid-20260503013407 ready=38/50 pods_running=38 scheduled=38 total=50 op=16680 commit=16680 attempt=1135/1500
waiting scenario=multi_50x1 entity=hm-scale-many-hmctrid-20260503013407 ready=38/50 pods_running=38 scheduled=38 total=50 op=16680 commit=16680 attempt=1136/1500
waiting scenario=multi_50x1 entity=hm-scale-many-hmctrid-20260503013407 ready=38/50 pods_running=38 scheduled=38 total=50 op=16680 commit=16680 attempt=1137/1500
waiting scenario=multi_50x1 entity=hm-scale-many-hmctrid-20260503013407 ready=38/50 pods_running=38 scheduled=38 total=50 op=16680 commit=16680 attempt=1138/1500
waiting scenario=multi_50x1 entity=hm-scale-many-hmctrid-20260503013407 ready=38/50 pods_running=38 scheduled=38 total=50 op=16680 commit=16680 attempt=1139/1500
waiting scenario=multi_50x1 entity=hm-scale-many-hmctrid-20260503013407 ready=38/50 pods_running=38 scheduled=38 total=50 op=16680 commit=16680 attempt=1140/1500
waiting scenario=multi_50x1 entity=hm-scale-many-hmctrid-20260503013407 ready=38/50 pods_running=38 scheduled=38 total=50 op=16680 commit=16680 attempt=1141/1500
waiting scenario=multi_50x1 entity=hm-scale-many-hmctrid-20260503013407 ready=38/50 pods_running=38 scheduled=38 total=50 op=16680 commit=16680 attempt=1142/1500
waiting scenario=multi_50x1 entity=hm-scale-many-hmctrid-20260503013407 ready=38/50 pods_running=38 scheduled=38 total=50 op=16680 commit=16680 attempt=1143/1500
waiting scenario=multi_50x1 entity=hm-scale-many-hmctrid-20260503013407 ready=38/50 pods_running=38 scheduled=38 total=50 op=16680 commit=16680 attempt=1144/1500
waiting scenario=multi_50x1 entity=hm-scale-many-hmctrid-20260503013407 ready=38/50 pods_running=38 scheduled=38 total=50 op=16680 commit=16680 attempt=1145/1500
waiting scenario=multi_50x1 entity=hm-scale-many-hmctrid-20260503013407 ready=38/50 pods_running=38 scheduled=38 total=50 op=16680 commit=16680 attempt=1146/1500
waiting scenario=multi_50x1 entity=hm-scale-many-hmctrid-20260503013407 ready=38/50 pods_running=38 scheduled=38 total=50 op=16680 commit=16680 attempt=1147/1500
waiting scenario=multi_50x1 entity=hm-scale-many-hmctrid-20260503013407 ready=38/50 pods_running=38 scheduled=38 total=50 op=16680 commit=16680 attempt=1148/1500
waiting scenario=multi_50x1 entity=hm-scale-many-hmctrid-20260503013407 ready=38/50 pods_running=38 scheduled=38 total=50 op=16680 commit=16680 attempt=1149/1500
waiting scenario=multi_50x1 entity=hm-scale-many-hmctrid-20260503013407 ready=38/50 pods_running=38 scheduled=38 total=50 op=16680 commit=16680 attempt=1150/1500
waiting scenario=multi_50x1 entity=hm-scale-many-hmctrid-20260503013407 ready=38/50 pods_running=38 scheduled=38 total=50 op=16680 commit=16680 attempt=1151/1500
waiting scenario=multi_50x1 entity=hm-scale-many-hmctrid-20260503013407 ready=38/50 pods_running=38 scheduled=38 total=50 op=16680 commit=16680 attempt=1152/1500
waiting scenario=multi_50x1 entity=hm-scale-many-hmctrid-20260503013407 ready=38/50 pods_running=38 scheduled=38 total=50 op=16680 commit=16680 attempt=1153/1500
waiting scenario=multi_50x1 entity=hm-scale-many-hmctrid-20260503013407 ready=38/50 pods_running=38 scheduled=38 total=50 op=16680 commit=16680 attempt=1154/1500
waiting scenario=multi_50x1 entity=hm-scale-many-hmctrid-20260503013407 ready=38/50 pods_running=38 scheduled=38 total=50 op=16680 commit=16680 attempt=1155/1500
waiting scenario=multi_50x1 entity=hm-scale-many-hmctrid-20260503013407 ready=38/50 pods_running=38 scheduled=38 total=50 op=16680 commit=16680 attempt=1156/1500
waiting scenario=multi_50x1 entity=hm-scale-many-hmctrid-20260503013407 ready=38/50 pods_running=38 scheduled=38 total=50 op=16680 commit=16680 attempt=1157/1500
waiting scenario=multi_50x1 entity=hm-scale-many-hmctrid-20260503013407 ready=38/50 pods_running=38 scheduled=38 total=50 op=16680 commit=16680 attempt=1158/1500
waiting scenario=multi_50x1 entity=hm-scale-many-hmctrid-20260503013407 ready=38/50 pods_running=38 scheduled=38 total=50 op=16680 commit=16680 attempt=1159/1500
waiting scenario=multi_50x1 entity=hm-scale-many-hmctrid-20260503013407 ready=38/50 pods_running=38 scheduled=38 total=50 op=16680 commit=16680 attempt=1160/1500
waiting scenario=multi_50x1 entity=hm-scale-many-hmctrid-20260503013407 ready=38/50 pods_running=38 scheduled=38 total=50 op=16680 commit=16680 attempt=1161/1500
waiting scenario=multi_50x1 entity=hm-scale-many-hmctrid-20260503013407 ready=38/50 pods_running=38 scheduled=38 total=50 op=16680 commit=16680 attempt=1162/1500
waiting scenario=multi_50x1 entity=hm-scale-many-hmctrid-20260503013407 ready=38/50 pods_running=38 scheduled=38 total=50 op=16680 commit=16680 attempt=1163/1500
waiting scenario=multi_50x1 entity=hm-scale-many-hmctrid-20260503013407 ready=38/50 pods_running=38 scheduled=38 total=50 op=16680 commit=16680 attempt=1164/1500
waiting scenario=multi_50x1 entity=hm-scale-many-hmctrid-20260503013407 ready=38/50 pods_running=38 scheduled=38 total=50 op=16680 commit=16680 attempt=1165/1500
waiting scenario=multi_50x1 entity=hm-scale-many-hmctrid-20260503013407 ready=38/50 pods_running=38 scheduled=38 total=50 op=16680 commit=16680 attempt=1166/1500
waiting scenario=multi_50x1 entity=hm-scale-many-hmctrid-20260503013407 ready=38/50 pods_running=38 scheduled=38 total=50 op=16680 commit=16680 attempt=1167/1500
waiting scenario=multi_50x1 entity=hm-scale-many-hmctrid-20260503013407 ready=38/50 pods_running=38 scheduled=38 total=50 op=16680 commit=16680 attempt=1168/1500
waiting scenario=multi_50x1 entity=hm-scale-many-hmctrid-20260503013407 ready=38/50 pods_running=38 scheduled=38 total=50 op=16680 commit=16680 attempt=1169/1500
waiting scenario=multi_50x1 entity=hm-scale-many-hmctrid-20260503013407 ready=38/50 pods_running=38 scheduled=38 total=50 op=16680 commit=16680 attempt=1170/1500
waiting scenario=multi_50x1 entity=hm-scale-many-hmctrid-20260503013407 ready=38/50 pods_running=38 scheduled=38 total=50 op=16680 commit=16680 attempt=1171/1500
waiting scenario=multi_50x1 entity=hm-scale-many-hmctrid-20260503013407 ready=38/50 pods_running=38 scheduled=38 total=50 op=16680 commit=16680 attempt=1172/1500
waiting scenario=multi_50x1 entity=hm-scale-many-hmctrid-20260503013407 ready=38/50 pods_running=38 scheduled=38 total=50 op=16680 commit=16680 attempt=1173/1500
waiting scenario=multi_50x1 entity=hm-scale-many-hmctrid-20260503013407 ready=38/50 pods_running=38 scheduled=38 total=50 op=16680 commit=16680 attempt=1174/1500
waiting scenario=multi_50x1 entity=hm-scale-many-hmctrid-20260503013407 ready=38/50 pods_running=38 scheduled=38 total=50 op=16680 commit=16680 attempt=1175/1500
waiting scenario=multi_50x1 entity=hm-scale-many-hmctrid-20260503013407 ready=38/50 pods_running=38 scheduled=38 total=50 op=16680 commit=16680 attempt=1176/1500
waiting scenario=multi_50x1 entity=hm-scale-many-hmctrid-20260503013407 ready=38/50 pods_running=38 scheduled=38 total=50 op=16680 commit=16680 attempt=1177/1500
waiting scenario=multi_50x1 entity=hm-scale-many-hmctrid-20260503013407 ready=38/50 pods_running=38 scheduled=38 total=50 op=16680 commit=16680 attempt=1178/1500
waiting scenario=multi_50x1 entity=hm-scale-many-hmctrid-20260503013407 ready=38/50 pods_running=38 scheduled=38 total=50 op=16680 commit=16680 attempt=1179/1500
waiting scenario=multi_50x1 entity=hm-scale-many-hmctrid-20260503013407 ready=38/50 pods_running=38 scheduled=38 total=50 op=16680 commit=16680 attempt=1180/1500
waiting scenario=multi_50x1 entity=hm-scale-many-hmctrid-20260503013407 ready=38/50 pods_running=38 scheduled=38 total=50 op=16680 commit=16680 attempt=1181/1500
waiting scenario=multi_50x1 entity=hm-scale-many-hmctrid-20260503013407 ready=38/50 pods_running=38 scheduled=38 total=50 op=16680 commit=16680 attempt=1182/1500
waiting scenario=multi_50x1 entity=hm-scale-many-hmctrid-20260503013407 ready=38/50 pods_running=38 scheduled=38 total=50 op=16680 commit=16680 attempt=1183/1500
waiting scenario=multi_50x1 entity=hm-scale-many-hmctrid-20260503013407 ready=38/50 pods_running=38 scheduled=38 total=50 op=16680 commit=16680 attempt=1184/1500
waiting scenario=multi_50x1 entity=hm-scale-many-hmctrid-20260503013407 ready=38/50 pods_running=38 scheduled=38 total=50 op=16680 commit=16680 attempt=1185/1500
waiting scenario=multi_50x1 entity=hm-scale-many-hmctrid-20260503013407 ready=38/50 pods_running=38 scheduled=38 total=50 op=16680 commit=16680 attempt=1186/1500
waiting scenario=multi_50x1 entity=hm-scale-many-hmctrid-20260503013407 ready=38/50 pods_running=38 scheduled=38 total=50 op=16680 commit=16680 attempt=1187/1500
waiting scenario=multi_50x1 entity=hm-scale-many-hmctrid-20260503013407 ready=38/50 pods_running=38 scheduled=38 total=50 op=16680 commit=16680 attempt=1188/1500
waiting scenario=multi_50x1 entity=hm-scale-many-hmctrid-20260503013407 ready=38/50 pods_running=38 scheduled=38 total=50 op=16680 commit=16680 attempt=1189/1500
waiting scenario=multi_50x1 entity=hm-scale-many-hmctrid-20260503013407 ready=38/50 pods_running=38 scheduled=38 total=50 op=16680 commit=16680 attempt=1190/1500
waiting scenario=multi_50x1 entity=hm-scale-many-hmctrid-20260503013407 ready=38/50 pods_running=38 scheduled=38 total=50 op=16680 commit=16680 attempt=1191/1500
waiting scenario=multi_50x1 entity=hm-scale-many-hmctrid-20260503013407 ready=38/50 pods_running=38 scheduled=38 total=50 op=16680 commit=16680 attempt=1192/1500
waiting scenario=multi_50x1 entity=hm-scale-many-hmctrid-20260503013407 ready=38/50 pods_running=38 scheduled=38 total=50 op=16680 commit=16680 attempt=1193/1500
waiting scenario=multi_50x1 entity=hm-scale-many-hmctrid-20260503013407 ready=38/50 pods_running=38 scheduled=38 total=50 op=16680 commit=16680 attempt=1194/1500
waiting scenario=multi_50x1 entity=hm-scale-many-hmctrid-20260503013407 ready=38/50 pods_running=38 scheduled=38 total=50 op=16680 commit=16680 attempt=1195/1500
waiting scenario=multi_50x1 entity=hm-scale-many-hmctrid-20260503013407 ready=38/50 pods_running=38 scheduled=38 total=50 op=16680 commit=16680 attempt=1196/1500
waiting scenario=multi_50x1 entity=hm-scale-many-hmctrid-20260503013407 ready=38/50 pods_running=38 scheduled=38 total=50 op=16680 commit=16680 attempt=1197/1500
waiting scenario=multi_50x1 entity=hm-scale-many-hmctrid-20260503013407 ready=38/50 pods_running=38 scheduled=38 total=50 op=16680 commit=16680 attempt=1198/1500
waiting scenario=multi_50x1 entity=hm-scale-many-hmctrid-20260503013407 ready=38/50 pods_running=38 scheduled=38 total=50 op=16680 commit=16680 attempt=1199/1500
waiting scenario=multi_50x1 entity=hm-scale-many-hmctrid-20260503013407 ready=38/50 pods_running=38 scheduled=38 total=50 op=16680 commit=16680 attempt=1200/1500
waiting scenario=multi_50x1 entity=hm-scale-many-hmctrid-20260503013407 ready=38/50 pods_running=38 scheduled=38 total=50 op=16680 commit=16680 attempt=1201/1500
waiting scenario=multi_50x1 entity=hm-scale-many-hmctrid-20260503013407 ready=38/50 pods_running=38 scheduled=38 total=50 op=16680 commit=16680 attempt=1202/1500
waiting scenario=multi_50x1 entity=hm-scale-many-hmctrid-20260503013407 ready=38/50 pods_running=38 scheduled=38 total=50 op=16680 commit=16680 attempt=1203/1500
waiting scenario=multi_50x1 entity=hm-scale-many-hmctrid-20260503013407 ready=38/50 pods_running=38 scheduled=38 total=50 op=16680 commit=16680 attempt=1204/1500
waiting scenario=multi_50x1 entity=hm-scale-many-hmctrid-20260503013407 ready=38/50 pods_running=38 scheduled=38 total=50 op=16680 commit=16680 attempt=1205/1500
waiting scenario=multi_50x1 entity=hm-scale-many-hmctrid-20260503013407 ready=38/50 pods_running=38 scheduled=38 total=50 op=16680 commit=16680 attempt=1206/1500
waiting scenario=multi_50x1 entity=hm-scale-many-hmctrid-20260503013407 ready=38/50 pods_running=38 scheduled=38 total=50 op=16680 commit=16680 attempt=1207/1500
waiting scenario=multi_50x1 entity=hm-scale-many-hmctrid-20260503013407 ready=38/50 pods_running=38 scheduled=38 total=50 op=16680 commit=16680 attempt=1208/1500
waiting scenario=multi_50x1 entity=hm-scale-many-hmctrid-20260503013407 ready=38/50 pods_running=38 scheduled=38 total=50 op=16680 commit=16680 attempt=1209/1500
waiting scenario=multi_50x1 entity=hm-scale-many-hmctrid-20260503013407 ready=38/50 pods_running=38 scheduled=38 total=50 op=16680 commit=16680 attempt=1210/1500
waiting scenario=multi_50x1 entity=hm-scale-many-hmctrid-20260503013407 ready=38/50 pods_running=38 scheduled=38 total=50 op=16680 commit=16680 attempt=1211/1500
waiting scenario=multi_50x1 entity=hm-scale-many-hmctrid-20260503013407 ready=38/50 pods_running=38 scheduled=38 total=50 op=16680 commit=16680 attempt=1212/1500
waiting scenario=multi_50x1 entity=hm-scale-many-hmctrid-20260503013407 ready=38/50 pods_running=38 scheduled=38 total=50 op=16680 commit=16680 attempt=1213/1500
waiting scenario=multi_50x1 entity=hm-scale-many-hmctrid-20260503013407 ready=38/50 pods_running=38 scheduled=38 total=50 op=16680 commit=16680 attempt=1214/1500
waiting scenario=multi_50x1 entity=hm-scale-many-hmctrid-20260503013407 ready=38/50 pods_running=38 scheduled=38 total=50 op=16680 commit=16680 attempt=1215/1500
waiting scenario=multi_50x1 entity=hm-scale-many-hmctrid-20260503013407 ready=38/50 pods_running=38 scheduled=38 total=50 op=16680 commit=16680 attempt=1216/1500
waiting scenario=multi_50x1 entity=hm-scale-many-hmctrid-20260503013407 ready=38/50 pods_running=38 scheduled=38 total=50 op=16680 commit=16680 attempt=1217/1500
waiting scenario=multi_50x1 entity=hm-scale-many-hmctrid-20260503013407 ready=38/50 pods_running=38 scheduled=38 total=50 op=16680 commit=16680 attempt=1218/1500
waiting scenario=multi_50x1 entity=hm-scale-many-hmctrid-20260503013407 ready=38/50 pods_running=38 scheduled=38 total=50 op=16680 commit=16680 attempt=1219/1500
waiting scenario=multi_50x1 entity=hm-scale-many-hmctrid-20260503013407 ready=38/50 pods_running=38 scheduled=38 total=50 op=16680 commit=16680 attempt=1220/1500
waiting scenario=multi_50x1 entity=hm-scale-many-hmctrid-20260503013407 ready=38/50 pods_running=38 scheduled=38 total=50 op=16680 commit=16680 attempt=1221/1500
waiting scenario=multi_50x1 entity=hm-scale-many-hmctrid-20260503013407 ready=38/50 pods_running=38 scheduled=38 total=50 op=16680 commit=16680 attempt=1222/1500
waiting scenario=multi_50x1 entity=hm-scale-many-hmctrid-20260503013407 ready=38/50 pods_running=38 scheduled=38 total=50 op=16680 commit=16680 attempt=1223/1500
waiting scenario=multi_50x1 entity=hm-scale-many-hmctrid-20260503013407 ready=38/50 pods_running=38 scheduled=38 total=50 op=16680 commit=16680 attempt=1224/1500
waiting scenario=multi_50x1 entity=hm-scale-many-hmctrid-20260503013407 ready=38/50 pods_running=38 scheduled=38 total=50 op=16680 commit=16680 attempt=1225/1500
waiting scenario=multi_50x1 entity=hm-scale-many-hmctrid-20260503013407 ready=38/50 pods_running=38 scheduled=38 total=50 op=16680 commit=16680 attempt=1226/1500
waiting scenario=multi_50x1 entity=hm-scale-many-hmctrid-20260503013407 ready=38/50 pods_running=38 scheduled=38 total=50 op=16680 commit=16680 attempt=1227/1500
waiting scenario=multi_50x1 entity=hm-scale-many-hmctrid-20260503013407 ready=38/50 pods_running=38 scheduled=38 total=50 op=16680 commit=16680 attempt=1228/1500
waiting scenario=multi_50x1 entity=hm-scale-many-hmctrid-20260503013407 ready=38/50 pods_running=38 scheduled=38 total=50 op=16680 commit=16680 attempt=1229/1500
waiting scenario=multi_50x1 entity=hm-scale-many-hmctrid-20260503013407 ready=38/50 pods_running=38 scheduled=38 total=50 op=16680 commit=16680 attempt=1230/1500
waiting scenario=multi_50x1 entity=hm-scale-many-hmctrid-20260503013407 ready=38/50 pods_running=38 scheduled=38 total=50 op=16680 commit=16680 attempt=1231/1500
waiting scenario=multi_50x1 entity=hm-scale-many-hmctrid-20260503013407 ready=38/50 pods_running=38 scheduled=38 total=50 op=16680 commit=16680 attempt=1232/1500
waiting scenario=multi_50x1 entity=hm-scale-many-hmctrid-20260503013407 ready=38/50 pods_running=38 scheduled=38 total=50 op=16680 commit=16680 attempt=1233/1500
waiting scenario=multi_50x1 entity=hm-scale-many-hmctrid-20260503013407 ready=38/50 pods_running=38 scheduled=38 total=50 op=16680 commit=16680 attempt=1234/1500
waiting scenario=multi_50x1 entity=hm-scale-many-hmctrid-20260503013407 ready=38/50 pods_running=38 scheduled=38 total=50 op=16680 commit=16680 attempt=1235/1500
waiting scenario=multi_50x1 entity=hm-scale-many-hmctrid-20260503013407 ready=38/50 pods_running=38 scheduled=38 total=50 op=16680 commit=16680 attempt=1236/1500
waiting scenario=multi_50x1 entity=hm-scale-many-hmctrid-20260503013407 ready=38/50 pods_running=38 scheduled=38 total=50 op=16680 commit=16680 attempt=1237/1500
waiting scenario=multi_50x1 entity=hm-scale-many-hmctrid-20260503013407 ready=38/50 pods_running=38 scheduled=38 total=50 op=16680 commit=16680 attempt=1238/1500
waiting scenario=multi_50x1 entity=hm-scale-many-hmctrid-20260503013407 ready=38/50 pods_running=38 scheduled=38 total=50 op=16680 commit=16680 attempt=1239/1500
waiting scenario=multi_50x1 entity=hm-scale-many-hmctrid-20260503013407 ready=38/50 pods_running=38 scheduled=38 total=50 op=16680 commit=16680 attempt=1240/1500
waiting scenario=multi_50x1 entity=hm-scale-many-hmctrid-20260503013407 ready=38/50 pods_running=38 scheduled=38 total=50 op=16680 commit=16680 attempt=1241/1500
waiting scenario=multi_50x1 entity=hm-scale-many-hmctrid-20260503013407 ready=38/50 pods_running=38 scheduled=38 total=50 op=16680 commit=16680 attempt=1242/1500
waiting scenario=multi_50x1 entity=hm-scale-many-hmctrid-20260503013407 ready=38/50 pods_running=38 scheduled=38 total=50 op=16680 commit=16680 attempt=1243/1500
waiting scenario=multi_50x1 entity=hm-scale-many-hmctrid-20260503013407 ready=38/50 pods_running=38 scheduled=38 total=50 op=16680 commit=16680 attempt=1244/1500
waiting scenario=multi_50x1 entity=hm-scale-many-hmctrid-20260503013407 ready=38/50 pods_running=38 scheduled=38 total=50 op=16680 commit=16680 attempt=1245/1500
waiting scenario=multi_50x1 entity=hm-scale-many-hmctrid-20260503013407 ready=38/50 pods_running=38 scheduled=38 total=50 op=16680 commit=16680 attempt=1246/1500
waiting scenario=multi_50x1 entity=hm-scale-many-hmctrid-20260503013407 ready=38/50 pods_running=38 scheduled=38 total=50 op=16680 commit=16680 attempt=1247/1500
waiting scenario=multi_50x1 entity=hm-scale-many-hmctrid-20260503013407 ready=38/50 pods_running=38 scheduled=38 total=50 op=16680 commit=16680 attempt=1248/1500
waiting scenario=multi_50x1 entity=hm-scale-many-hmctrid-20260503013407 ready=38/50 pods_running=38 scheduled=38 total=50 op=16680 commit=16680 attempt=1249/1500
waiting scenario=multi_50x1 entity=hm-scale-many-hmctrid-20260503013407 ready=38/50 pods_running=38 scheduled=38 total=50 op=16680 commit=16680 attempt=1250/1500
waiting scenario=multi_50x1 entity=hm-scale-many-hmctrid-20260503013407 ready=38/50 pods_running=38 scheduled=38 total=50 op=16680 commit=16680 attempt=1251/1500
waiting scenario=multi_50x1 entity=hm-scale-many-hmctrid-20260503013407 ready=38/50 pods_running=38 scheduled=38 total=50 op=16680 commit=16680 attempt=1252/1500
waiting scenario=multi_50x1 entity=hm-scale-many-hmctrid-20260503013407 ready=38/50 pods_running=38 scheduled=38 total=50 op=16680 commit=16680 attempt=1253/1500
waiting scenario=multi_50x1 entity=hm-scale-many-hmctrid-20260503013407 ready=38/50 pods_running=38 scheduled=38 total=50 op=16680 commit=16680 attempt=1254/1500
waiting scenario=multi_50x1 entity=hm-scale-many-hmctrid-20260503013407 ready=38/50 pods_running=38 scheduled=38 total=50 op=16680 commit=16680 attempt=1255/1500
waiting scenario=multi_50x1 entity=hm-scale-many-hmctrid-20260503013407 ready=38/50 pods_running=38 scheduled=38 total=50 op=16680 commit=16680 attempt=1256/1500
waiting scenario=multi_50x1 entity=hm-scale-many-hmctrid-20260503013407 ready=38/50 pods_running=38 scheduled=38 total=50 op=16680 commit=16680 attempt=1257/1500
waiting scenario=multi_50x1 entity=hm-scale-many-hmctrid-20260503013407 ready=38/50 pods_running=38 scheduled=38 total=50 op=16680 commit=16680 attempt=1258/1500
waiting scenario=multi_50x1 entity=hm-scale-many-hmctrid-20260503013407 ready=38/50 pods_running=38 scheduled=38 total=50 op=16680 commit=16680 attempt=1259/1500
waiting scenario=multi_50x1 entity=hm-scale-many-hmctrid-20260503013407 ready=38/50 pods_running=38 scheduled=38 total=50 op=16680 commit=16680 attempt=1260/1500
waiting scenario=multi_50x1 entity=hm-scale-many-hmctrid-20260503013407 ready=38/50 pods_running=38 scheduled=38 total=50 op=16680 commit=16680 attempt=1261/1500
waiting scenario=multi_50x1 entity=hm-scale-many-hmctrid-20260503013407 ready=38/50 pods_running=38 scheduled=38 total=50 op=16680 commit=16680 attempt=1262/1500
waiting scenario=multi_50x1 entity=hm-scale-many-hmctrid-20260503013407 ready=38/50 pods_running=38 scheduled=38 total=50 op=16680 commit=16680 attempt=1263/1500
waiting scenario=multi_50x1 entity=hm-scale-many-hmctrid-20260503013407 ready=38/50 pods_running=38 scheduled=38 total=50 op=16680 commit=16680 attempt=1264/1500
waiting scenario=multi_50x1 entity=hm-scale-many-hmctrid-20260503013407 ready=38/50 pods_running=38 scheduled=38 total=50 op=16680 commit=16680 attempt=1265/1500
waiting scenario=multi_50x1 entity=hm-scale-many-hmctrid-20260503013407 ready=38/50 pods_running=38 scheduled=38 total=50 op=16680 commit=16680 attempt=1266/1500
waiting scenario=multi_50x1 entity=hm-scale-many-hmctrid-20260503013407 ready=38/50 pods_running=38 scheduled=38 total=50 op=16680 commit=16680 attempt=1267/1500
waiting scenario=multi_50x1 entity=hm-scale-many-hmctrid-20260503013407 ready=38/50 pods_running=38 scheduled=38 total=50 op=16680 commit=16680 attempt=1268/1500
waiting scenario=multi_50x1 entity=hm-scale-many-hmctrid-20260503013407 ready=38/50 pods_running=38 scheduled=38 total=50 op=16680 commit=16680 attempt=1269/1500
waiting scenario=multi_50x1 entity=hm-scale-many-hmctrid-20260503013407 ready=38/50 pods_running=38 scheduled=38 total=50 op=16680 commit=16680 attempt=1270/1500
waiting scenario=multi_50x1 entity=hm-scale-many-hmctrid-20260503013407 ready=38/50 pods_running=38 scheduled=38 total=50 op=16680 commit=16680 attempt=1271/1500
waiting scenario=multi_50x1 entity=hm-scale-many-hmctrid-20260503013407 ready=38/50 pods_running=38 scheduled=38 total=50 op=16680 commit=16680 attempt=1272/1500
waiting scenario=multi_50x1 entity=hm-scale-many-hmctrid-20260503013407 ready=38/50 pods_running=38 scheduled=38 total=50 op=16680 commit=16680 attempt=1273/1500
waiting scenario=multi_50x1 entity=hm-scale-many-hmctrid-20260503013407 ready=38/50 pods_running=38 scheduled=38 total=50 op=16680 commit=16680 attempt=1274/1500
waiting scenario=multi_50x1 entity=hm-scale-many-hmctrid-20260503013407 ready=38/50 pods_running=38 scheduled=38 total=50 op=16680 commit=16680 attempt=1275/1500
waiting scenario=multi_50x1 entity=hm-scale-many-hmctrid-20260503013407 ready=38/50 pods_running=38 scheduled=38 total=50 op=16680 commit=16680 attempt=1276/1500
waiting scenario=multi_50x1 entity=hm-scale-many-hmctrid-20260503013407 ready=38/50 pods_running=38 scheduled=38 total=50 op=16680 commit=16680 attempt=1277/1500
waiting scenario=multi_50x1 entity=hm-scale-many-hmctrid-20260503013407 ready=38/50 pods_running=38 scheduled=38 total=50 op=16680 commit=16680 attempt=1278/1500
waiting scenario=multi_50x1 entity=hm-scale-many-hmctrid-20260503013407 ready=38/50 pods_running=38 scheduled=38 total=50 op=16680 commit=16680 attempt=1279/1500
waiting scenario=multi_50x1 entity=hm-scale-many-hmctrid-20260503013407 ready=38/50 pods_running=38 scheduled=38 total=50 op=16680 commit=16680 attempt=1280/1500
waiting scenario=multi_50x1 entity=hm-scale-many-hmctrid-20260503013407 ready=38/50 pods_running=38 scheduled=38 total=50 op=16680 commit=16680 attempt=1281/1500
waiting scenario=multi_50x1 entity=hm-scale-many-hmctrid-20260503013407 ready=38/50 pods_running=38 scheduled=38 total=50 op=16680 commit=16680 attempt=1282/1500
waiting scenario=multi_50x1 entity=hm-scale-many-hmctrid-20260503013407 ready=38/50 pods_running=38 scheduled=38 total=50 op=16680 commit=16680 attempt=1283/1500
waiting scenario=multi_50x1 entity=hm-scale-many-hmctrid-20260503013407 ready=38/50 pods_running=38 scheduled=38 total=50 op=16680 commit=16680 attempt=1284/1500
waiting scenario=multi_50x1 entity=hm-scale-many-hmctrid-20260503013407 ready=38/50 pods_running=38 scheduled=38 total=50 op=16680 commit=16680 attempt=1285/1500
waiting scenario=multi_50x1 entity=hm-scale-many-hmctrid-20260503013407 ready=38/50 pods_running=38 scheduled=38 total=50 op=16680 commit=16680 attempt=1286/1500
waiting scenario=multi_50x1 entity=hm-scale-many-hmctrid-20260503013407 ready=38/50 pods_running=38 scheduled=38 total=50 op=16680 commit=16680 attempt=1287/1500
waiting scenario=multi_50x1 entity=hm-scale-many-hmctrid-20260503013407 ready=38/50 pods_running=38 scheduled=38 total=50 op=16680 commit=16680 attempt=1288/1500
waiting scenario=multi_50x1 entity=hm-scale-many-hmctrid-20260503013407 ready=38/50 pods_running=38 scheduled=38 total=50 op=16680 commit=16680 attempt=1289/1500
waiting scenario=multi_50x1 entity=hm-scale-many-hmctrid-20260503013407 ready=38/50 pods_running=38 scheduled=38 total=50 op=16680 commit=16680 attempt=1290/1500
waiting scenario=multi_50x1 entity=hm-scale-many-hmctrid-20260503013407 ready=38/50 pods_running=38 scheduled=38 total=50 op=16680 commit=16680 attempt=1291/1500
waiting scenario=multi_50x1 entity=hm-scale-many-hmctrid-20260503013407 ready=38/50 pods_running=38 scheduled=38 total=50 op=16680 commit=16680 attempt=1292/1500
waiting scenario=multi_50x1 entity=hm-scale-many-hmctrid-20260503013407 ready=38/50 pods_running=38 scheduled=38 total=50 op=16680 commit=16680 attempt=1293/1500
waiting scenario=multi_50x1 entity=hm-scale-many-hmctrid-20260503013407 ready=38/50 pods_running=38 scheduled=38 total=50 op=16680 commit=16680 attempt=1294/1500
waiting scenario=multi_50x1 entity=hm-scale-many-hmctrid-20260503013407 ready=38/50 pods_running=38 scheduled=38 total=50 op=16680 commit=16680 attempt=1295/1500
waiting scenario=multi_50x1 entity=hm-scale-many-hmctrid-20260503013407 ready=38/50 pods_running=38 scheduled=38 total=50 op=16680 commit=16680 attempt=1296/1500
waiting scenario=multi_50x1 entity=hm-scale-many-hmctrid-20260503013407 ready=38/50 pods_running=38 scheduled=38 total=50 op=16680 commit=16680 attempt=1297/1500
waiting scenario=multi_50x1 entity=hm-scale-many-hmctrid-20260503013407 ready=38/50 pods_running=38 scheduled=38 total=50 op=16680 commit=16680 attempt=1298/1500
waiting scenario=multi_50x1 entity=hm-scale-many-hmctrid-20260503013407 ready=38/50 pods_running=38 scheduled=38 total=50 op=16680 commit=16680 attempt=1299/1500
waiting scenario=multi_50x1 entity=hm-scale-many-hmctrid-20260503013407 ready=38/50 pods_running=38 scheduled=38 total=50 op=16680 commit=16680 attempt=1300/1500
waiting scenario=multi_50x1 entity=hm-scale-many-hmctrid-20260503013407 ready=38/50 pods_running=38 scheduled=38 total=50 op=16680 commit=16680 attempt=1301/1500
waiting scenario=multi_50x1 entity=hm-scale-many-hmctrid-20260503013407 ready=38/50 pods_running=38 scheduled=38 total=50 op=16680 commit=16680 attempt=1302/1500
waiting scenario=multi_50x1 entity=hm-scale-many-hmctrid-20260503013407 ready=38/50 pods_running=38 scheduled=38 total=50 op=16680 commit=16680 attempt=1303/1500
waiting scenario=multi_50x1 entity=hm-scale-many-hmctrid-20260503013407 ready=38/50 pods_running=38 scheduled=38 total=50 op=16680 commit=16680 attempt=1304/1500
waiting scenario=multi_50x1 entity=hm-scale-many-hmctrid-20260503013407 ready=38/50 pods_running=38 scheduled=38 total=50 op=16680 commit=16680 attempt=1305/1500
waiting scenario=multi_50x1 entity=hm-scale-many-hmctrid-20260503013407 ready=38/50 pods_running=38 scheduled=38 total=50 op=16680 commit=16680 attempt=1306/1500
waiting scenario=multi_50x1 entity=hm-scale-many-hmctrid-20260503013407 ready=38/50 pods_running=38 scheduled=38 total=50 op=16680 commit=16680 attempt=1307/1500
waiting scenario=multi_50x1 entity=hm-scale-many-hmctrid-20260503013407 ready=38/50 pods_running=38 scheduled=38 total=50 op=16680 commit=16680 attempt=1308/1500
waiting scenario=multi_50x1 entity=hm-scale-many-hmctrid-20260503013407 ready=38/50 pods_running=38 scheduled=38 total=50 op=16680 commit=16680 attempt=1309/1500
waiting scenario=multi_50x1 entity=hm-scale-many-hmctrid-20260503013407 ready=38/50 pods_running=38 scheduled=38 total=50 op=16680 commit=16680 attempt=1310/1500
waiting scenario=multi_50x1 entity=hm-scale-many-hmctrid-20260503013407 ready=38/50 pods_running=38 scheduled=38 total=50 op=16680 commit=16680 attempt=1311/1500
waiting scenario=multi_50x1 entity=hm-scale-many-hmctrid-20260503013407 ready=38/50 pods_running=38 scheduled=38 total=50 op=16680 commit=16680 attempt=1312/1500
waiting scenario=multi_50x1 entity=hm-scale-many-hmctrid-20260503013407 ready=38/50 pods_running=38 scheduled=38 total=50 op=16680 commit=16680 attempt=1313/1500
waiting scenario=multi_50x1 entity=hm-scale-many-hmctrid-20260503013407 ready=38/50 pods_running=38 scheduled=38 total=50 op=16680 commit=16680 attempt=1314/1500
waiting scenario=multi_50x1 entity=hm-scale-many-hmctrid-20260503013407 ready=38/50 pods_running=38 scheduled=38 total=50 op=16680 commit=16680 attempt=1315/1500
waiting scenario=multi_50x1 entity=hm-scale-many-hmctrid-20260503013407 ready=38/50 pods_running=38 scheduled=38 total=50 op=16680 commit=16680 attempt=1316/1500
waiting scenario=multi_50x1 entity=hm-scale-many-hmctrid-20260503013407 ready=38/50 pods_running=38 scheduled=38 total=50 op=16680 commit=16680 attempt=1317/1500
waiting scenario=multi_50x1 entity=hm-scale-many-hmctrid-20260503013407 ready=38/50 pods_running=38 scheduled=38 total=50 op=16680 commit=16680 attempt=1318/1500
waiting scenario=multi_50x1 entity=hm-scale-many-hmctrid-20260503013407 ready=38/50 pods_running=38 scheduled=38 total=50 op=16680 commit=16680 attempt=1319/1500
waiting scenario=multi_50x1 entity=hm-scale-many-hmctrid-20260503013407 ready=38/50 pods_running=38 scheduled=38 total=50 op=16680 commit=16680 attempt=1320/1500
waiting scenario=multi_50x1 entity=hm-scale-many-hmctrid-20260503013407 ready=38/50 pods_running=38 scheduled=38 total=50 op=16680 commit=16680 attempt=1321/1500
waiting scenario=multi_50x1 entity=hm-scale-many-hmctrid-20260503013407 ready=38/50 pods_running=38 scheduled=38 total=50 op=16680 commit=16680 attempt=1322/1500
waiting scenario=multi_50x1 entity=hm-scale-many-hmctrid-20260503013407 ready=38/50 pods_running=38 scheduled=38 total=50 op=16680 commit=16680 attempt=1323/1500
waiting scenario=multi_50x1 entity=hm-scale-many-hmctrid-20260503013407 ready=38/50 pods_running=38 scheduled=38 total=50 op=16680 commit=16680 attempt=1324/1500
waiting scenario=multi_50x1 entity=hm-scale-many-hmctrid-20260503013407 ready=38/50 pods_running=38 scheduled=38 total=50 op=16680 commit=16680 attempt=1325/1500
waiting scenario=multi_50x1 entity=hm-scale-many-hmctrid-20260503013407 ready=38/50 pods_running=38 scheduled=38 total=50 op=16680 commit=16680 attempt=1326/1500
waiting scenario=multi_50x1 entity=hm-scale-many-hmctrid-20260503013407 ready=38/50 pods_running=38 scheduled=38 total=50 op=16680 commit=16680 attempt=1327/1500
waiting scenario=multi_50x1 entity=hm-scale-many-hmctrid-20260503013407 ready=38/50 pods_running=38 scheduled=38 total=50 op=16680 commit=16680 attempt=1328/1500
waiting scenario=multi_50x1 entity=hm-scale-many-hmctrid-20260503013407 ready=38/50 pods_running=38 scheduled=38 total=50 op=16680 commit=16680 attempt=1329/1500
waiting scenario=multi_50x1 entity=hm-scale-many-hmctrid-20260503013407 ready=38/50 pods_running=38 scheduled=38 total=50 op=16680 commit=16680 attempt=1330/1500
waiting scenario=multi_50x1 entity=hm-scale-many-hmctrid-20260503013407 ready=38/50 pods_running=38 scheduled=38 total=50 op=16680 commit=16680 attempt=1331/1500
waiting scenario=multi_50x1 entity=hm-scale-many-hmctrid-20260503013407 ready=38/50 pods_running=38 scheduled=38 total=50 op=16680 commit=16680 attempt=1332/1500
waiting scenario=multi_50x1 entity=hm-scale-many-hmctrid-20260503013407 ready=38/50 pods_running=38 scheduled=38 total=50 op=16680 commit=16680 attempt=1333/1500
waiting scenario=multi_50x1 entity=hm-scale-many-hmctrid-20260503013407 ready=38/50 pods_running=38 scheduled=38 total=50 op=16680 commit=16680 attempt=1334/1500
waiting scenario=multi_50x1 entity=hm-scale-many-hmctrid-20260503013407 ready=38/50 pods_running=38 scheduled=38 total=50 op=16680 commit=16680 attempt=1335/1500
waiting scenario=multi_50x1 entity=hm-scale-many-hmctrid-20260503013407 ready=38/50 pods_running=38 scheduled=38 total=50 op=16680 commit=16680 attempt=1336/1500
waiting scenario=multi_50x1 entity=hm-scale-many-hmctrid-20260503013407 ready=38/50 pods_running=38 scheduled=38 total=50 op=16680 commit=16680 attempt=1337/1500
waiting scenario=multi_50x1 entity=hm-scale-many-hmctrid-20260503013407 ready=38/50 pods_running=38 scheduled=38 total=50 op=16680 commit=16680 attempt=1338/1500
waiting scenario=multi_50x1 entity=hm-scale-many-hmctrid-20260503013407 ready=38/50 pods_running=38 scheduled=38 total=50 op=16680 commit=16680 attempt=1339/1500
waiting scenario=multi_50x1 entity=hm-scale-many-hmctrid-20260503013407 ready=38/50 pods_running=38 scheduled=38 total=50 op=16680 commit=16680 attempt=1340/1500
waiting scenario=multi_50x1 entity=hm-scale-many-hmctrid-20260503013407 ready=38/50 pods_running=38 scheduled=38 total=50 op=16680 commit=16680 attempt=1341/1500
waiting scenario=multi_50x1 entity=hm-scale-many-hmctrid-20260503013407 ready=38/50 pods_running=38 scheduled=38 total=50 op=16680 commit=16680 attempt=1342/1500
waiting scenario=multi_50x1 entity=hm-scale-many-hmctrid-20260503013407 ready=38/50 pods_running=38 scheduled=38 total=50 op=16680 commit=16680 attempt=1343/1500
waiting scenario=multi_50x1 entity=hm-scale-many-hmctrid-20260503013407 ready=38/50 pods_running=38 scheduled=38 total=50 op=16680 commit=16680 attempt=1344/1500
waiting scenario=multi_50x1 entity=hm-scale-many-hmctrid-20260503013407 ready=38/50 pods_running=38 scheduled=38 total=50 op=16680 commit=16680 attempt=1345/1500
waiting scenario=multi_50x1 entity=hm-scale-many-hmctrid-20260503013407 ready=38/50 pods_running=38 scheduled=38 total=50 op=16680 commit=16680 attempt=1346/1500
waiting scenario=multi_50x1 entity=hm-scale-many-hmctrid-20260503013407 ready=38/50 pods_running=38 scheduled=38 total=50 op=16680 commit=16680 attempt=1347/1500
waiting scenario=multi_50x1 entity=hm-scale-many-hmctrid-20260503013407 ready=38/50 pods_running=38 scheduled=38 total=50 op=16680 commit=16680 attempt=1348/1500
waiting scenario=multi_50x1 entity=hm-scale-many-hmctrid-20260503013407 ready=38/50 pods_running=38 scheduled=38 total=50 op=16680 commit=16680 attempt=1349/1500
waiting scenario=multi_50x1 entity=hm-scale-many-hmctrid-20260503013407 ready=38/50 pods_running=38 scheduled=38 total=50 op=16680 commit=16680 attempt=1350/1500
waiting scenario=multi_50x1 entity=hm-scale-many-hmctrid-20260503013407 ready=38/50 pods_running=38 scheduled=38 total=50 op=16680 commit=16680 attempt=1351/1500
waiting scenario=multi_50x1 entity=hm-scale-many-hmctrid-20260503013407 ready=38/50 pods_running=38 scheduled=38 total=50 op=16680 commit=16680 attempt=1352/1500
waiting scenario=multi_50x1 entity=hm-scale-many-hmctrid-20260503013407 ready=38/50 pods_running=38 scheduled=38 total=50 op=16680 commit=16680 attempt=1353/1500
waiting scenario=multi_50x1 entity=hm-scale-many-hmctrid-20260503013407 ready=38/50 pods_running=38 scheduled=38 total=50 op=16680 commit=16680 attempt=1354/1500
waiting scenario=multi_50x1 entity=hm-scale-many-hmctrid-20260503013407 ready=38/50 pods_running=38 scheduled=38 total=50 op=16680 commit=16680 attempt=1355/1500
waiting scenario=multi_50x1 entity=hm-scale-many-hmctrid-20260503013407 ready=38/50 pods_running=38 scheduled=38 total=50 op=16680 commit=16680 attempt=1356/1500
waiting scenario=multi_50x1 entity=hm-scale-many-hmctrid-20260503013407 ready=38/50 pods_running=38 scheduled=38 total=50 op=16680 commit=16680 attempt=1357/1500
waiting scenario=multi_50x1 entity=hm-scale-many-hmctrid-20260503013407 ready=38/50 pods_running=38 scheduled=38 total=50 op=16680 commit=16680 attempt=1358/1500
waiting scenario=multi_50x1 entity=hm-scale-many-hmctrid-20260503013407 ready=38/50 pods_running=38 scheduled=38 total=50 op=16680 commit=16680 attempt=1359/1500
waiting scenario=multi_50x1 entity=hm-scale-many-hmctrid-20260503013407 ready=38/50 pods_running=38 scheduled=38 total=50 op=16680 commit=16680 attempt=1360/1500
waiting scenario=multi_50x1 entity=hm-scale-many-hmctrid-20260503013407 ready=38/50 pods_running=38 scheduled=38 total=50 op=16680 commit=16680 attempt=1361/1500
waiting scenario=multi_50x1 entity=hm-scale-many-hmctrid-20260503013407 ready=38/50 pods_running=38 scheduled=38 total=50 op=16680 commit=16680 attempt=1362/1500
waiting scenario=multi_50x1 entity=hm-scale-many-hmctrid-20260503013407 ready=38/50 pods_running=38 scheduled=38 total=50 op=16680 commit=16680 attempt=1363/1500
waiting scenario=multi_50x1 entity=hm-scale-many-hmctrid-20260503013407 ready=38/50 pods_running=38 scheduled=38 total=50 op=16680 commit=16680 attempt=1364/1500
waiting scenario=multi_50x1 entity=hm-scale-many-hmctrid-20260503013407 ready=38/50 pods_running=38 scheduled=38 total=50 op=16680 commit=16680 attempt=1365/1500
waiting scenario=multi_50x1 entity=hm-scale-many-hmctrid-20260503013407 ready=38/50 pods_running=38 scheduled=38 total=50 op=16680 commit=16680 attempt=1366/1500
waiting scenario=multi_50x1 entity=hm-scale-many-hmctrid-20260503013407 ready=38/50 pods_running=38 scheduled=38 total=50 op=16680 commit=16680 attempt=1367/1500
waiting scenario=multi_50x1 entity=hm-scale-many-hmctrid-20260503013407 ready=38/50 pods_running=38 scheduled=38 total=50 op=16680 commit=16680 attempt=1368/1500
waiting scenario=multi_50x1 entity=hm-scale-many-hmctrid-20260503013407 ready=38/50 pods_running=38 scheduled=38 total=50 op=16680 commit=16680 attempt=1369/1500
waiting scenario=multi_50x1 entity=hm-scale-many-hmctrid-20260503013407 ready=38/50 pods_running=38 scheduled=38 total=50 op=16680 commit=16680 attempt=1370/1500
waiting scenario=multi_50x1 entity=hm-scale-many-hmctrid-20260503013407 ready=38/50 pods_running=38 scheduled=38 total=50 op=16680 commit=16680 attempt=1371/1500
waiting scenario=multi_50x1 entity=hm-scale-many-hmctrid-20260503013407 ready=38/50 pods_running=38 scheduled=38 total=50 op=16680 commit=16680 attempt=1372/1500
waiting scenario=multi_50x1 entity=hm-scale-many-hmctrid-20260503013407 ready=38/50 pods_running=38 scheduled=38 total=50 op=16680 commit=16680 attempt=1373/1500
waiting scenario=multi_50x1 entity=hm-scale-many-hmctrid-20260503013407 ready=38/50 pods_running=38 scheduled=38 total=50 op=16680 commit=16680 attempt=1374/1500
waiting scenario=multi_50x1 entity=hm-scale-many-hmctrid-20260503013407 ready=38/50 pods_running=38 scheduled=38 total=50 op=16680 commit=16680 attempt=1375/1500
waiting scenario=multi_50x1 entity=hm-scale-many-hmctrid-20260503013407 ready=38/50 pods_running=38 scheduled=38 total=50 op=16680 commit=16680 attempt=1376/1500
waiting scenario=multi_50x1 entity=hm-scale-many-hmctrid-20260503013407 ready=38/50 pods_running=38 scheduled=38 total=50 op=16680 commit=16680 attempt=1377/1500
waiting scenario=multi_50x1 entity=hm-scale-many-hmctrid-20260503013407 ready=38/50 pods_running=38 scheduled=38 total=50 op=16680 commit=16680 attempt=1378/1500
waiting scenario=multi_50x1 entity=hm-scale-many-hmctrid-20260503013407 ready=38/50 pods_running=38 scheduled=38 total=50 op=16680 commit=16680 attempt=1379/1500
waiting scenario=multi_50x1 entity=hm-scale-many-hmctrid-20260503013407 ready=38/50 pods_running=38 scheduled=38 total=50 op=16680 commit=16680 attempt=1380/1500
waiting scenario=multi_50x1 entity=hm-scale-many-hmctrid-20260503013407 ready=38/50 pods_running=38 scheduled=38 total=50 op=16680 commit=16680 attempt=1381/1500
waiting scenario=multi_50x1 entity=hm-scale-many-hmctrid-20260503013407 ready=38/50 pods_running=38 scheduled=38 total=50 op=16680 commit=16680 attempt=1382/1500
waiting scenario=multi_50x1 entity=hm-scale-many-hmctrid-20260503013407 ready=38/50 pods_running=38 scheduled=38 total=50 op=16680 commit=16680 attempt=1383/1500
waiting scenario=multi_50x1 entity=hm-scale-many-hmctrid-20260503013407 ready=38/50 pods_running=38 scheduled=38 total=50 op=16680 commit=16680 attempt=1384/1500
waiting scenario=multi_50x1 entity=hm-scale-many-hmctrid-20260503013407 ready=38/50 pods_running=38 scheduled=38 total=50 op=16680 commit=16680 attempt=1385/1500
waiting scenario=multi_50x1 entity=hm-scale-many-hmctrid-20260503013407 ready=38/50 pods_running=38 scheduled=38 total=50 op=16680 commit=16680 attempt=1386/1500
waiting scenario=multi_50x1 entity=hm-scale-many-hmctrid-20260503013407 ready=38/50 pods_running=38 scheduled=38 total=50 op=16680 commit=16680 attempt=1387/1500
waiting scenario=multi_50x1 entity=hm-scale-many-hmctrid-20260503013407 ready=38/50 pods_running=38 scheduled=38 total=50 op=16680 commit=16680 attempt=1388/1500
waiting scenario=multi_50x1 entity=hm-scale-many-hmctrid-20260503013407 ready=38/50 pods_running=38 scheduled=38 total=50 op=16680 commit=16680 attempt=1389/1500
waiting scenario=multi_50x1 entity=hm-scale-many-hmctrid-20260503013407 ready=38/50 pods_running=38 scheduled=38 total=50 op=16680 commit=16680 attempt=1390/1500
waiting scenario=multi_50x1 entity=hm-scale-many-hmctrid-20260503013407 ready=38/50 pods_running=38 scheduled=38 total=50 op=16680 commit=16680 attempt=1391/1500
waiting scenario=multi_50x1 entity=hm-scale-many-hmctrid-20260503013407 ready=38/50 pods_running=38 scheduled=38 total=50 op=16680 commit=16680 attempt=1392/1500
waiting scenario=multi_50x1 entity=hm-scale-many-hmctrid-20260503013407 ready=38/50 pods_running=38 scheduled=38 total=50 op=16680 commit=16680 attempt=1393/1500
waiting scenario=multi_50x1 entity=hm-scale-many-hmctrid-20260503013407 ready=38/50 pods_running=38 scheduled=38 total=50 op=16680 commit=16680 attempt=1394/1500
waiting scenario=multi_50x1 entity=hm-scale-many-hmctrid-20260503013407 ready=38/50 pods_running=38 scheduled=38 total=50 op=16680 commit=16680 attempt=1395/1500
waiting scenario=multi_50x1 entity=hm-scale-many-hmctrid-20260503013407 ready=38/50 pods_running=38 scheduled=38 total=50 op=16680 commit=16680 attempt=1396/1500
waiting scenario=multi_50x1 entity=hm-scale-many-hmctrid-20260503013407 ready=38/50 pods_running=38 scheduled=38 total=50 op=16680 commit=16680 attempt=1397/1500
waiting scenario=multi_50x1 entity=hm-scale-many-hmctrid-20260503013407 ready=38/50 pods_running=38 scheduled=38 total=50 op=16680 commit=16680 attempt=1398/1500
waiting scenario=multi_50x1 entity=hm-scale-many-hmctrid-20260503013407 ready=38/50 pods_running=38 scheduled=38 total=50 op=16680 commit=16680 attempt=1399/1500
waiting scenario=multi_50x1 entity=hm-scale-many-hmctrid-20260503013407 ready=38/50 pods_running=38 scheduled=38 total=50 op=16680 commit=16680 attempt=1400/1500
waiting scenario=multi_50x1 entity=hm-scale-many-hmctrid-20260503013407 ready=38/50 pods_running=38 scheduled=38 total=50 op=16680 commit=16680 attempt=1401/1500
waiting scenario=multi_50x1 entity=hm-scale-many-hmctrid-20260503013407 ready=38/50 pods_running=38 scheduled=38 total=50 op=16680 commit=16680 attempt=1402/1500
waiting scenario=multi_50x1 entity=hm-scale-many-hmctrid-20260503013407 ready=38/50 pods_running=38 scheduled=38 total=50 op=16680 commit=16680 attempt=1403/1500
waiting scenario=multi_50x1 entity=hm-scale-many-hmctrid-20260503013407 ready=38/50 pods_running=38 scheduled=38 total=50 op=16680 commit=16680 attempt=1404/1500
waiting scenario=multi_50x1 entity=hm-scale-many-hmctrid-20260503013407 ready=38/50 pods_running=38 scheduled=38 total=50 op=16680 commit=16680 attempt=1405/1500
waiting scenario=multi_50x1 entity=hm-scale-many-hmctrid-20260503013407 ready=38/50 pods_running=38 scheduled=38 total=50 op=16680 commit=16680 attempt=1406/1500
waiting scenario=multi_50x1 entity=hm-scale-many-hmctrid-20260503013407 ready=38/50 pods_running=38 scheduled=38 total=50 op=16680 commit=16680 attempt=1407/1500
waiting scenario=multi_50x1 entity=hm-scale-many-hmctrid-20260503013407 ready=38/50 pods_running=38 scheduled=38 total=50 op=16680 commit=16680 attempt=1408/1500
waiting scenario=multi_50x1 entity=hm-scale-many-hmctrid-20260503013407 ready=38/50 pods_running=38 scheduled=38 total=50 op=16680 commit=16680 attempt=1409/1500
waiting scenario=multi_50x1 entity=hm-scale-many-hmctrid-20260503013407 ready=38/50 pods_running=38 scheduled=38 total=50 op=16680 commit=16680 attempt=1410/1500
waiting scenario=multi_50x1 entity=hm-scale-many-hmctrid-20260503013407 ready=38/50 pods_running=38 scheduled=38 total=50 op=16680 commit=16680 attempt=1411/1500
waiting scenario=multi_50x1 entity=hm-scale-many-hmctrid-20260503013407 ready=38/50 pods_running=38 scheduled=38 total=50 op=16680 commit=16680 attempt=1412/1500
waiting scenario=multi_50x1 entity=hm-scale-many-hmctrid-20260503013407 ready=38/50 pods_running=38 scheduled=38 total=50 op=16680 commit=16680 attempt=1413/1500
waiting scenario=multi_50x1 entity=hm-scale-many-hmctrid-20260503013407 ready=38/50 pods_running=38 scheduled=38 total=50 op=16680 commit=16680 attempt=1414/1500
waiting scenario=multi_50x1 entity=hm-scale-many-hmctrid-20260503013407 ready=38/50 pods_running=38 scheduled=38 total=50 op=16680 commit=16680 attempt=1415/1500
waiting scenario=multi_50x1 entity=hm-scale-many-hmctrid-20260503013407 ready=38/50 pods_running=38 scheduled=38 total=50 op=16680 commit=16680 attempt=1416/1500
waiting scenario=multi_50x1 entity=hm-scale-many-hmctrid-20260503013407 ready=38/50 pods_running=38 scheduled=38 total=50 op=16680 commit=16680 attempt=1417/1500
waiting scenario=multi_50x1 entity=hm-scale-many-hmctrid-20260503013407 ready=38/50 pods_running=38 scheduled=38 total=50 op=16680 commit=16680 attempt=1418/1500
waiting scenario=multi_50x1 entity=hm-scale-many-hmctrid-20260503013407 ready=38/50 pods_running=38 scheduled=38 total=50 op=16680 commit=16680 attempt=1419/1500
waiting scenario=multi_50x1 entity=hm-scale-many-hmctrid-20260503013407 ready=38/50 pods_running=38 scheduled=38 total=50 op=16680 commit=16680 attempt=1420/1500
waiting scenario=multi_50x1 entity=hm-scale-many-hmctrid-20260503013407 ready=38/50 pods_running=38 scheduled=38 total=50 op=16680 commit=16680 attempt=1421/1500
waiting scenario=multi_50x1 entity=hm-scale-many-hmctrid-20260503013407 ready=38/50 pods_running=38 scheduled=38 total=50 op=16680 commit=16680 attempt=1422/1500
waiting scenario=multi_50x1 entity=hm-scale-many-hmctrid-20260503013407 ready=38/50 pods_running=38 scheduled=38 total=50 op=16680 commit=16680 attempt=1423/1500
waiting scenario=multi_50x1 entity=hm-scale-many-hmctrid-20260503013407 ready=38/50 pods_running=38 scheduled=38 total=50 op=16680 commit=16680 attempt=1424/1500
waiting scenario=multi_50x1 entity=hm-scale-many-hmctrid-20260503013407 ready=38/50 pods_running=38 scheduled=38 total=50 op=16680 commit=16680 attempt=1425/1500
waiting scenario=multi_50x1 entity=hm-scale-many-hmctrid-20260503013407 ready=38/50 pods_running=38 scheduled=38 total=50 op=16680 commit=16680 attempt=1426/1500
waiting scenario=multi_50x1 entity=hm-scale-many-hmctrid-20260503013407 ready=38/50 pods_running=38 scheduled=38 total=50 op=16680 commit=16680 attempt=1427/1500
waiting scenario=multi_50x1 entity=hm-scale-many-hmctrid-20260503013407 ready=38/50 pods_running=38 scheduled=38 total=50 op=16680 commit=16680 attempt=1428/1500
waiting scenario=multi_50x1 entity=hm-scale-many-hmctrid-20260503013407 ready=38/50 pods_running=38 scheduled=38 total=50 op=16680 commit=16680 attempt=1429/1500
waiting scenario=multi_50x1 entity=hm-scale-many-hmctrid-20260503013407 ready=38/50 pods_running=38 scheduled=38 total=50 op=16680 commit=16680 attempt=1430/1500
waiting scenario=multi_50x1 entity=hm-scale-many-hmctrid-20260503013407 ready=38/50 pods_running=38 scheduled=38 total=50 op=16680 commit=16680 attempt=1431/1500
waiting scenario=multi_50x1 entity=hm-scale-many-hmctrid-20260503013407 ready=38/50 pods_running=38 scheduled=38 total=50 op=16680 commit=16680 attempt=1432/1500
waiting scenario=multi_50x1 entity=hm-scale-many-hmctrid-20260503013407 ready=38/50 pods_running=38 scheduled=38 total=50 op=16680 commit=16680 attempt=1433/1500
waiting scenario=multi_50x1 entity=hm-scale-many-hmctrid-20260503013407 ready=38/50 pods_running=38 scheduled=38 total=50 op=16680 commit=16680 attempt=1434/1500
waiting scenario=multi_50x1 entity=hm-scale-many-hmctrid-20260503013407 ready=38/50 pods_running=38 scheduled=38 total=50 op=16680 commit=16680 attempt=1435/1500
waiting scenario=multi_50x1 entity=hm-scale-many-hmctrid-20260503013407 ready=38/50 pods_running=38 scheduled=38 total=50 op=16680 commit=16680 attempt=1436/1500
waiting scenario=multi_50x1 entity=hm-scale-many-hmctrid-20260503013407 ready=38/50 pods_running=38 scheduled=38 total=50 op=16680 commit=16680 attempt=1437/1500
waiting scenario=multi_50x1 entity=hm-scale-many-hmctrid-20260503013407 ready=38/50 pods_running=38 scheduled=38 total=50 op=16680 commit=16680 attempt=1438/1500
waiting scenario=multi_50x1 entity=hm-scale-many-hmctrid-20260503013407 ready=38/50 pods_running=38 scheduled=38 total=50 op=16680 commit=16680 attempt=1439/1500
waiting scenario=multi_50x1 entity=hm-scale-many-hmctrid-20260503013407 ready=38/50 pods_running=38 scheduled=38 total=50 op=16680 commit=16680 attempt=1440/1500
waiting scenario=multi_50x1 entity=hm-scale-many-hmctrid-20260503013407 ready=38/50 pods_running=38 scheduled=38 total=50 op=16680 commit=16680 attempt=1441/1500
waiting scenario=multi_50x1 entity=hm-scale-many-hmctrid-20260503013407 ready=38/50 pods_running=38 scheduled=38 total=50 op=16680 commit=16680 attempt=1442/1500
waiting scenario=multi_50x1 entity=hm-scale-many-hmctrid-20260503013407 ready=38/50 pods_running=38 scheduled=38 total=50 op=16680 commit=16680 attempt=1443/1500
waiting scenario=multi_50x1 entity=hm-scale-many-hmctrid-20260503013407 ready=38/50 pods_running=38 scheduled=38 total=50 op=16680 commit=16680 attempt=1444/1500
waiting scenario=multi_50x1 entity=hm-scale-many-hmctrid-20260503013407 ready=38/50 pods_running=38 scheduled=38 total=50 op=16680 commit=16680 attempt=1445/1500
waiting scenario=multi_50x1 entity=hm-scale-many-hmctrid-20260503013407 ready=38/50 pods_running=38 scheduled=38 total=50 op=16680 commit=16680 attempt=1446/1500
waiting scenario=multi_50x1 entity=hm-scale-many-hmctrid-20260503013407 ready=38/50 pods_running=38 scheduled=38 total=50 op=16680 commit=16680 attempt=1447/1500
waiting scenario=multi_50x1 entity=hm-scale-many-hmctrid-20260503013407 ready=38/50 pods_running=38 scheduled=38 total=50 op=16680 commit=16680 attempt=1448/1500
waiting scenario=multi_50x1 entity=hm-scale-many-hmctrid-20260503013407 ready=38/50 pods_running=38 scheduled=38 total=50 op=16680 commit=16680 attempt=1449/1500
waiting scenario=multi_50x1 entity=hm-scale-many-hmctrid-20260503013407 ready=38/50 pods_running=38 scheduled=38 total=50 op=16680 commit=16680 attempt=1450/1500
waiting scenario=multi_50x1 entity=hm-scale-many-hmctrid-20260503013407 ready=38/50 pods_running=38 scheduled=38 total=50 op=16680 commit=16680 attempt=1451/1500
waiting scenario=multi_50x1 entity=hm-scale-many-hmctrid-20260503013407 ready=38/50 pods_running=38 scheduled=38 total=50 op=16680 commit=16680 attempt=1452/1500
waiting scenario=multi_50x1 entity=hm-scale-many-hmctrid-20260503013407 ready=38/50 pods_running=38 scheduled=38 total=50 op=16680 commit=16680 attempt=1453/1500
waiting scenario=multi_50x1 entity=hm-scale-many-hmctrid-20260503013407 ready=38/50 pods_running=38 scheduled=38 total=50 op=16680 commit=16680 attempt=1454/1500
waiting scenario=multi_50x1 entity=hm-scale-many-hmctrid-20260503013407 ready=38/50 pods_running=38 scheduled=38 total=50 op=16680 commit=16680 attempt=1455/1500
waiting scenario=multi_50x1 entity=hm-scale-many-hmctrid-20260503013407 ready=38/50 pods_running=38 scheduled=38 total=50 op=16680 commit=16680 attempt=1456/1500
waiting scenario=multi_50x1 entity=hm-scale-many-hmctrid-20260503013407 ready=38/50 pods_running=38 scheduled=38 total=50 op=16680 commit=16680 attempt=1457/1500
waiting scenario=multi_50x1 entity=hm-scale-many-hmctrid-20260503013407 ready=38/50 pods_running=38 scheduled=38 total=50 op=16680 commit=16680 attempt=1458/1500
waiting scenario=multi_50x1 entity=hm-scale-many-hmctrid-20260503013407 ready=38/50 pods_running=38 scheduled=38 total=50 op=16680 commit=16680 attempt=1459/1500
waiting scenario=multi_50x1 entity=hm-scale-many-hmctrid-20260503013407 ready=38/50 pods_running=38 scheduled=38 total=50 op=16680 commit=16680 attempt=1460/1500
waiting scenario=multi_50x1 entity=hm-scale-many-hmctrid-20260503013407 ready=38/50 pods_running=38 scheduled=38 total=50 op=16680 commit=16680 attempt=1461/1500
waiting scenario=multi_50x1 entity=hm-scale-many-hmctrid-20260503013407 ready=38/50 pods_running=38 scheduled=38 total=50 op=16680 commit=16680 attempt=1462/1500
waiting scenario=multi_50x1 entity=hm-scale-many-hmctrid-20260503013407 ready=38/50 pods_running=38 scheduled=38 total=50 op=16680 commit=16680 attempt=1463/1500
waiting scenario=multi_50x1 entity=hm-scale-many-hmctrid-20260503013407 ready=38/50 pods_running=38 scheduled=38 total=50 op=16680 commit=16680 attempt=1464/1500
waiting scenario=multi_50x1 entity=hm-scale-many-hmctrid-20260503013407 ready=38/50 pods_running=38 scheduled=38 total=50 op=16680 commit=16680 attempt=1465/1500
waiting scenario=multi_50x1 entity=hm-scale-many-hmctrid-20260503013407 ready=38/50 pods_running=38 scheduled=38 total=50 op=16680 commit=16680 attempt=1466/1500
waiting scenario=multi_50x1 entity=hm-scale-many-hmctrid-20260503013407 ready=38/50 pods_running=38 scheduled=38 total=50 op=16680 commit=16680 attempt=1467/1500
waiting scenario=multi_50x1 entity=hm-scale-many-hmctrid-20260503013407 ready=38/50 pods_running=38 scheduled=38 total=50 op=16680 commit=16680 attempt=1468/1500
waiting scenario=multi_50x1 entity=hm-scale-many-hmctrid-20260503013407 ready=38/50 pods_running=38 scheduled=38 total=50 op=16680 commit=16680 attempt=1469/1500
waiting scenario=multi_50x1 entity=hm-scale-many-hmctrid-20260503013407 ready=38/50 pods_running=38 scheduled=38 total=50 op=16680 commit=16680 attempt=1470/1500
waiting scenario=multi_50x1 entity=hm-scale-many-hmctrid-20260503013407 ready=38/50 pods_running=38 scheduled=38 total=50 op=16680 commit=16680 attempt=1471/1500
waiting scenario=multi_50x1 entity=hm-scale-many-hmctrid-20260503013407 ready=38/50 pods_running=38 scheduled=38 total=50 op=16680 commit=16680 attempt=1472/1500
waiting scenario=multi_50x1 entity=hm-scale-many-hmctrid-20260503013407 ready=38/50 pods_running=38 scheduled=38 total=50 op=16680 commit=16680 attempt=1473/1500
waiting scenario=multi_50x1 entity=hm-scale-many-hmctrid-20260503013407 ready=38/50 pods_running=38 scheduled=38 total=50 op=16680 commit=16680 attempt=1474/1500
waiting scenario=multi_50x1 entity=hm-scale-many-hmctrid-20260503013407 ready=38/50 pods_running=38 scheduled=38 total=50 op=16680 commit=16680 attempt=1475/1500
waiting scenario=multi_50x1 entity=hm-scale-many-hmctrid-20260503013407 ready=38/50 pods_running=38 scheduled=38 total=50 op=16680 commit=16680 attempt=1476/1500
waiting scenario=multi_50x1 entity=hm-scale-many-hmctrid-20260503013407 ready=38/50 pods_running=38 scheduled=38 total=50 op=16680 commit=16680 attempt=1477/1500
waiting scenario=multi_50x1 entity=hm-scale-many-hmctrid-20260503013407 ready=38/50 pods_running=38 scheduled=38 total=50 op=16680 commit=16680 attempt=1478/1500
waiting scenario=multi_50x1 entity=hm-scale-many-hmctrid-20260503013407 ready=38/50 pods_running=38 scheduled=38 total=50 op=16680 commit=16680 attempt=1479/1500
waiting scenario=multi_50x1 entity=hm-scale-many-hmctrid-20260503013407 ready=38/50 pods_running=38 scheduled=38 total=50 op=16680 commit=16680 attempt=1480/1500
waiting scenario=multi_50x1 entity=hm-scale-many-hmctrid-20260503013407 ready=38/50 pods_running=38 scheduled=38 total=50 op=16680 commit=16680 attempt=1481/1500
waiting scenario=multi_50x1 entity=hm-scale-many-hmctrid-20260503013407 ready=38/50 pods_running=38 scheduled=38 total=50 op=16680 commit=16680 attempt=1482/1500
waiting scenario=multi_50x1 entity=hm-scale-many-hmctrid-20260503013407 ready=38/50 pods_running=38 scheduled=38 total=50 op=16680 commit=16680 attempt=1483/1500
waiting scenario=multi_50x1 entity=hm-scale-many-hmctrid-20260503013407 ready=38/50 pods_running=38 scheduled=38 total=50 op=16680 commit=16680 attempt=1484/1500
waiting scenario=multi_50x1 entity=hm-scale-many-hmctrid-20260503013407 ready=38/50 pods_running=38 scheduled=38 total=50 op=16680 commit=16680 attempt=1485/1500
waiting scenario=multi_50x1 entity=hm-scale-many-hmctrid-20260503013407 ready=38/50 pods_running=38 scheduled=38 total=50 op=16680 commit=16680 attempt=1486/1500
waiting scenario=multi_50x1 entity=hm-scale-many-hmctrid-20260503013407 ready=38/50 pods_running=38 scheduled=38 total=50 op=16680 commit=16680 attempt=1487/1500
waiting scenario=multi_50x1 entity=hm-scale-many-hmctrid-20260503013407 ready=38/50 pods_running=38 scheduled=38 total=50 op=16680 commit=16680 attempt=1488/1500
waiting scenario=multi_50x1 entity=hm-scale-many-hmctrid-20260503013407 ready=38/50 pods_running=38 scheduled=38 total=50 op=16680 commit=16680 attempt=1489/1500
waiting scenario=multi_50x1 entity=hm-scale-many-hmctrid-20260503013407 ready=38/50 pods_running=38 scheduled=38 total=50 op=16680 commit=16680 attempt=1490/1500
waiting scenario=multi_50x1 entity=hm-scale-many-hmctrid-20260503013407 ready=38/50 pods_running=38 scheduled=38 total=50 op=16680 commit=16680 attempt=1491/1500
waiting scenario=multi_50x1 entity=hm-scale-many-hmctrid-20260503013407 ready=38/50 pods_running=38 scheduled=38 total=50 op=16680 commit=16680 attempt=1492/1500
waiting scenario=multi_50x1 entity=hm-scale-many-hmctrid-20260503013407 ready=38/50 pods_running=38 scheduled=38 total=50 op=16680 commit=16680 attempt=1493/1500
waiting scenario=multi_50x1 entity=hm-scale-many-hmctrid-20260503013407 ready=38/50 pods_running=38 scheduled=38 total=50 op=16680 commit=16680 attempt=1494/1500
waiting scenario=multi_50x1 entity=hm-scale-many-hmctrid-20260503013407 ready=38/50 pods_running=38 scheduled=38 total=50 op=16680 commit=16680 attempt=1495/1500
waiting scenario=multi_50x1 entity=hm-scale-many-hmctrid-20260503013407 ready=38/50 pods_running=38 scheduled=38 total=50 op=16680 commit=16680 attempt=1496/1500
waiting scenario=multi_50x1 entity=hm-scale-many-hmctrid-20260503013407 ready=38/50 pods_running=38 scheduled=38 total=50 op=16680 commit=16680 attempt=1497/1500
waiting scenario=multi_50x1 entity=hm-scale-many-hmctrid-20260503013407 ready=38/50 pods_running=38 scheduled=38 total=50 op=16680 commit=16680 attempt=1498/1500
waiting scenario=multi_50x1 entity=hm-scale-many-hmctrid-20260503013407 ready=38/50 pods_running=38 scheduled=38 total=50 op=16680 commit=16680 attempt=1499/1500
waiting scenario=multi_50x1 entity=hm-scale-many-hmctrid-20260503013407 ready=38/50 pods_running=38 scheduled=38 total=50 op=16680 commit=16680 attempt=1500/1500
timeout waiting for multi_50x1 hm-scale-many-hmctrid-20260503013407 ready 50
curl: (22) The requested URL returned error: 404
