ssh_cidr=66.108.102.239/32

=== 1. Apply isolated Hivemind POC infra ===
[0m[1mInitializing the backend...[0m
[0m[1mInitializing provider plugins...[0m
- Reusing previous version of hashicorp/aws from the dependency lock file
- Using previously-installed hashicorp/aws v5.100.0

[0m[1m[32mTerraform has been successfully initialized![0m[32m[0m
[0m[32m
You may now begin working with Terraform. Try running "terraform plan" to see
any changes that are required for your infrastructure. All Terraform commands
should now work.

If you ever set or change modules or backend configuration for Terraform,
rerun this command to reinitialize your working directory. If you forget, other
commands will detect it and remind you to do so if necessary.[0m

Terraform used the selected providers to generate the following execution
plan. Resource actions are indicated with the following symbols:
  [32m+[0m create[0m

Terraform will perform the following actions:

[1m  # aws_ecr_repository.workloads[0m will be created
[0m  [32m+[0m[0m resource "aws_ecr_repository" "workloads" {
      [32m+[0m[0m arn                  = (known after apply)
      [32m+[0m[0m force_delete         = true
      [32m+[0m[0m id                   = (known after apply)
      [32m+[0m[0m image_tag_mutability = "MUTABLE"
      [32m+[0m[0m name                 = "hivemind-poc"
      [32m+[0m[0m registry_id          = (known after apply)
      [32m+[0m[0m repository_url       = (known after apply)
      [32m+[0m[0m tags                 = {
          [32m+[0m[0m "Name" = "hivemind-poc-workloads"
        }
      [32m+[0m[0m tags_all             = {
          [32m+[0m[0m "Name" = "hivemind-poc-workloads"
        }

      [32m+[0m[0m image_scanning_configuration {
          [32m+[0m[0m scan_on_push = false
        }
    }

[1m  # aws_instance.replica[0][0m will be created
[0m  [32m+[0m[0m resource "aws_instance" "replica" {
      [32m+[0m[0m ami                                  = "ami-098e39bafa7e7303d"
      [32m+[0m[0m arn                                  = (known after apply)
      [32m+[0m[0m associate_public_ip_address          = (known after apply)
      [32m+[0m[0m availability_zone                    = (known after apply)
      [32m+[0m[0m cpu_core_count                       = (known after apply)
      [32m+[0m[0m cpu_threads_per_core                 = (known after apply)
      [32m+[0m[0m disable_api_stop                     = (known after apply)
      [32m+[0m[0m disable_api_termination              = (known after apply)
      [32m+[0m[0m ebs_optimized                        = (known after apply)
      [32m+[0m[0m enable_primary_ipv6                  = (known after apply)
      [32m+[0m[0m get_password_data                    = false
      [32m+[0m[0m host_id                              = (known after apply)
      [32m+[0m[0m host_resource_group_arn              = (known after apply)
      [32m+[0m[0m iam_instance_profile                 = (known after apply)
      [32m+[0m[0m id                                   = (known after apply)
      [32m+[0m[0m instance_initiated_shutdown_behavior = (known after apply)
      [32m+[0m[0m instance_lifecycle                   = (known after apply)
      [32m+[0m[0m instance_state                       = (known after apply)
      [32m+[0m[0m instance_type                        = "c5.xlarge"
      [32m+[0m[0m ipv6_address_count                   = (known after apply)
      [32m+[0m[0m ipv6_addresses                       = (known after apply)
      [32m+[0m[0m key_name                             = "hivemind-poc-deployer"
      [32m+[0m[0m monitoring                           = (known after apply)
      [32m+[0m[0m outpost_arn                          = (known after apply)
      [32m+[0m[0m password_data                        = (known after apply)
      [32m+[0m[0m placement_group                      = (known after apply)
      [32m+[0m[0m placement_partition_number           = (known after apply)
      [32m+[0m[0m primary_network_interface_id         = (known after apply)
      [32m+[0m[0m private_dns                          = (known after apply)
      [32m+[0m[0m private_ip                           = (known after apply)
      [32m+[0m[0m public_dns                           = (known after apply)
      [32m+[0m[0m public_ip                            = (known after apply)
      [32m+[0m[0m secondary_private_ips                = (known after apply)
      [32m+[0m[0m security_groups                      = (known after apply)
      [32m+[0m[0m source_dest_check                    = true
      [32m+[0m[0m spot_instance_request_id             = (known after apply)
      [32m+[0m[0m subnet_id                            = (known after apply)
      [32m+[0m[0m tags                                 = {
          [32m+[0m[0m "Name" = "hivemind-replica-0"
          [32m+[0m[0m "Role" = "replica"
        }
      [32m+[0m[0m tags_all                             = {
          [32m+[0m[0m "Name" = "hivemind-replica-0"
          [32m+[0m[0m "Role" = "replica"
        }
      [32m+[0m[0m tenancy                              = (known after apply)
      [32m+[0m[0m user_data                            = (sensitive value)
      [32m+[0m[0m user_data_base64                     = (known after apply)
      [32m+[0m[0m user_data_replace_on_change          = false
      [32m+[0m[0m vpc_security_group_ids               = (known after apply)

      [32m+[0m[0m capacity_reservation_specification (known after apply)

      [32m+[0m[0m cpu_options (known after apply)

      [32m+[0m[0m ebs_block_device (known after apply)

      [32m+[0m[0m enclave_options (known after apply)

      [32m+[0m[0m ephemeral_block_device (known after apply)

      [32m+[0m[0m instance_market_options (known after apply)

      [32m+[0m[0m maintenance_options (known after apply)

      [32m+[0m[0m metadata_options (known after apply)

      [32m+[0m[0m network_interface (known after apply)

      [32m+[0m[0m private_dns_name_options (known after apply)

      [32m+[0m[0m root_block_device {
          [32m+[0m[0m delete_on_termination = true
          [32m+[0m[0m device_name           = (known after apply)
          [32m+[0m[0m encrypted             = (known after apply)
          [32m+[0m[0m iops                  = (known after apply)
          [32m+[0m[0m kms_key_id            = (known after apply)
          [32m+[0m[0m tags_all              = (known after apply)
          [32m+[0m[0m throughput            = (known after apply)
          [32m+[0m[0m volume_id             = (known after apply)
          [32m+[0m[0m volume_size           = 50
          [32m+[0m[0m volume_type           = "gp3"
        }
    }

[1m  # aws_instance.replica[1][0m will be created
[0m  [32m+[0m[0m resource "aws_instance" "replica" {
      [32m+[0m[0m ami                                  = "ami-098e39bafa7e7303d"
      [32m+[0m[0m arn                                  = (known after apply)
      [32m+[0m[0m associate_public_ip_address          = (known after apply)
      [32m+[0m[0m availability_zone                    = (known after apply)
      [32m+[0m[0m cpu_core_count                       = (known after apply)
      [32m+[0m[0m cpu_threads_per_core                 = (known after apply)
      [32m+[0m[0m disable_api_stop                     = (known after apply)
      [32m+[0m[0m disable_api_termination              = (known after apply)
      [32m+[0m[0m ebs_optimized                        = (known after apply)
      [32m+[0m[0m enable_primary_ipv6                  = (known after apply)
      [32m+[0m[0m get_password_data                    = false
      [32m+[0m[0m host_id                              = (known after apply)
      [32m+[0m[0m host_resource_group_arn              = (known after apply)
      [32m+[0m[0m iam_instance_profile                 = (known after apply)
      [32m+[0m[0m id                                   = (known after apply)
      [32m+[0m[0m instance_initiated_shutdown_behavior = (known after apply)
      [32m+[0m[0m instance_lifecycle                   = (known after apply)
      [32m+[0m[0m instance_state                       = (known after apply)
      [32m+[0m[0m instance_type                        = "c5.xlarge"
      [32m+[0m[0m ipv6_address_count                   = (known after apply)
      [32m+[0m[0m ipv6_addresses                       = (known after apply)
      [32m+[0m[0m key_name                             = "hivemind-poc-deployer"
      [32m+[0m[0m monitoring                           = (known after apply)
      [32m+[0m[0m outpost_arn                          = (known after apply)
      [32m+[0m[0m password_data                        = (known after apply)
      [32m+[0m[0m placement_group                      = (known after apply)
      [32m+[0m[0m placement_partition_number           = (known after apply)
      [32m+[0m[0m primary_network_interface_id         = (known after apply)
      [32m+[0m[0m private_dns                          = (known after apply)
      [32m+[0m[0m private_ip                           = (known after apply)
      [32m+[0m[0m public_dns                           = (known after apply)
      [32m+[0m[0m public_ip                            = (known after apply)
      [32m+[0m[0m secondary_private_ips                = (known after apply)
      [32m+[0m[0m security_groups                      = (known after apply)
      [32m+[0m[0m source_dest_check                    = true
      [32m+[0m[0m spot_instance_request_id             = (known after apply)
      [32m+[0m[0m subnet_id                            = (known after apply)
      [32m+[0m[0m tags                                 = {
          [32m+[0m[0m "Name" = "hivemind-replica-1"
          [32m+[0m[0m "Role" = "replica"
        }
      [32m+[0m[0m tags_all                             = {
          [32m+[0m[0m "Name" = "hivemind-replica-1"
          [32m+[0m[0m "Role" = "replica"
        }
      [32m+[0m[0m tenancy                              = (known after apply)
      [32m+[0m[0m user_data                            = (sensitive value)
      [32m+[0m[0m user_data_base64                     = (known after apply)
      [32m+[0m[0m user_data_replace_on_change          = false
      [32m+[0m[0m vpc_security_group_ids               = (known after apply)

      [32m+[0m[0m capacity_reservation_specification (known after apply)

      [32m+[0m[0m cpu_options (known after apply)

      [32m+[0m[0m ebs_block_device (known after apply)

      [32m+[0m[0m enclave_options (known after apply)

      [32m+[0m[0m ephemeral_block_device (known after apply)

      [32m+[0m[0m instance_market_options (known after apply)

      [32m+[0m[0m maintenance_options (known after apply)

      [32m+[0m[0m metadata_options (known after apply)

      [32m+[0m[0m network_interface (known after apply)

      [32m+[0m[0m private_dns_name_options (known after apply)

      [32m+[0m[0m root_block_device {
          [32m+[0m[0m delete_on_termination = true
          [32m+[0m[0m device_name           = (known after apply)
          [32m+[0m[0m encrypted             = (known after apply)
          [32m+[0m[0m iops                  = (known after apply)
          [32m+[0m[0m kms_key_id            = (known after apply)
          [32m+[0m[0m tags_all              = (known after apply)
          [32m+[0m[0m throughput            = (known after apply)
          [32m+[0m[0m volume_id             = (known after apply)
          [32m+[0m[0m volume_size           = 50
          [32m+[0m[0m volume_type           = "gp3"
        }
    }

[1m  # aws_instance.replica[2][0m will be created
[0m  [32m+[0m[0m resource "aws_instance" "replica" {
      [32m+[0m[0m ami                                  = "ami-098e39bafa7e7303d"
      [32m+[0m[0m arn                                  = (known after apply)
      [32m+[0m[0m associate_public_ip_address          = (known after apply)
      [32m+[0m[0m availability_zone                    = (known after apply)
      [32m+[0m[0m cpu_core_count                       = (known after apply)
      [32m+[0m[0m cpu_threads_per_core                 = (known after apply)
      [32m+[0m[0m disable_api_stop                     = (known after apply)
      [32m+[0m[0m disable_api_termination              = (known after apply)
      [32m+[0m[0m ebs_optimized                        = (known after apply)
      [32m+[0m[0m enable_primary_ipv6                  = (known after apply)
      [32m+[0m[0m get_password_data                    = false
      [32m+[0m[0m host_id                              = (known after apply)
      [32m+[0m[0m host_resource_group_arn              = (known after apply)
      [32m+[0m[0m iam_instance_profile                 = (known after apply)
      [32m+[0m[0m id                                   = (known after apply)
      [32m+[0m[0m instance_initiated_shutdown_behavior = (known after apply)
      [32m+[0m[0m instance_lifecycle                   = (known after apply)
      [32m+[0m[0m instance_state                       = (known after apply)
      [32m+[0m[0m instance_type                        = "c5.xlarge"
      [32m+[0m[0m ipv6_address_count                   = (known after apply)
      [32m+[0m[0m ipv6_addresses                       = (known after apply)
      [32m+[0m[0m key_name                             = "hivemind-poc-deployer"
      [32m+[0m[0m monitoring                           = (known after apply)
      [32m+[0m[0m outpost_arn                          = (known after apply)
      [32m+[0m[0m password_data                        = (known after apply)
      [32m+[0m[0m placement_group                      = (known after apply)
      [32m+[0m[0m placement_partition_number           = (known after apply)
      [32m+[0m[0m primary_network_interface_id         = (known after apply)
      [32m+[0m[0m private_dns                          = (known after apply)
      [32m+[0m[0m private_ip                           = (known after apply)
      [32m+[0m[0m public_dns                           = (known after apply)
      [32m+[0m[0m public_ip                            = (known after apply)
      [32m+[0m[0m secondary_private_ips                = (known after apply)
      [32m+[0m[0m security_groups                      = (known after apply)
      [32m+[0m[0m source_dest_check                    = true
      [32m+[0m[0m spot_instance_request_id             = (known after apply)
      [32m+[0m[0m subnet_id                            = (known after apply)
      [32m+[0m[0m tags                                 = {
          [32m+[0m[0m "Name" = "hivemind-replica-2"
          [32m+[0m[0m "Role" = "replica"
        }
      [32m+[0m[0m tags_all                             = {
          [32m+[0m[0m "Name" = "hivemind-replica-2"
          [32m+[0m[0m "Role" = "replica"
        }
      [32m+[0m[0m tenancy                              = (known after apply)
      [32m+[0m[0m user_data                            = (sensitive value)
      [32m+[0m[0m user_data_base64                     = (known after apply)
      [32m+[0m[0m user_data_replace_on_change          = false
      [32m+[0m[0m vpc_security_group_ids               = (known after apply)

      [32m+[0m[0m capacity_reservation_specification (known after apply)

      [32m+[0m[0m cpu_options (known after apply)

      [32m+[0m[0m ebs_block_device (known after apply)

      [32m+[0m[0m enclave_options (known after apply)

      [32m+[0m[0m ephemeral_block_device (known after apply)

      [32m+[0m[0m instance_market_options (known after apply)

      [32m+[0m[0m maintenance_options (known after apply)

      [32m+[0m[0m metadata_options (known after apply)

      [32m+[0m[0m network_interface (known after apply)

      [32m+[0m[0m private_dns_name_options (known after apply)

      [32m+[0m[0m root_block_device {
          [32m+[0m[0m delete_on_termination = true
          [32m+[0m[0m device_name           = (known after apply)
          [32m+[0m[0m encrypted             = (known after apply)
          [32m+[0m[0m iops                  = (known after apply)
          [32m+[0m[0m kms_key_id            = (known after apply)
          [32m+[0m[0m tags_all              = (known after apply)
          [32m+[0m[0m throughput            = (known after apply)
          [32m+[0m[0m volume_id             = (known after apply)
          [32m+[0m[0m volume_size           = 50
          [32m+[0m[0m volume_type           = "gp3"
        }
    }

[1m  # aws_instance.replica[3][0m will be created
[0m  [32m+[0m[0m resource "aws_instance" "replica" {
      [32m+[0m[0m ami                                  = "ami-098e39bafa7e7303d"
      [32m+[0m[0m arn                                  = (known after apply)
      [32m+[0m[0m associate_public_ip_address          = (known after apply)
      [32m+[0m[0m availability_zone                    = (known after apply)
      [32m+[0m[0m cpu_core_count                       = (known after apply)
      [32m+[0m[0m cpu_threads_per_core                 = (known after apply)
      [32m+[0m[0m disable_api_stop                     = (known after apply)
      [32m+[0m[0m disable_api_termination              = (known after apply)
      [32m+[0m[0m ebs_optimized                        = (known after apply)
      [32m+[0m[0m enable_primary_ipv6                  = (known after apply)
      [32m+[0m[0m get_password_data                    = false
      [32m+[0m[0m host_id                              = (known after apply)
      [32m+[0m[0m host_resource_group_arn              = (known after apply)
      [32m+[0m[0m iam_instance_profile                 = (known after apply)
      [32m+[0m[0m id                                   = (known after apply)
      [32m+[0m[0m instance_initiated_shutdown_behavior = (known after apply)
      [32m+[0m[0m instance_lifecycle                   = (known after apply)
      [32m+[0m[0m instance_state                       = (known after apply)
      [32m+[0m[0m instance_type                        = "c5.xlarge"
      [32m+[0m[0m ipv6_address_count                   = (known after apply)
      [32m+[0m[0m ipv6_addresses                       = (known after apply)
      [32m+[0m[0m key_name                             = "hivemind-poc-deployer"
      [32m+[0m[0m monitoring                           = (known after apply)
      [32m+[0m[0m outpost_arn                          = (known after apply)
      [32m+[0m[0m password_data                        = (known after apply)
      [32m+[0m[0m placement_group                      = (known after apply)
      [32m+[0m[0m placement_partition_number           = (known after apply)
      [32m+[0m[0m primary_network_interface_id         = (known after apply)
      [32m+[0m[0m private_dns                          = (known after apply)
      [32m+[0m[0m private_ip                           = (known after apply)
      [32m+[0m[0m public_dns                           = (known after apply)
      [32m+[0m[0m public_ip                            = (known after apply)
      [32m+[0m[0m secondary_private_ips                = (known after apply)
      [32m+[0m[0m security_groups                      = (known after apply)
      [32m+[0m[0m source_dest_check                    = true
      [32m+[0m[0m spot_instance_request_id             = (known after apply)
      [32m+[0m[0m subnet_id                            = (known after apply)
      [32m+[0m[0m tags                                 = {
          [32m+[0m[0m "Name" = "hivemind-replica-3"
          [32m+[0m[0m "Role" = "replica"
        }
      [32m+[0m[0m tags_all                             = {
          [32m+[0m[0m "Name" = "hivemind-replica-3"
          [32m+[0m[0m "Role" = "replica"
        }
      [32m+[0m[0m tenancy                              = (known after apply)
      [32m+[0m[0m user_data                            = (sensitive value)
      [32m+[0m[0m user_data_base64                     = (known after apply)
      [32m+[0m[0m user_data_replace_on_change          = false
      [32m+[0m[0m vpc_security_group_ids               = (known after apply)

      [32m+[0m[0m capacity_reservation_specification (known after apply)

      [32m+[0m[0m cpu_options (known after apply)

      [32m+[0m[0m ebs_block_device (known after apply)

      [32m+[0m[0m enclave_options (known after apply)

      [32m+[0m[0m ephemeral_block_device (known after apply)

      [32m+[0m[0m instance_market_options (known after apply)

      [32m+[0m[0m maintenance_options (known after apply)

      [32m+[0m[0m metadata_options (known after apply)

      [32m+[0m[0m network_interface (known after apply)

      [32m+[0m[0m private_dns_name_options (known after apply)

      [32m+[0m[0m root_block_device {
          [32m+[0m[0m delete_on_termination = true
          [32m+[0m[0m device_name           = (known after apply)
          [32m+[0m[0m encrypted             = (known after apply)
          [32m+[0m[0m iops                  = (known after apply)
          [32m+[0m[0m kms_key_id            = (known after apply)
          [32m+[0m[0m tags_all              = (known after apply)
          [32m+[0m[0m throughput            = (known after apply)
          [32m+[0m[0m volume_id             = (known after apply)
          [32m+[0m[0m volume_size           = 50
          [32m+[0m[0m volume_type           = "gp3"
        }
    }

[1m  # aws_instance.replica[4][0m will be created
[0m  [32m+[0m[0m resource "aws_instance" "replica" {
      [32m+[0m[0m ami                                  = "ami-098e39bafa7e7303d"
      [32m+[0m[0m arn                                  = (known after apply)
      [32m+[0m[0m associate_public_ip_address          = (known after apply)
      [32m+[0m[0m availability_zone                    = (known after apply)
      [32m+[0m[0m cpu_core_count                       = (known after apply)
      [32m+[0m[0m cpu_threads_per_core                 = (known after apply)
      [32m+[0m[0m disable_api_stop                     = (known after apply)
      [32m+[0m[0m disable_api_termination              = (known after apply)
      [32m+[0m[0m ebs_optimized                        = (known after apply)
      [32m+[0m[0m enable_primary_ipv6                  = (known after apply)
      [32m+[0m[0m get_password_data                    = false
      [32m+[0m[0m host_id                              = (known after apply)
      [32m+[0m[0m host_resource_group_arn              = (known after apply)
      [32m+[0m[0m iam_instance_profile                 = (known after apply)
      [32m+[0m[0m id                                   = (known after apply)
      [32m+[0m[0m instance_initiated_shutdown_behavior = (known after apply)
      [32m+[0m[0m instance_lifecycle                   = (known after apply)
      [32m+[0m[0m instance_state                       = (known after apply)
      [32m+[0m[0m instance_type                        = "c5.xlarge"
      [32m+[0m[0m ipv6_address_count                   = (known after apply)
      [32m+[0m[0m ipv6_addresses                       = (known after apply)
      [32m+[0m[0m key_name                             = "hivemind-poc-deployer"
      [32m+[0m[0m monitoring                           = (known after apply)
      [32m+[0m[0m outpost_arn                          = (known after apply)
      [32m+[0m[0m password_data                        = (known after apply)
      [32m+[0m[0m placement_group                      = (known after apply)
      [32m+[0m[0m placement_partition_number           = (known after apply)
      [32m+[0m[0m primary_network_interface_id         = (known after apply)
      [32m+[0m[0m private_dns                          = (known after apply)
      [32m+[0m[0m private_ip                           = (known after apply)
      [32m+[0m[0m public_dns                           = (known after apply)
      [32m+[0m[0m public_ip                            = (known after apply)
      [32m+[0m[0m secondary_private_ips                = (known after apply)
      [32m+[0m[0m security_groups                      = (known after apply)
      [32m+[0m[0m source_dest_check                    = true
      [32m+[0m[0m spot_instance_request_id             = (known after apply)
      [32m+[0m[0m subnet_id                            = (known after apply)
      [32m+[0m[0m tags                                 = {
          [32m+[0m[0m "Name" = "hivemind-replica-4"
          [32m+[0m[0m "Role" = "replica"
        }
      [32m+[0m[0m tags_all                             = {
          [32m+[0m[0m "Name" = "hivemind-replica-4"
          [32m+[0m[0m "Role" = "replica"
        }
      [32m+[0m[0m tenancy                              = (known after apply)
      [32m+[0m[0m user_data                            = (sensitive value)
      [32m+[0m[0m user_data_base64                     = (known after apply)
      [32m+[0m[0m user_data_replace_on_change          = false
      [32m+[0m[0m vpc_security_group_ids               = (known after apply)

      [32m+[0m[0m capacity_reservation_specification (known after apply)

      [32m+[0m[0m cpu_options (known after apply)

      [32m+[0m[0m ebs_block_device (known after apply)

      [32m+[0m[0m enclave_options (known after apply)

      [32m+[0m[0m ephemeral_block_device (known after apply)

      [32m+[0m[0m instance_market_options (known after apply)

      [32m+[0m[0m maintenance_options (known after apply)

      [32m+[0m[0m metadata_options (known after apply)

      [32m+[0m[0m network_interface (known after apply)

      [32m+[0m[0m private_dns_name_options (known after apply)

      [32m+[0m[0m root_block_device {
          [32m+[0m[0m delete_on_termination = true
          [32m+[0m[0m device_name           = (known after apply)
          [32m+[0m[0m encrypted             = (known after apply)
          [32m+[0m[0m iops                  = (known after apply)
          [32m+[0m[0m kms_key_id            = (known after apply)
          [32m+[0m[0m tags_all              = (known after apply)
          [32m+[0m[0m throughput            = (known after apply)
          [32m+[0m[0m volume_id             = (known after apply)
          [32m+[0m[0m volume_size           = 50
          [32m+[0m[0m volume_type           = "gp3"
        }
    }

[1m  # aws_instance.worker_cpu[0m will be created
[0m  [32m+[0m[0m resource "aws_instance" "worker_cpu" {
      [32m+[0m[0m ami                                  = "ami-0714f823ff4e72d73"
      [32m+[0m[0m arn                                  = (known after apply)
      [32m+[0m[0m associate_public_ip_address          = (known after apply)
      [32m+[0m[0m availability_zone                    = (known after apply)
      [32m+[0m[0m cpu_core_count                       = (known after apply)
      [32m+[0m[0m cpu_threads_per_core                 = (known after apply)
      [32m+[0m[0m disable_api_stop                     = (known after apply)
      [32m+[0m[0m disable_api_termination              = (known after apply)
      [32m+[0m[0m ebs_optimized                        = (known after apply)
      [32m+[0m[0m enable_primary_ipv6                  = (known after apply)
      [32m+[0m[0m get_password_data                    = false
      [32m+[0m[0m host_id                              = (known after apply)
      [32m+[0m[0m host_resource_group_arn              = (known after apply)
      [32m+[0m[0m iam_instance_profile                 = (known after apply)
      [32m+[0m[0m id                                   = (known after apply)
      [32m+[0m[0m instance_initiated_shutdown_behavior = (known after apply)
      [32m+[0m[0m instance_lifecycle                   = (known after apply)
      [32m+[0m[0m instance_state                       = (known after apply)
      [32m+[0m[0m instance_type                        = "c5.xlarge"
      [32m+[0m[0m ipv6_address_count                   = (known after apply)
      [32m+[0m[0m ipv6_addresses                       = (known after apply)
      [32m+[0m[0m key_name                             = "hivemind-poc-deployer"
      [32m+[0m[0m monitoring                           = (known after apply)
      [32m+[0m[0m outpost_arn                          = (known after apply)
      [32m+[0m[0m password_data                        = (known after apply)
      [32m+[0m[0m placement_group                      = (known after apply)
      [32m+[0m[0m placement_partition_number           = (known after apply)
      [32m+[0m[0m primary_network_interface_id         = (known after apply)
      [32m+[0m[0m private_dns                          = (known after apply)
      [32m+[0m[0m private_ip                           = (known after apply)
      [32m+[0m[0m public_dns                           = (known after apply)
      [32m+[0m[0m public_ip                            = (known after apply)
      [32m+[0m[0m secondary_private_ips                = (known after apply)
      [32m+[0m[0m security_groups                      = (known after apply)
      [32m+[0m[0m source_dest_check                    = true
      [32m+[0m[0m spot_instance_request_id             = (known after apply)
      [32m+[0m[0m subnet_id                            = (known after apply)
      [32m+[0m[0m tags                                 = {
          [32m+[0m[0m "Name" = "hivemind-worker-cpu"
          [32m+[0m[0m "Role" = "worker"
        }
      [32m+[0m[0m tags_all                             = {
          [32m+[0m[0m "Name" = "hivemind-worker-cpu"
          [32m+[0m[0m "Role" = "worker"
        }
      [32m+[0m[0m tenancy                              = (known after apply)
      [32m+[0m[0m user_data                            = (sensitive value)
      [32m+[0m[0m user_data_base64                     = (known after apply)
      [32m+[0m[0m user_data_replace_on_change          = false
      [32m+[0m[0m vpc_security_group_ids               = (known after apply)

      [32m+[0m[0m capacity_reservation_specification (known after apply)

      [32m+[0m[0m cpu_options (known after apply)

      [32m+[0m[0m ebs_block_device (known after apply)

      [32m+[0m[0m enclave_options (known after apply)

      [32m+[0m[0m ephemeral_block_device (known after apply)

      [32m+[0m[0m instance_market_options (known after apply)

      [32m+[0m[0m maintenance_options (known after apply)

      [32m+[0m[0m metadata_options (known after apply)

      [32m+[0m[0m network_interface (known after apply)

      [32m+[0m[0m private_dns_name_options (known after apply)

      [32m+[0m[0m root_block_device {
          [32m+[0m[0m delete_on_termination = true
          [32m+[0m[0m device_name           = (known after apply)
          [32m+[0m[0m encrypted             = (known after apply)
          [32m+[0m[0m iops                  = (known after apply)
          [32m+[0m[0m kms_key_id            = (known after apply)
          [32m+[0m[0m tags_all              = (known after apply)
          [32m+[0m[0m throughput            = (known after apply)
          [32m+[0m[0m volume_id             = (known after apply)
          [32m+[0m[0m volume_size           = 100
          [32m+[0m[0m volume_type           = "gp3"
        }
    }

[1m  # aws_instance.worker_gpu[0m will be created
[0m  [32m+[0m[0m resource "aws_instance" "worker_gpu" {
      [32m+[0m[0m ami                                  = "ami-0714f823ff4e72d73"
      [32m+[0m[0m arn                                  = (known after apply)
      [32m+[0m[0m associate_public_ip_address          = (known after apply)
      [32m+[0m[0m availability_zone                    = (known after apply)
      [32m+[0m[0m cpu_core_count                       = (known after apply)
      [32m+[0m[0m cpu_threads_per_core                 = (known after apply)
      [32m+[0m[0m disable_api_stop                     = (known after apply)
      [32m+[0m[0m disable_api_termination              = (known after apply)
      [32m+[0m[0m ebs_optimized                        = (known after apply)
      [32m+[0m[0m enable_primary_ipv6                  = (known after apply)
      [32m+[0m[0m get_password_data                    = false
      [32m+[0m[0m host_id                              = (known after apply)
      [32m+[0m[0m host_resource_group_arn              = (known after apply)
      [32m+[0m[0m iam_instance_profile                 = (known after apply)
      [32m+[0m[0m id                                   = (known after apply)
      [32m+[0m[0m instance_initiated_shutdown_behavior = (known after apply)
      [32m+[0m[0m instance_lifecycle                   = (known after apply)
      [32m+[0m[0m instance_state                       = (known after apply)
      [32m+[0m[0m instance_type                        = "g4dn.xlarge"
      [32m+[0m[0m ipv6_address_count                   = (known after apply)
      [32m+[0m[0m ipv6_addresses                       = (known after apply)
      [32m+[0m[0m key_name                             = "hivemind-poc-deployer"
      [32m+[0m[0m monitoring                           = (known after apply)
      [32m+[0m[0m outpost_arn                          = (known after apply)
      [32m+[0m[0m password_data                        = (known after apply)
      [32m+[0m[0m placement_group                      = (known after apply)
      [32m+[0m[0m placement_partition_number           = (known after apply)
      [32m+[0m[0m primary_network_interface_id         = (known after apply)
      [32m+[0m[0m private_dns                          = (known after apply)
      [32m+[0m[0m private_ip                           = (known after apply)
      [32m+[0m[0m public_dns                           = (known after apply)
      [32m+[0m[0m public_ip                            = (known after apply)
      [32m+[0m[0m secondary_private_ips                = (known after apply)
      [32m+[0m[0m security_groups                      = (known after apply)
      [32m+[0m[0m source_dest_check                    = true
      [32m+[0m[0m spot_instance_request_id             = (known after apply)
      [32m+[0m[0m subnet_id                            = (known after apply)
      [32m+[0m[0m tags                                 = {
          [32m+[0m[0m "Name" = "hivemind-worker-gpu"
          [32m+[0m[0m "Role" = "worker"
        }
      [32m+[0m[0m tags_all                             = {
          [32m+[0m[0m "Name" = "hivemind-worker-gpu"
          [32m+[0m[0m "Role" = "worker"
        }
      [32m+[0m[0m tenancy                              = (known after apply)
      [32m+[0m[0m user_data                            = (sensitive value)
      [32m+[0m[0m user_data_base64                     = (known after apply)
      [32m+[0m[0m user_data_replace_on_change          = false
      [32m+[0m[0m vpc_security_group_ids               = (known after apply)

      [32m+[0m[0m capacity_reservation_specification (known after apply)

      [32m+[0m[0m cpu_options (known after apply)

      [32m+[0m[0m ebs_block_device (known after apply)

      [32m+[0m[0m enclave_options (known after apply)

      [32m+[0m[0m ephemeral_block_device (known after apply)

      [32m+[0m[0m instance_market_options (known after apply)

      [32m+[0m[0m maintenance_options (known after apply)

      [32m+[0m[0m metadata_options (known after apply)

      [32m+[0m[0m network_interface (known after apply)

      [32m+[0m[0m private_dns_name_options (known after apply)

      [32m+[0m[0m root_block_device {
          [32m+[0m[0m delete_on_termination = true
          [32m+[0m[0m device_name           = (known after apply)
          [32m+[0m[0m encrypted             = (known after apply)
          [32m+[0m[0m iops                  = (known after apply)
          [32m+[0m[0m kms_key_id            = (known after apply)
          [32m+[0m[0m tags_all              = (known after apply)
          [32m+[0m[0m throughput            = (known after apply)
          [32m+[0m[0m volume_id             = (known after apply)
          [32m+[0m[0m volume_size           = 100
          [32m+[0m[0m volume_type           = "gp3"
        }
    }

[1m  # aws_key_pair.poc[0m will be created
[0m  [32m+[0m[0m resource "aws_key_pair" "poc" {
      [32m+[0m[0m arn             = (known after apply)
      [32m+[0m[0m fingerprint     = (known after apply)
      [32m+[0m[0m id              = (known after apply)
      [32m+[0m[0m key_name        = "hivemind-poc-deployer"
      [32m+[0m[0m key_name_prefix = (known after apply)
      [32m+[0m[0m key_pair_id     = (known after apply)
      [32m+[0m[0m key_type        = (known after apply)
      [32m+[0m[0m public_key      = "ssh-ed25519 AAAAC3NzaC1lZDI1NTE5AAAAILralVpTQ0tgwve6HyxwiZ0bzY1wymH/lCm91uL5NjcP"
      [32m+[0m[0m tags_all        = (known after apply)
    }

[1m  # aws_security_group.hivemind[0m will be created
[0m  [32m+[0m[0m resource "aws_security_group" "hivemind" {
      [32m+[0m[0m arn                    = (known after apply)
      [32m+[0m[0m description            = "Managed by Terraform"
      [32m+[0m[0m egress                 = [
          [32m+[0m[0m {
              [32m+[0m[0m cidr_blocks      = [
                  [32m+[0m[0m "0.0.0.0/0",
                ]
              [32m+[0m[0m from_port        = 0
              [32m+[0m[0m ipv6_cidr_blocks = []
              [32m+[0m[0m prefix_list_ids  = []
              [32m+[0m[0m protocol         = "-1"
              [32m+[0m[0m security_groups  = []
              [32m+[0m[0m self             = false
              [32m+[0m[0m to_port          = 0
                [90m# (1 unchanged attribute hidden)[0m[0m
            },
        ]
      [32m+[0m[0m id                     = (known after apply)
      [32m+[0m[0m ingress                = [
          [32m+[0m[0m {
              [32m+[0m[0m cidr_blocks      = [
                  [32m+[0m[0m "66.108.102.239/32",
                ]
              [32m+[0m[0m from_port        = 22
              [32m+[0m[0m ipv6_cidr_blocks = []
              [32m+[0m[0m prefix_list_ids  = []
              [32m+[0m[0m protocol         = "tcp"
              [32m+[0m[0m security_groups  = []
              [32m+[0m[0m self             = false
              [32m+[0m[0m to_port          = 22
                [90m# (1 unchanged attribute hidden)[0m[0m
            },
          [32m+[0m[0m {
              [32m+[0m[0m cidr_blocks      = [
                  [32m+[0m[0m "66.108.102.239/32",
                ]
              [32m+[0m[0m from_port        = 8080
              [32m+[0m[0m ipv6_cidr_blocks = []
              [32m+[0m[0m prefix_list_ids  = []
              [32m+[0m[0m protocol         = "tcp"
              [32m+[0m[0m security_groups  = []
              [32m+[0m[0m self             = false
              [32m+[0m[0m to_port          = 8080
                [90m# (1 unchanged attribute hidden)[0m[0m
            },
          [32m+[0m[0m {
              [32m+[0m[0m cidr_blocks      = []
              [32m+[0m[0m from_port        = 8080
              [32m+[0m[0m ipv6_cidr_blocks = []
              [32m+[0m[0m prefix_list_ids  = []
              [32m+[0m[0m protocol         = "tcp"
              [32m+[0m[0m security_groups  = []
              [32m+[0m[0m self             = true
              [32m+[0m[0m to_port          = 9300
                [90m# (1 unchanged attribute hidden)[0m[0m
            },
          [32m+[0m[0m {
              [32m+[0m[0m cidr_blocks      = []
              [32m+[0m[0m from_port        = 9300
              [32m+[0m[0m ipv6_cidr_blocks = []
              [32m+[0m[0m prefix_list_ids  = []
              [32m+[0m[0m protocol         = "udp"
              [32m+[0m[0m security_groups  = []
              [32m+[0m[0m self             = true
              [32m+[0m[0m to_port          = 9300
                [90m# (1 unchanged attribute hidden)[0m[0m
            },
        ]
      [32m+[0m[0m name                   = (known after apply)
      [32m+[0m[0m name_prefix            = "hivemind-poc-"
      [32m+[0m[0m owner_id               = (known after apply)
      [32m+[0m[0m revoke_rules_on_delete = false
      [32m+[0m[0m tags                   = {
          [32m+[0m[0m "Name" = "hivemind-poc"
        }
      [32m+[0m[0m tags_all               = {
          [32m+[0m[0m "Name" = "hivemind-poc"
        }
      [32m+[0m[0m vpc_id                 = (known after apply)
    }

[1mPlan:[0m [0m10 to add, 0 to change, 0 to destroy.

Changes to Outputs:
  [32m+[0m[0m api_url              = (known after apply)
  [32m+[0m[0m dashboard_url        = (known after apply)
  [32m+[0m[0m ecr_repository_name  = "hivemind-poc"
  [32m+[0m[0m ecr_repository_url   = (known after apply)
  [32m+[0m[0m replica_ami          = "ami-098e39bafa7e7303d"
  [32m+[0m[0m replica_ips          = [
      [32m+[0m[0m (known after apply),
      [32m+[0m[0m (known after apply),
      [32m+[0m[0m (known after apply),
      [32m+[0m[0m (known after apply),
      [32m+[0m[0m (known after apply),
    ]
  [32m+[0m[0m replica_public_ips   = [
      [32m+[0m[0m (known after apply),
      [32m+[0m[0m (known after apply),
      [32m+[0m[0m (known after apply),
      [32m+[0m[0m (known after apply),
      [32m+[0m[0m (known after apply),
    ]
  [32m+[0m[0m worker_ami           = "ami-0714f823ff4e72d73"
  [32m+[0m[0m worker_cpu_ip        = (known after apply)
  [32m+[0m[0m worker_cpu_public_ip = (known after apply)
  [32m+[0m[0m worker_gpu_ip        = (known after apply)
  [32m+[0m[0m worker_gpu_public_ip = (known after apply)
[0m[1maws_key_pair.poc: Creating...[0m[0m
[0m[1maws_ecr_repository.workloads: Creating...[0m[0m
[0m[1maws_security_group.hivemind: Creating...[0m[0m
[0m[1maws_ecr_repository.workloads: Creation complete after 0s [id=hivemind-poc][0m
[0m[1maws_key_pair.poc: Creation complete after 0s [id=hivemind-poc-deployer][0m
[0m[1maws_security_group.hivemind: Creation complete after 3s [id=sg-069b0317965236048][0m
[0m[1maws_instance.replica[1]: Creating...[0m[0m
[0m[1maws_instance.worker_gpu: Creating...[0m[0m
[0m[1maws_instance.replica[4]: Creating...[0m[0m
[0m[1maws_instance.replica[3]: Creating...[0m[0m
[0m[1maws_instance.replica[2]: Creating...[0m[0m
[0m[1maws_instance.replica[0]: Creating...[0m[0m
[0m[1maws_instance.worker_cpu: Creating...[0m[0m
[0m[1maws_instance.replica[1]: Still creating... [00m10s elapsed][0m[0m
[0m[1maws_instance.replica[2]: Still creating... [00m10s elapsed][0m[0m
[0m[1maws_instance.replica[3]: Still creating... [00m10s elapsed][0m[0m
[0m[1maws_instance.worker_gpu: Still creating... [00m10s elapsed][0m[0m
[0m[1maws_instance.replica[4]: Still creating... [00m10s elapsed][0m[0m
[0m[1maws_instance.worker_cpu: Still creating... [00m10s elapsed][0m[0m
[0m[1maws_instance.replica[0]: Still creating... [00m10s elapsed][0m[0m
[0m[1maws_instance.replica[3]: Creation complete after 13s [id=i-052bf63f6a126a24f][0m
[0m[1maws_instance.worker_cpu: Creation complete after 13s [id=i-0823f3bee2a528950][0m
[0m[1maws_instance.replica[2]: Creation complete after 13s [id=i-09a7bd2035fb1525c][0m
[0m[1maws_instance.replica[0]: Creation complete after 13s [id=i-06faa969a57660941][0m
[0m[1maws_instance.worker_gpu: Creation complete after 13s [id=i-0bacb62f6c7ed8cae][0m
[0m[1maws_instance.replica[4]: Creation complete after 13s [id=i-0390785834e1ff303][0m
[0m[1maws_instance.replica[1]: Creation complete after 13s [id=i-0cb6ff00f7954d5f8][0m
[0m[1m[32m
Apply complete! Resources: 10 added, 0 changed, 0 destroyed.[0m
[0m[1m[32m
Outputs:

[0mapi_url = "http://100.31.135.9:8080"
dashboard_url = "http://100.31.135.9:8080/dashboard"
ecr_repository_name = "hivemind-poc"
ecr_repository_url = "288552132534.dkr.ecr.us-east-1.amazonaws.com/hivemind-poc"
replica_ami = "ami-098e39bafa7e7303d"
replica_ips = [
  "172.31.69.253",
  "172.31.72.44",
  "172.31.68.72",
  "172.31.78.51",
  "172.31.68.96",
]
replica_public_ips = [
  "100.31.135.9",
  "98.82.138.130",
  "100.54.99.227",
  "3.236.99.146",
  "44.221.59.24",
]
worker_ami = "ami-0714f823ff4e72d73"
worker_cpu_ip = "172.31.73.151"
worker_cpu_public_ip = "3.235.244.125"
worker_gpu_ip = "172.31.77.233"
worker_gpu_public_ip = "3.235.140.47"
api_url=http://100.31.135.9:8080
replica_public_ips=100.31.135.9,98.82.138.130,100.54.99.227,3.236.99.146,44.221.59.24
worker_cpu_public_ip=3.235.244.125
worker_gpu_public_ip=3.235.140.47
ecr_repository_url=288552132534.dkr.ecr.us-east-1.amazonaws.com/hivemind-poc

=== 2. Build and push workload images ===

WARNING! Your credentials are stored unencrypted in '/Users/elijahrou/.docker/config.json'.
Configure a credential helper to remove this warning. See
https://docs.docker.com/go/credential-store/

DEPRECATED: The legacy builder is deprecated and will be removed in a future release.
            Install the buildx component to build images with BuildKit:
            https://docs.docker.com/go/buildx/

DEPRECATED: The legacy builder is deprecated and will be removed in a future release.
            Install the buildx component to build images with BuildKit:
            https://docs.docker.com/go/buildx/

Logging into ECR in us-east-1...
Login Succeeded
Sending build context to Docker daemon  5.632kB

Step 1/6 : FROM python:3.12-slim
3.12-slim: Pulling from library/python
3fc9d9ab5045: Pulling fs layer
cb8c0a9140ac: Pulling fs layer
3531af2bc2a9: Pulling fs layer
4d873bcef452: Pulling fs layer
75cf1a72ec4f: Download complete
3fc9d9ab5045: Download complete
67a6ed3b38af: Download complete
cb8c0a9140ac: Download complete
4d873bcef452: Download complete
3531af2bc2a9: Download complete
3531af2bc2a9: Pull complete
cb8c0a9140ac: Pull complete
4d873bcef452: Pull complete
3fc9d9ab5045: Pull complete
Digest: sha256:46cb7cc2877e60fbd5e21a9ae6115c30ace7a077b9f8772da879e4590c18c2e3
Status: Downloaded newer image for python:3.12-slim
 ---> 46cb7cc2877e
Step 2/6 : WORKDIR /app
 ---> [Warning] The requested image's platform (linux/amd64) does not match the detected host platform (linux/arm64/v8) and no specific platform was requested
 ---> Running in 904baa8bd6ef
 ---> Removed intermediate container 904baa8bd6ef
 ---> f0b5474cb96f
Step 3/6 : COPY server.py /app/server.py
 ---> e5944a3c210b
Step 4/6 : ENV PORT=8080
 ---> [Warning] The requested image's platform (linux/amd64) does not match the detected host platform (linux/arm64/v8) and no specific platform was requested
 ---> Running in f1c9a41fddac
 ---> Removed intermediate container f1c9a41fddac
 ---> 708c29871712
Step 5/6 : EXPOSE 8080
 ---> [Warning] The requested image's platform (linux/amd64) does not match the detected host platform (linux/arm64/v8) and no specific platform was requested
 ---> Running in 03102a3e8566
 ---> Removed intermediate container 03102a3e8566
 ---> ccf181e2a67a
Step 6/6 : CMD ["python", "/app/server.py"]
 ---> [Warning] The requested image's platform (linux/amd64) does not match the detected host platform (linux/arm64/v8) and no specific platform was requested
 ---> Running in f21e7709b902
 ---> Removed intermediate container f21e7709b902
 ---> 0ef7805101e7
Successfully built 0ef7805101e7
Successfully tagged 288552132534.dkr.ecr.us-east-1.amazonaws.com/hivemind-poc:cpu-poc-20260425161351
Sending build context to Docker daemon  6.144kB

Step 1/6 : FROM pytorch/pytorch:2.4.1-cuda12.4-cudnn9-runtime
2.4.1-cuda12.4-cudnn9-runtime: Pulling from pytorch/pytorch
93b49a9626b7: Pulling fs layer
4f4fb700ef54: Pulling fs layer
cb00ecd0a8d2: Pulling fs layer
c8393d760826: Pulling fs layer
762bedf4b1b7: Pulling fs layer
cb00ecd0a8d2: Download complete
4f4fb700ef54: Download complete
93b49a9626b7: Download complete
762bedf4b1b7: Download complete
762bedf4b1b7: Pull complete
93b49a9626b7: Pull complete
c8393d760826: Download complete
c8393d760826: Pull complete
cb00ecd0a8d2: Pull complete
4f4fb700ef54: Pull complete
Digest: sha256:0a3b9fedefe1f61ac4d5a9de9015c0863db27ca0fde2d4e37e6268147980b726
Status: Downloaded newer image for pytorch/pytorch:2.4.1-cuda12.4-cudnn9-runtime
 ---> 0a3b9fedefe1
Step 2/6 : WORKDIR /app
 ---> [Warning] The requested image's platform (linux/amd64) does not match the detected host platform (linux/arm64/v8) and no specific platform was requested
 ---> Running in 1b75f16b75e1
 ---> Removed intermediate container 1b75f16b75e1
 ---> 6a2293c78e1c
Step 3/6 : COPY server.py /app/server.py
 ---> c180a31b6fb2
Step 4/6 : ENV PORT=8080
 ---> [Warning] The requested image's platform (linux/amd64) does not match the detected host platform (linux/arm64/v8) and no specific platform was requested
 ---> Running in 172797b5b0ae
 ---> Removed intermediate container 172797b5b0ae
 ---> 8fbb81e7f819
Step 5/6 : EXPOSE 8080
 ---> [Warning] The requested image's platform (linux/amd64) does not match the detected host platform (linux/arm64/v8) and no specific platform was requested
 ---> Running in b5fdaf9feff5
 ---> Removed intermediate container b5fdaf9feff5
 ---> 672519f0b3ae
Step 6/6 : CMD ["python", "/app/server.py"]
 ---> [Warning] The requested image's platform (linux/amd64) does not match the detected host platform (linux/arm64/v8) and no specific platform was requested
 ---> Running in 389293d28667
 ---> Removed intermediate container 389293d28667
 ---> a7d6d5d16403
Successfully built a7d6d5d16403
Successfully tagged 288552132534.dkr.ecr.us-east-1.amazonaws.com/hivemind-poc:gpu-poc-20260425161351
The push refers to repository [288552132534.dkr.ecr.us-east-1.amazonaws.com/hivemind-poc]
40cc0faef9f9: Waiting
3531af2bc2a9: Waiting
cb8c0a9140ac: Waiting
4d873bcef452: Waiting
3fc9d9ab5045: Waiting
720567a4c908: Waiting
3531af2bc2a9: Waiting
cb8c0a9140ac: Waiting
4d873bcef452: Waiting
3fc9d9ab5045: Waiting
720567a4c908: Waiting
40cc0faef9f9: Waiting
40cc0faef9f9: Waiting
3531af2bc2a9: Waiting
cb8c0a9140ac: Waiting
4d873bcef452: Waiting
3fc9d9ab5045: Waiting
720567a4c908: Waiting
4d873bcef452: Waiting
3fc9d9ab5045: Waiting
720567a4c908: Waiting
40cc0faef9f9: Waiting
cb8c0a9140ac: Waiting
3fc9d9ab5045: Pushed
720567a4c908: Pushed
40cc0faef9f9: Pushed
cb8c0a9140ac: Pushed
4d873bcef452: Pushed
3531af2bc2a9: Pushed
cpu-poc-20260425161351: digest: sha256:0ef7805101e7df470e42baccddceeddf7959f214d30903c7f8aea65ce1e53cbd size: 1617
The push refers to repository [288552132534.dkr.ecr.us-east-1.amazonaws.com/hivemind-poc]
4874c88dd118: Waiting
c8393d760826: Waiting
cb00ecd0a8d2: Waiting
4f4fb700ef54: Waiting
762bedf4b1b7: Waiting
93b49a9626b7: Waiting
98388d1e34bc: Waiting
4874c88dd118: Waiting
c8393d760826: Waiting
cb00ecd0a8d2: Waiting
4f4fb700ef54: Waiting
762bedf4b1b7: Waiting
93b49a9626b7: Waiting
98388d1e34bc: Waiting
4874c88dd118: Waiting
c8393d760826: Waiting
cb00ecd0a8d2: Waiting
4f4fb700ef54: Waiting
762bedf4b1b7: Waiting
93b49a9626b7: Waiting
98388d1e34bc: Waiting
4f4fb700ef54: Waiting
cb00ecd0a8d2: Pushed
4f4fb700ef54: Pushed
98388d1e34bc: Pushed
4874c88dd118: Pushed
93b49a9626b7: Pushed
762bedf4b1b7: Pushed
c8393d760826: Pushed
gpu-poc-20260425161351: digest: sha256:a7d6d5d16403e1733cf07d130dc4b58242c8658227f07560a989a59d2039b6aa size: 1861
CPU_IMAGE=288552132534.dkr.ecr.us-east-1.amazonaws.com/hivemind-poc:cpu-poc-20260425161351
GPU_IMAGE=288552132534.dkr.ecr.us-east-1.amazonaws.com/hivemind-poc:gpu-poc-20260425161351
image_env=/Users/elijahrou/Projects/hivemind/v1/artifacts/poc-final/00-runbook/images-poc-20260425161351.env

=== 3. Deploy Hivemind binaries/services ===
==> Building Zig replica (linux-x86_64)...
==> Building Rust worker (linux-x86_64)...
    using cargo-zigbuild (cargo-zigbuild 0.22.2, zig 0.16.0)
   Compiling proc-macro2 v1.0.106
   Compiling unicode-ident v1.0.24
   Compiling quote v1.0.45
   Compiling cfg-if v1.0.4
   Compiling libc v0.2.183
   Compiling version_check v0.9.5
   Compiling typenum v1.19.0
   Compiling stable_deref_trait v1.2.1
   Compiling subtle v2.6.1
   Compiling zeroize v1.8.2
   Compiling shlex v1.3.0
   Compiling writeable v0.6.2
   Compiling find-msvc-tools v0.1.9
   Compiling generic-array v0.14.7
   Compiling litemap v0.8.2
   Compiling cc v1.2.58
   Compiling icu_properties_data v2.2.0
   Compiling icu_normalizer_data v2.2.0
   Compiling utf8_iter v1.0.4
   Compiling rustls-pki-types v1.14.0
   Compiling ring v0.17.14
   Compiling serde_core v1.0.228
   Compiling strsim v0.11.1
   Compiling fnv v1.0.7
   Compiling smallvec v1.15.1
   Compiling ident_case v1.0.1
   Compiling crc32fast v1.5.0
   Compiling block-buffer v0.10.4
   Compiling untrusted v0.9.0
   Compiling zmij v1.0.21
   Compiling cpufeatures v0.2.17
   Compiling inout v0.1.4
   Compiling getrandom v0.2.17
   Compiling serde_json v1.0.149
   Compiling syn v2.0.117
   Compiling rand_core v0.6.4
   Compiling percent-encoding v2.3.2
   Compiling simd-adler32 v0.3.9
   Compiling crypto-common v0.1.7
   Compiling digest v0.10.7
   Compiling adler2 v2.0.1
   Compiling thiserror v1.0.69
   Compiling rustls v0.23.37
   Compiling serde v1.0.228
   Compiling miniz_oxide v0.8.9
   Compiling universal-hash v0.5.1
   Compiling cipher v0.4.4
   Compiling form_urlencoded v1.2.2
   Compiling webpki-roots v1.0.6
   Compiling libloading v0.8.9
   Compiling once_cell v1.21.4
   Compiling log v0.4.29
   Compiling memchr v2.8.0
   Compiling itoa v1.0.18
   Compiling opaque-debug v0.3.1
   Compiling poly1305 v0.8.0
   Compiling nvml-wrapper-sys v0.8.0
   Compiling flate2 v1.1.9
   Compiling webpki-roots v0.26.11
   Compiling chacha20 v0.9.1
   Compiling hmac v0.12.1
   Compiling aead v0.5.2
   Compiling static_assertions v1.1.0
   Compiling base64 v0.22.1
   Compiling bitflags v2.11.0
   Compiling chacha20poly1305 v0.10.1
   Compiling hkdf v0.12.4
   Compiling sha2 v0.10.9
   Compiling synstructure v0.13.2
   Compiling darling_core v0.20.11
   Compiling zerofrom-derive v0.1.7
   Compiling yoke-derive v0.8.2
   Compiling zerovec-derive v0.11.3
   Compiling displaydoc v0.2.5
   Compiling thiserror-impl v1.0.69
   Compiling darling_macro v0.20.11
   Compiling zerofrom v0.1.7
   Compiling darling v0.20.11
   Compiling yoke v0.8.2
   Compiling wrapcenum-derive v0.4.1
   Compiling nvml-wrapper v0.10.0
   Compiling zerovec v0.11.6
   Compiling zerotrie v0.2.4
   Compiling tinystr v0.8.3
   Compiling potential_utf v0.1.5
   Compiling icu_locale_core v2.2.0
   Compiling icu_collections v2.2.0
   Compiling icu_provider v2.2.0
   Compiling icu_normalizer v2.2.0
   Compiling icu_properties v2.2.0
   Compiling idna_adapter v1.2.1
   Compiling idna v1.1.0
   Compiling url v2.5.8
   Compiling rustls-webpki v0.103.10
   Compiling ureq v2.12.1
   Compiling hivemind-worker v0.1.0 (/Users/elijahrou/Projects/hivemind/v1/worker)
warning: constant `MSG_REGISTER_ACK` is never used
 --> src/protocol.rs:8:7
  |
8 | const MSG_REGISTER_ACK: u8 = 0x01;
  |       ^^^^^^^^^^^^^^^^
  |
  = note: `#[warn(dead_code)]` (part of `#[warn(unused)]`) on by default

warning: `hivemind-worker` (lib) generated 1 warning
    Finished `release` profile [optimized] target(s) in 18.85s
==> Building Go API (linux-x86_64)...
==> Reading Terraform outputs...
    Replicas: 172.31.69.253 172.31.72.44 172.31.68.72 172.31.78.51 172.31.68.96
    Worker CPU: 172.31.73.151
    Worker GPU: 172.31.77.233
    Peers: 0@172.31.69.253:9102,1@172.31.72.44:9102,2@172.31.68.72:9102,3@172.31.78.51:9102,4@172.31.68.96:9102
    API addrs: 172.31.69.253:9001,172.31.72.44:9001,172.31.68.72:9001,172.31.78.51:9001,172.31.68.96:9001
==> Deploying replica 0 to 100.31.135.9 (172.31.69.253)...
Warning: Permanently added '100.31.135.9' (ED25519) to the list of known hosts.
Warning: Permanently added '100.31.135.9' (ED25519) to the list of known hosts.
Warning: Permanently added '100.31.135.9' (ED25519) to the list of known hosts.
Warning: Permanently added '100.31.135.9' (ED25519) to the list of known hosts.
Warning: Permanently added '100.31.135.9' (ED25519) to the list of known hosts.
Created symlink /etc/systemd/system/multi-user.target.wants/hivemind.service → /etc/systemd/system/hivemind.service.
Created symlink /etc/systemd/system/multi-user.target.wants/hivemind-api.service → /etc/systemd/system/hivemind-api.service.
    replica 0 started
==> Deploying replica 1 to 98.82.138.130 (172.31.72.44)...
Warning: Permanently added '98.82.138.130' (ED25519) to the list of known hosts.
Warning: Permanently added '98.82.138.130' (ED25519) to the list of known hosts.
Warning: Permanently added '98.82.138.130' (ED25519) to the list of known hosts.
Warning: Permanently added '98.82.138.130' (ED25519) to the list of known hosts.
Warning: Permanently added '98.82.138.130' (ED25519) to the list of known hosts.
Created symlink /etc/systemd/system/multi-user.target.wants/hivemind.service → /etc/systemd/system/hivemind.service.
Created symlink /etc/systemd/system/multi-user.target.wants/hivemind-api.service → /etc/systemd/system/hivemind-api.service.
    replica 1 started
==> Deploying replica 2 to 100.54.99.227 (172.31.68.72)...
Warning: Permanently added '100.54.99.227' (ED25519) to the list of known hosts.
Warning: Permanently added '100.54.99.227' (ED25519) to the list of known hosts.
Warning: Permanently added '100.54.99.227' (ED25519) to the list of known hosts.
Warning: Permanently added '100.54.99.227' (ED25519) to the list of known hosts.
Warning: Permanently added '100.54.99.227' (ED25519) to the list of known hosts.
Created symlink /etc/systemd/system/multi-user.target.wants/hivemind.service → /etc/systemd/system/hivemind.service.
Created symlink /etc/systemd/system/multi-user.target.wants/hivemind-api.service → /etc/systemd/system/hivemind-api.service.
    replica 2 started
==> Deploying replica 3 to 3.236.99.146 (172.31.78.51)...
Warning: Permanently added '3.236.99.146' (ED25519) to the list of known hosts.
Warning: Permanently added '3.236.99.146' (ED25519) to the list of known hosts.
Warning: Permanently added '3.236.99.146' (ED25519) to the list of known hosts.
Warning: Permanently added '3.236.99.146' (ED25519) to the list of known hosts.
Warning: Permanently added '3.236.99.146' (ED25519) to the list of known hosts.
Created symlink /etc/systemd/system/multi-user.target.wants/hivemind.service → /etc/systemd/system/hivemind.service.
Created symlink /etc/systemd/system/multi-user.target.wants/hivemind-api.service → /etc/systemd/system/hivemind-api.service.
    replica 3 started
==> Deploying replica 4 to 44.221.59.24 (172.31.68.96)...
Warning: Permanently added '44.221.59.24' (ED25519) to the list of known hosts.
Warning: Permanently added '44.221.59.24' (ED25519) to the list of known hosts.
Warning: Permanently added '44.221.59.24' (ED25519) to the list of known hosts.
Warning: Permanently added '44.221.59.24' (ED25519) to the list of known hosts.
Warning: Permanently added '44.221.59.24' (ED25519) to the list of known hosts.
Created symlink /etc/systemd/system/multi-user.target.wants/hivemind.service → /etc/systemd/system/hivemind.service.
Created symlink /etc/systemd/system/multi-user.target.wants/hivemind-api.service → /etc/systemd/system/hivemind-api.service.
    replica 4 started
==> Waiting 10s for leader election...
==> Deploying worker (cpu) to 3.235.244.125...
Warning: Permanently added '3.235.244.125' (ED25519) to the list of known hosts.
Warning: Permanently added '3.235.244.125' (ED25519) to the list of known hosts.
Warning: Permanently added '3.235.244.125' (ED25519) to the list of known hosts.
Warning: Permanently added '3.235.244.125' (ED25519) to the list of known hosts.
Created symlink /etc/systemd/system/multi-user.target.wants/hivemind-worker.service → /etc/systemd/system/hivemind-worker.service.
    worker (cpu) started
==> Deploying worker (gpu) to 3.235.140.47...
Warning: Permanently added '3.235.140.47' (ED25519) to the list of known hosts.
Warning: Permanently added '3.235.140.47' (ED25519) to the list of known hosts.
Warning: Permanently added '3.235.140.47' (ED25519) to the list of known hosts.
Warning: Permanently added '3.235.140.47' (ED25519) to the list of known hosts.
Created symlink /etc/systemd/system/multi-user.target.wants/hivemind-worker.service → /etc/systemd/system/hivemind-worker.service.
    worker (gpu) started

=== POC Deployment Complete ===
Replica IPs:  100.31.135.9 98.82.138.130 100.54.99.227 3.236.99.146 44.221.59.24
Worker CPU:    3.235.244.125
Worker GPU:    3.235.140.47
API:          http://100.31.135.9:8080/v1/health
Dashboard:    http://100.31.135.9:8080/dashboard
Smoke:        ./smoke-test.sh http://100.31.135.9:8080 --gpu-worker 3.235.140.47 --ssh-key /Users/elijahrou/.ssh/id_ed25519 --gpu-type t4

=== 4. Fresh Hivemind smoke ===
=== Hivemind POC Smoke Test ===
API: http://100.31.135.9:8080
GPU worker: 3.235.140.47 (t4)

[1/11] Health check...
  PASS: health endpoint responds
[2/11] Dashboard check...
  PASS: dashboard returns 200
[3/11] Cluster state...
  PASS: cluster section renders
[4/11] Nodes check...
  PASS: nodes section renders
  PASS: gpu node visible
[5/11] Workers check...
  PASS: workers section renders
  PASS: gpu worker visible
[6/11] Remote GPU checks...
  PASS: gpu worker has nvidia-smi (attempt 1)
  PASS: gpu worker has containerd (attempt 1)
[7/11] Create CPU deployment...
  PASS: cpu deployment created
    Response: {"id":11177516664432764457,"name":"smoke-cpu-1777148996-8143"}
    waiting for cpu deployment on dashboard...
  PASS: cpu deployment visible (attempt 1)
  PASS: cpu deployment ready (attempt 1)
    waiting for run response... (1/12)
    waiting for run response... (2/12)
  PASS: cpu run request echoes payload (attempt 3)
[8/11] Create GPU deployment...
  PASS: gpu deployment created
    Response: {"id":9659130143999365733,"name":"smoke-gpu-1777148996-8143"}
    waiting for gpu deployment on dashboard...
  PASS: gpu deployment visible (attempt 1)
  PASS: gpu deployment ready (attempt 1)
    waiting for run response... (1/24)
    waiting for run response... (2/24)
  PASS: gpu run request echoes payload (attempt 3)
[9/11] Remote GPU runtime proof...
  PASS: gpu worker task list has hivemind pod (attempt 1)
  PASS: gpu worker container uses nvidia runtime (attempt 1)
[10/11] Deployments check...
  PASS: cpu deployment listed
  PASS: gpu deployment listed
[11/11] Pods check...
  PASS: pods section renders

=== Results: 22 passed, 0 failed ===

=== 5. Section 3 real workload validation ===
{"id":11693034620340510321,"name":"poc-cpu-1777149086"}
ready: poc-cpu-1777149086 attempt=1
curl: (22) The requested URL returned error: 502

=== Exit teardown ===

=== Destroy isolated EKS baseline ===
[0m[1mInitializing the backend...[0m
[0m[1mInitializing provider plugins...[0m
- Reusing previous version of hashicorp/aws from the dependency lock file
- Using previously-installed hashicorp/aws v5.100.0

[0m[1m[32mTerraform has been successfully initialized![0m[32m[0m
[0m[32m
You may now begin working with Terraform. Try running "terraform plan" to see
any changes that are required for your infrastructure. All Terraform commands
should now work.

If you ever set or change modules or backend configuration for Terraform,
rerun this command to reinitialize your working directory. If you forget, other
commands will detect it and remind you to do so if necessary.[0m

[0m[1m[32mNo changes.[0m[1m No objects need to be destroyed.[0m

[0mEither you have not created any objects yet or the existing objects were
already deleted outside of Terraform.
[0m[1m[32m
Destroy complete! Resources: 0 destroyed.[0m

=== Destroy isolated Hivemind POC infra ===
[0m[1mInitializing the backend...[0m
[0m[1mInitializing provider plugins...[0m
- Reusing previous version of hashicorp/aws from the dependency lock file
- Using previously-installed hashicorp/aws v5.100.0

[0m[1m[32mTerraform has been successfully initialized![0m[32m[0m
[0m[32m
You may now begin working with Terraform. Try running "terraform plan" to see
any changes that are required for your infrastructure. All Terraform commands
should now work.

If you ever set or change modules or backend configuration for Terraform,
rerun this command to reinitialize your working directory. If you forget, other
commands will detect it and remind you to do so if necessary.[0m
[0m[1maws_ecr_repository.workloads: Refreshing state... [id=hivemind-poc][0m
[0m[1maws_key_pair.poc: Refreshing state... [id=hivemind-poc-deployer][0m
[0m[1maws_security_group.hivemind: Refreshing state... [id=sg-069b0317965236048][0m
[0m[1maws_instance.worker_cpu: Refreshing state... [id=i-0823f3bee2a528950][0m
[0m[1maws_instance.worker_gpu: Refreshing state... [id=i-0bacb62f6c7ed8cae][0m
[0m[1maws_instance.replica[3]: Refreshing state... [id=i-052bf63f6a126a24f][0m
[0m[1maws_instance.replica[4]: Refreshing state... [id=i-0390785834e1ff303][0m
[0m[1maws_instance.replica[0]: Refreshing state... [id=i-06faa969a57660941][0m
[0m[1maws_instance.replica[1]: Refreshing state... [id=i-0cb6ff00f7954d5f8][0m
[0m[1maws_instance.replica[2]: Refreshing state... [id=i-09a7bd2035fb1525c][0m

Terraform used the selected providers to generate the following execution
plan. Resource actions are indicated with the following symbols:
  [31m-[0m destroy[0m

Terraform will perform the following actions:

[1m  # aws_ecr_repository.workloads[0m will be [1m[31mdestroyed[0m
[0m  [31m-[0m[0m resource "aws_ecr_repository" "workloads" {
      [31m-[0m[0m arn                  = "arn:aws:ecr:us-east-1:288552132534:repository/hivemind-poc" [90m-> null[0m[0m
      [31m-[0m[0m force_delete         = true [90m-> null[0m[0m
      [31m-[0m[0m id                   = "hivemind-poc" [90m-> null[0m[0m
      [31m-[0m[0m image_tag_mutability = "MUTABLE" [90m-> null[0m[0m
      [31m-[0m[0m name                 = "hivemind-poc" [90m-> null[0m[0m
      [31m-[0m[0m registry_id          = "288552132534" [90m-> null[0m[0m
      [31m-[0m[0m repository_url       = "288552132534.dkr.ecr.us-east-1.amazonaws.com/hivemind-poc" [90m-> null[0m[0m
      [31m-[0m[0m tags                 = {
          [31m-[0m[0m "Name" = "hivemind-poc-workloads"
        } [90m-> null[0m[0m
      [31m-[0m[0m tags_all             = {
          [31m-[0m[0m "Name" = "hivemind-poc-workloads"
        } [90m-> null[0m[0m

      [31m-[0m[0m encryption_configuration {
          [31m-[0m[0m encryption_type = "AES256" [90m-> null[0m[0m
            [90m# (1 unchanged attribute hidden)[0m[0m
        }

      [31m-[0m[0m image_scanning_configuration {
          [31m-[0m[0m scan_on_push = false [90m-> null[0m[0m
        }
    }

[1m  # aws_instance.replica[0][0m will be [1m[31mdestroyed[0m
[0m  [31m-[0m[0m resource "aws_instance" "replica" {
      [31m-[0m[0m ami                                  = "ami-098e39bafa7e7303d" [90m-> null[0m[0m
      [31m-[0m[0m arn                                  = "arn:aws:ec2:us-east-1:288552132534:instance/i-06faa969a57660941" [90m-> null[0m[0m
      [31m-[0m[0m associate_public_ip_address          = true [90m-> null[0m[0m
      [31m-[0m[0m availability_zone                    = "us-east-1f" [90m-> null[0m[0m
      [31m-[0m[0m cpu_core_count                       = 2 [90m-> null[0m[0m
      [31m-[0m[0m cpu_threads_per_core                 = 2 [90m-> null[0m[0m
      [31m-[0m[0m disable_api_stop                     = false [90m-> null[0m[0m
      [31m-[0m[0m disable_api_termination              = false [90m-> null[0m[0m
      [31m-[0m[0m ebs_optimized                        = false [90m-> null[0m[0m
      [31m-[0m[0m get_password_data                    = false [90m-> null[0m[0m
      [31m-[0m[0m hibernation                          = false [90m-> null[0m[0m
      [31m-[0m[0m id                                   = "i-06faa969a57660941" [90m-> null[0m[0m
      [31m-[0m[0m instance_initiated_shutdown_behavior = "stop" [90m-> null[0m[0m
      [31m-[0m[0m instance_state                       = "running" [90m-> null[0m[0m
      [31m-[0m[0m instance_type                        = "c5.xlarge" [90m-> null[0m[0m
      [31m-[0m[0m ipv6_address_count                   = 0 [90m-> null[0m[0m
      [31m-[0m[0m ipv6_addresses                       = [] [90m-> null[0m[0m
      [31m-[0m[0m key_name                             = "hivemind-poc-deployer" [90m-> null[0m[0m
      [31m-[0m[0m monitoring                           = false [90m-> null[0m[0m
      [31m-[0m[0m placement_partition_number           = 0 [90m-> null[0m[0m
      [31m-[0m[0m primary_network_interface_id         = "eni-06bdd8187080c66f5" [90m-> null[0m[0m
      [31m-[0m[0m private_dns                          = "ip-172-31-69-253.ec2.internal" [90m-> null[0m[0m
      [31m-[0m[0m private_ip                           = "172.31.69.253" [90m-> null[0m[0m
      [31m-[0m[0m public_dns                           = "ec2-100-31-135-9.compute-1.amazonaws.com" [90m-> null[0m[0m
      [31m-[0m[0m public_ip                            = "100.31.135.9" [90m-> null[0m[0m
      [31m-[0m[0m secondary_private_ips                = [] [90m-> null[0m[0m
      [31m-[0m[0m security_groups                      = [
          [31m-[0m[0m "hivemind-poc-20260425201357612900000001",
        ] [90m-> null[0m[0m
      [31m-[0m[0m source_dest_check                    = true [90m-> null[0m[0m
      [31m-[0m[0m subnet_id                            = "subnet-89d4f687" [90m-> null[0m[0m
      [31m-[0m[0m tags                                 = {
          [31m-[0m[0m "Name" = "hivemind-replica-0"
          [31m-[0m[0m "Role" = "replica"
        } [90m-> null[0m[0m
      [31m-[0m[0m tags_all                             = {
          [31m-[0m[0m "Name" = "hivemind-replica-0"
          [31m-[0m[0m "Role" = "replica"
        } [90m-> null[0m[0m
      [31m-[0m[0m tenancy                              = "default" [90m-> null[0m[0m
      [31m-[0m[0m user_data                            = (sensitive value) [90m-> null[0m[0m
      [31m-[0m[0m user_data_replace_on_change          = false [90m-> null[0m[0m
      [31m-[0m[0m vpc_security_group_ids               = [
          [31m-[0m[0m "sg-069b0317965236048",
        ] [90m-> null[0m[0m
        [90m# (7 unchanged attributes hidden)[0m[0m

      [31m-[0m[0m capacity_reservation_specification {
          [31m-[0m[0m capacity_reservation_preference = "open" [90m-> null[0m[0m
        }

      [31m-[0m[0m cpu_options {
          [31m-[0m[0m core_count       = 2 [90m-> null[0m[0m
          [31m-[0m[0m threads_per_core = 2 [90m-> null[0m[0m
            [90m# (1 unchanged attribute hidden)[0m[0m
        }

      [31m-[0m[0m enclave_options {
          [31m-[0m[0m enabled = false [90m-> null[0m[0m
        }

      [31m-[0m[0m maintenance_options {
          [31m-[0m[0m auto_recovery = "default" [90m-> null[0m[0m
        }

      [31m-[0m[0m metadata_options {
          [31m-[0m[0m http_endpoint               = "enabled" [90m-> null[0m[0m
          [31m-[0m[0m http_protocol_ipv6          = "disabled" [90m-> null[0m[0m
          [31m-[0m[0m http_put_response_hop_limit = 2 [90m-> null[0m[0m
          [31m-[0m[0m http_tokens                 = "required" [90m-> null[0m[0m
          [31m-[0m[0m instance_metadata_tags      = "disabled" [90m-> null[0m[0m
        }

      [31m-[0m[0m private_dns_name_options {
          [31m-[0m[0m enable_resource_name_dns_a_record    = false [90m-> null[0m[0m
          [31m-[0m[0m enable_resource_name_dns_aaaa_record = false [90m-> null[0m[0m
          [31m-[0m[0m hostname_type                        = "ip-name" [90m-> null[0m[0m
        }

      [31m-[0m[0m root_block_device {
          [31m-[0m[0m delete_on_termination = true [90m-> null[0m[0m
          [31m-[0m[0m device_name           = "/dev/xvda" [90m-> null[0m[0m
          [31m-[0m[0m encrypted             = false [90m-> null[0m[0m
          [31m-[0m[0m iops                  = 3000 [90m-> null[0m[0m
          [31m-[0m[0m tags                  = {} [90m-> null[0m[0m
          [31m-[0m[0m tags_all              = {} [90m-> null[0m[0m
          [31m-[0m[0m throughput            = 125 [90m-> null[0m[0m
          [31m-[0m[0m volume_id             = "vol-041e55003743b8a39" [90m-> null[0m[0m
          [31m-[0m[0m volume_size           = 50 [90m-> null[0m[0m
          [31m-[0m[0m volume_type           = "gp3" [90m-> null[0m[0m
            [90m# (1 unchanged attribute hidden)[0m[0m
        }
    }

[1m  # aws_instance.replica[1][0m will be [1m[31mdestroyed[0m
[0m  [31m-[0m[0m resource "aws_instance" "replica" {
      [31m-[0m[0m ami                                  = "ami-098e39bafa7e7303d" [90m-> null[0m[0m
      [31m-[0m[0m arn                                  = "arn:aws:ec2:us-east-1:288552132534:instance/i-0cb6ff00f7954d5f8" [90m-> null[0m[0m
      [31m-[0m[0m associate_public_ip_address          = true [90m-> null[0m[0m
      [31m-[0m[0m availability_zone                    = "us-east-1f" [90m-> null[0m[0m
      [31m-[0m[0m cpu_core_count                       = 2 [90m-> null[0m[0m
      [31m-[0m[0m cpu_threads_per_core                 = 2 [90m-> null[0m[0m
      [31m-[0m[0m disable_api_stop                     = false [90m-> null[0m[0m
      [31m-[0m[0m disable_api_termination              = false [90m-> null[0m[0m
      [31m-[0m[0m ebs_optimized                        = false [90m-> null[0m[0m
      [31m-[0m[0m get_password_data                    = false [90m-> null[0m[0m
      [31m-[0m[0m hibernation                          = false [90m-> null[0m[0m
      [31m-[0m[0m id                                   = "i-0cb6ff00f7954d5f8" [90m-> null[0m[0m
      [31m-[0m[0m instance_initiated_shutdown_behavior = "stop" [90m-> null[0m[0m
      [31m-[0m[0m instance_state                       = "running" [90m-> null[0m[0m
      [31m-[0m[0m instance_type                        = "c5.xlarge" [90m-> null[0m[0m
      [31m-[0m[0m ipv6_address_count                   = 0 [90m-> null[0m[0m
      [31m-[0m[0m ipv6_addresses                       = [] [90m-> null[0m[0m
      [31m-[0m[0m key_name                             = "hivemind-poc-deployer" [90m-> null[0m[0m
      [31m-[0m[0m monitoring                           = false [90m-> null[0m[0m
      [31m-[0m[0m placement_partition_number           = 0 [90m-> null[0m[0m
      [31m-[0m[0m primary_network_interface_id         = "eni-045dd24250579f2ab" [90m-> null[0m[0m
      [31m-[0m[0m private_dns                          = "ip-172-31-72-44.ec2.internal" [90m-> null[0m[0m
      [31m-[0m[0m private_ip                           = "172.31.72.44" [90m-> null[0m[0m
      [31m-[0m[0m public_dns                           = "ec2-98-82-138-130.compute-1.amazonaws.com" [90m-> null[0m[0m
      [31m-[0m[0m public_ip                            = "98.82.138.130" [90m-> null[0m[0m
      [31m-[0m[0m secondary_private_ips                = [] [90m-> null[0m[0m
      [31m-[0m[0m security_groups                      = [
          [31m-[0m[0m "hivemind-poc-20260425201357612900000001",
        ] [90m-> null[0m[0m
      [31m-[0m[0m source_dest_check                    = true [90m-> null[0m[0m
      [31m-[0m[0m subnet_id                            = "subnet-89d4f687" [90m-> null[0m[0m
      [31m-[0m[0m tags                                 = {
          [31m-[0m[0m "Name" = "hivemind-replica-1"
          [31m-[0m[0m "Role" = "replica"
        } [90m-> null[0m[0m
      [31m-[0m[0m tags_all                             = {
          [31m-[0m[0m "Name" = "hivemind-replica-1"
          [31m-[0m[0m "Role" = "replica"
        } [90m-> null[0m[0m
      [31m-[0m[0m tenancy                              = "default" [90m-> null[0m[0m
      [31m-[0m[0m user_data                            = (sensitive value) [90m-> null[0m[0m
      [31m-[0m[0m user_data_replace_on_change          = false [90m-> null[0m[0m
      [31m-[0m[0m vpc_security_group_ids               = [
          [31m-[0m[0m "sg-069b0317965236048",
        ] [90m-> null[0m[0m
        [90m# (7 unchanged attributes hidden)[0m[0m

      [31m-[0m[0m capacity_reservation_specification {
          [31m-[0m[0m capacity_reservation_preference = "open" [90m-> null[0m[0m
        }

      [31m-[0m[0m cpu_options {
          [31m-[0m[0m core_count       = 2 [90m-> null[0m[0m
          [31m-[0m[0m threads_per_core = 2 [90m-> null[0m[0m
            [90m# (1 unchanged attribute hidden)[0m[0m
        }

      [31m-[0m[0m enclave_options {
          [31m-[0m[0m enabled = false [90m-> null[0m[0m
        }

      [31m-[0m[0m maintenance_options {
          [31m-[0m[0m auto_recovery = "default" [90m-> null[0m[0m
        }

      [31m-[0m[0m metadata_options {
          [31m-[0m[0m http_endpoint               = "enabled" [90m-> null[0m[0m
          [31m-[0m[0m http_protocol_ipv6          = "disabled" [90m-> null[0m[0m
          [31m-[0m[0m http_put_response_hop_limit = 2 [90m-> null[0m[0m
          [31m-[0m[0m http_tokens                 = "required" [90m-> null[0m[0m
          [31m-[0m[0m instance_metadata_tags      = "disabled" [90m-> null[0m[0m
        }

      [31m-[0m[0m private_dns_name_options {
          [31m-[0m[0m enable_resource_name_dns_a_record    = false [90m-> null[0m[0m
          [31m-[0m[0m enable_resource_name_dns_aaaa_record = false [90m-> null[0m[0m
          [31m-[0m[0m hostname_type                        = "ip-name" [90m-> null[0m[0m
        }

      [31m-[0m[0m root_block_device {
          [31m-[0m[0m delete_on_termination = true [90m-> null[0m[0m
          [31m-[0m[0m device_name           = "/dev/xvda" [90m-> null[0m[0m
          [31m-[0m[0m encrypted             = false [90m-> null[0m[0m
          [31m-[0m[0m iops                  = 3000 [90m-> null[0m[0m
          [31m-[0m[0m tags                  = {} [90m-> null[0m[0m
          [31m-[0m[0m tags_all              = {} [90m-> null[0m[0m
          [31m-[0m[0m throughput            = 125 [90m-> null[0m[0m
          [31m-[0m[0m volume_id             = "vol-0ae9cbdb984f454e8" [90m-> null[0m[0m
          [31m-[0m[0m volume_size           = 50 [90m-> null[0m[0m
          [31m-[0m[0m volume_type           = "gp3" [90m-> null[0m[0m
            [90m# (1 unchanged attribute hidden)[0m[0m
        }
    }

[1m  # aws_instance.replica[2][0m will be [1m[31mdestroyed[0m
[0m  [31m-[0m[0m resource "aws_instance" "replica" {
      [31m-[0m[0m ami                                  = "ami-098e39bafa7e7303d" [90m-> null[0m[0m
      [31m-[0m[0m arn                                  = "arn:aws:ec2:us-east-1:288552132534:instance/i-09a7bd2035fb1525c" [90m-> null[0m[0m
      [31m-[0m[0m associate_public_ip_address          = true [90m-> null[0m[0m
      [31m-[0m[0m availability_zone                    = "us-east-1f" [90m-> null[0m[0m
      [31m-[0m[0m cpu_core_count                       = 2 [90m-> null[0m[0m
      [31m-[0m[0m cpu_threads_per_core                 = 2 [90m-> null[0m[0m
      [31m-[0m[0m disable_api_stop                     = false [90m-> null[0m[0m
      [31m-[0m[0m disable_api_termination              = false [90m-> null[0m[0m
      [31m-[0m[0m ebs_optimized                        = false [90m-> null[0m[0m
      [31m-[0m[0m get_password_data                    = false [90m-> null[0m[0m
      [31m-[0m[0m hibernation                          = false [90m-> null[0m[0m
      [31m-[0m[0m id                                   = "i-09a7bd2035fb1525c" [90m-> null[0m[0m
      [31m-[0m[0m instance_initiated_shutdown_behavior = "stop" [90m-> null[0m[0m
      [31m-[0m[0m instance_state                       = "running" [90m-> null[0m[0m
      [31m-[0m[0m instance_type                        = "c5.xlarge" [90m-> null[0m[0m
      [31m-[0m[0m ipv6_address_count                   = 0 [90m-> null[0m[0m
      [31m-[0m[0m ipv6_addresses                       = [] [90m-> null[0m[0m
      [31m-[0m[0m key_name                             = "hivemind-poc-deployer" [90m-> null[0m[0m
      [31m-[0m[0m monitoring                           = false [90m-> null[0m[0m
      [31m-[0m[0m placement_partition_number           = 0 [90m-> null[0m[0m
      [31m-[0m[0m primary_network_interface_id         = "eni-083e2ca82abe9072a" [90m-> null[0m[0m
      [31m-[0m[0m private_dns                          = "ip-172-31-68-72.ec2.internal" [90m-> null[0m[0m
      [31m-[0m[0m private_ip                           = "172.31.68.72" [90m-> null[0m[0m
      [31m-[0m[0m public_dns                           = "ec2-100-54-99-227.compute-1.amazonaws.com" [90m-> null[0m[0m
      [31m-[0m[0m public_ip                            = "100.54.99.227" [90m-> null[0m[0m
      [31m-[0m[0m secondary_private_ips                = [] [90m-> null[0m[0m
      [31m-[0m[0m security_groups                      = [
          [31m-[0m[0m "hivemind-poc-20260425201357612900000001",
        ] [90m-> null[0m[0m
      [31m-[0m[0m source_dest_check                    = true [90m-> null[0m[0m
      [31m-[0m[0m subnet_id                            = "subnet-89d4f687" [90m-> null[0m[0m
      [31m-[0m[0m tags                                 = {
          [31m-[0m[0m "Name" = "hivemind-replica-2"
          [31m-[0m[0m "Role" = "replica"
        } [90m-> null[0m[0m
      [31m-[0m[0m tags_all                             = {
          [31m-[0m[0m "Name" = "hivemind-replica-2"
          [31m-[0m[0m "Role" = "replica"
        } [90m-> null[0m[0m
      [31m-[0m[0m tenancy                              = "default" [90m-> null[0m[0m
      [31m-[0m[0m user_data                            = (sensitive value) [90m-> null[0m[0m
      [31m-[0m[0m user_data_replace_on_change          = false [90m-> null[0m[0m
      [31m-[0m[0m vpc_security_group_ids               = [
          [31m-[0m[0m "sg-069b0317965236048",
        ] [90m-> null[0m[0m
        [90m# (7 unchanged attributes hidden)[0m[0m

      [31m-[0m[0m capacity_reservation_specification {
          [31m-[0m[0m capacity_reservation_preference = "open" [90m-> null[0m[0m
        }

      [31m-[0m[0m cpu_options {
          [31m-[0m[0m core_count       = 2 [90m-> null[0m[0m
          [31m-[0m[0m threads_per_core = 2 [90m-> null[0m[0m
            [90m# (1 unchanged attribute hidden)[0m[0m
        }

      [31m-[0m[0m enclave_options {
          [31m-[0m[0m enabled = false [90m-> null[0m[0m
        }

      [31m-[0m[0m maintenance_options {
          [31m-[0m[0m auto_recovery = "default" [90m-> null[0m[0m
        }

      [31m-[0m[0m metadata_options {
          [31m-[0m[0m http_endpoint               = "enabled" [90m-> null[0m[0m
          [31m-[0m[0m http_protocol_ipv6          = "disabled" [90m-> null[0m[0m
          [31m-[0m[0m http_put_response_hop_limit = 2 [90m-> null[0m[0m
          [31m-[0m[0m http_tokens                 = "required" [90m-> null[0m[0m
          [31m-[0m[0m instance_metadata_tags      = "disabled" [90m-> null[0m[0m
        }

      [31m-[0m[0m private_dns_name_options {
          [31m-[0m[0m enable_resource_name_dns_a_record    = false [90m-> null[0m[0m
          [31m-[0m[0m enable_resource_name_dns_aaaa_record = false [90m-> null[0m[0m
          [31m-[0m[0m hostname_type                        = "ip-name" [90m-> null[0m[0m
        }

      [31m-[0m[0m root_block_device {
          [31m-[0m[0m delete_on_termination = true [90m-> null[0m[0m
          [31m-[0m[0m device_name           = "/dev/xvda" [90m-> null[0m[0m
          [31m-[0m[0m encrypted             = false [90m-> null[0m[0m
          [31m-[0m[0m iops                  = 3000 [90m-> null[0m[0m
          [31m-[0m[0m tags                  = {} [90m-> null[0m[0m
          [31m-[0m[0m tags_all              = {} [90m-> null[0m[0m
          [31m-[0m[0m throughput            = 125 [90m-> null[0m[0m
          [31m-[0m[0m volume_id             = "vol-0fc3566a3f70d0667" [90m-> null[0m[0m
          [31m-[0m[0m volume_size           = 50 [90m-> null[0m[0m
          [31m-[0m[0m volume_type           = "gp3" [90m-> null[0m[0m
            [90m# (1 unchanged attribute hidden)[0m[0m
        }
    }

[1m  # aws_instance.replica[3][0m will be [1m[31mdestroyed[0m
[0m  [31m-[0m[0m resource "aws_instance" "replica" {
      [31m-[0m[0m ami                                  = "ami-098e39bafa7e7303d" [90m-> null[0m[0m
      [31m-[0m[0m arn                                  = "arn:aws:ec2:us-east-1:288552132534:instance/i-052bf63f6a126a24f" [90m-> null[0m[0m
      [31m-[0m[0m associate_public_ip_address          = true [90m-> null[0m[0m
      [31m-[0m[0m availability_zone                    = "us-east-1f" [90m-> null[0m[0m
      [31m-[0m[0m cpu_core_count                       = 2 [90m-> null[0m[0m
      [31m-[0m[0m cpu_threads_per_core                 = 2 [90m-> null[0m[0m
      [31m-[0m[0m disable_api_stop                     = false [90m-> null[0m[0m
      [31m-[0m[0m disable_api_termination              = false [90m-> null[0m[0m
      [31m-[0m[0m ebs_optimized                        = false [90m-> null[0m[0m
      [31m-[0m[0m get_password_data                    = false [90m-> null[0m[0m
      [31m-[0m[0m hibernation                          = false [90m-> null[0m[0m
      [31m-[0m[0m id                                   = "i-052bf63f6a126a24f" [90m-> null[0m[0m
      [31m-[0m[0m instance_initiated_shutdown_behavior = "stop" [90m-> null[0m[0m
      [31m-[0m[0m instance_state                       = "running" [90m-> null[0m[0m
      [31m-[0m[0m instance_type                        = "c5.xlarge" [90m-> null[0m[0m
      [31m-[0m[0m ipv6_address_count                   = 0 [90m-> null[0m[0m
      [31m-[0m[0m ipv6_addresses                       = [] [90m-> null[0m[0m
      [31m-[0m[0m key_name                             = "hivemind-poc-deployer" [90m-> null[0m[0m
      [31m-[0m[0m monitoring                           = false [90m-> null[0m[0m
      [31m-[0m[0m placement_partition_number           = 0 [90m-> null[0m[0m
      [31m-[0m[0m primary_network_interface_id         = "eni-0bce41f0995c95d04" [90m-> null[0m[0m
      [31m-[0m[0m private_dns                          = "ip-172-31-78-51.ec2.internal" [90m-> null[0m[0m
      [31m-[0m[0m private_ip                           = "172.31.78.51" [90m-> null[0m[0m
      [31m-[0m[0m public_dns                           = "ec2-3-236-99-146.compute-1.amazonaws.com" [90m-> null[0m[0m
      [31m-[0m[0m public_ip                            = "3.236.99.146" [90m-> null[0m[0m
      [31m-[0m[0m secondary_private_ips                = [] [90m-> null[0m[0m
      [31m-[0m[0m security_groups                      = [
          [31m-[0m[0m "hivemind-poc-20260425201357612900000001",
        ] [90m-> null[0m[0m
      [31m-[0m[0m source_dest_check                    = true [90m-> null[0m[0m
      [31m-[0m[0m subnet_id                            = "subnet-89d4f687" [90m-> null[0m[0m
      [31m-[0m[0m tags                                 = {
          [31m-[0m[0m "Name" = "hivemind-replica-3"
          [31m-[0m[0m "Role" = "replica"
        } [90m-> null[0m[0m
      [31m-[0m[0m tags_all                             = {
          [31m-[0m[0m "Name" = "hivemind-replica-3"
          [31m-[0m[0m "Role" = "replica"
        } [90m-> null[0m[0m
      [31m-[0m[0m tenancy                              = "default" [90m-> null[0m[0m
      [31m-[0m[0m user_data                            = (sensitive value) [90m-> null[0m[0m
      [31m-[0m[0m user_data_replace_on_change          = false [90m-> null[0m[0m
      [31m-[0m[0m vpc_security_group_ids               = [
          [31m-[0m[0m "sg-069b0317965236048",
        ] [90m-> null[0m[0m
        [90m# (7 unchanged attributes hidden)[0m[0m

      [31m-[0m[0m capacity_reservation_specification {
          [31m-[0m[0m capacity_reservation_preference = "open" [90m-> null[0m[0m
        }

      [31m-[0m[0m cpu_options {
          [31m-[0m[0m core_count       = 2 [90m-> null[0m[0m
          [31m-[0m[0m threads_per_core = 2 [90m-> null[0m[0m
            [90m# (1 unchanged attribute hidden)[0m[0m
        }

      [31m-[0m[0m enclave_options {
          [31m-[0m[0m enabled = false [90m-> null[0m[0m
        }

      [31m-[0m[0m maintenance_options {
          [31m-[0m[0m auto_recovery = "default" [90m-> null[0m[0m
        }

      [31m-[0m[0m metadata_options {
          [31m-[0m[0m http_endpoint               = "enabled" [90m-> null[0m[0m
          [31m-[0m[0m http_protocol_ipv6          = "disabled" [90m-> null[0m[0m
          [31m-[0m[0m http_put_response_hop_limit = 2 [90m-> null[0m[0m
          [31m-[0m[0m http_tokens                 = "required" [90m-> null[0m[0m
          [31m-[0m[0m instance_metadata_tags      = "disabled" [90m-> null[0m[0m
        }

      [31m-[0m[0m private_dns_name_options {
          [31m-[0m[0m enable_resource_name_dns_a_record    = false [90m-> null[0m[0m
          [31m-[0m[0m enable_resource_name_dns_aaaa_record = false [90m-> null[0m[0m
          [31m-[0m[0m hostname_type                        = "ip-name" [90m-> null[0m[0m
        }

      [31m-[0m[0m root_block_device {
          [31m-[0m[0m delete_on_termination = true [90m-> null[0m[0m
          [31m-[0m[0m device_name           = "/dev/xvda" [90m-> null[0m[0m
          [31m-[0m[0m encrypted             = false [90m-> null[0m[0m
          [31m-[0m[0m iops                  = 3000 [90m-> null[0m[0m
          [31m-[0m[0m tags                  = {} [90m-> null[0m[0m
          [31m-[0m[0m tags_all              = {} [90m-> null[0m[0m
          [31m-[0m[0m throughput            = 125 [90m-> null[0m[0m
          [31m-[0m[0m volume_id             = "vol-0352c82e0117387a1" [90m-> null[0m[0m
          [31m-[0m[0m volume_size           = 50 [90m-> null[0m[0m
          [31m-[0m[0m volume_type           = "gp3" [90m-> null[0m[0m
            [90m# (1 unchanged attribute hidden)[0m[0m
        }
    }

[1m  # aws_instance.replica[4][0m will be [1m[31mdestroyed[0m
[0m  [31m-[0m[0m resource "aws_instance" "replica" {
      [31m-[0m[0m ami                                  = "ami-098e39bafa7e7303d" [90m-> null[0m[0m
      [31m-[0m[0m arn                                  = "arn:aws:ec2:us-east-1:288552132534:instance/i-0390785834e1ff303" [90m-> null[0m[0m
      [31m-[0m[0m associate_public_ip_address          = true [90m-> null[0m[0m
      [31m-[0m[0m availability_zone                    = "us-east-1f" [90m-> null[0m[0m
      [31m-[0m[0m cpu_core_count                       = 2 [90m-> null[0m[0m
      [31m-[0m[0m cpu_threads_per_core                 = 2 [90m-> null[0m[0m
      [31m-[0m[0m disable_api_stop                     = false [90m-> null[0m[0m
      [31m-[0m[0m disable_api_termination              = false [90m-> null[0m[0m
      [31m-[0m[0m ebs_optimized                        = false [90m-> null[0m[0m
      [31m-[0m[0m get_password_data                    = false [90m-> null[0m[0m
      [31m-[0m[0m hibernation                          = false [90m-> null[0m[0m
      [31m-[0m[0m id                                   = "i-0390785834e1ff303" [90m-> null[0m[0m
      [31m-[0m[0m instance_initiated_shutdown_behavior = "stop" [90m-> null[0m[0m
      [31m-[0m[0m instance_state                       = "running" [90m-> null[0m[0m
      [31m-[0m[0m instance_type                        = "c5.xlarge" [90m-> null[0m[0m
      [31m-[0m[0m ipv6_address_count                   = 0 [90m-> null[0m[0m
      [31m-[0m[0m ipv6_addresses                       = [] [90m-> null[0m[0m
      [31m-[0m[0m key_name                             = "hivemind-poc-deployer" [90m-> null[0m[0m
      [31m-[0m[0m monitoring                           = false [90m-> null[0m[0m
      [31m-[0m[0m placement_partition_number           = 0 [90m-> null[0m[0m
      [31m-[0m[0m primary_network_interface_id         = "eni-01c68739fab5b27ac" [90m-> null[0m[0m
      [31m-[0m[0m private_dns                          = "ip-172-31-68-96.ec2.internal" [90m-> null[0m[0m
      [31m-[0m[0m private_ip                           = "172.31.68.96" [90m-> null[0m[0m
      [31m-[0m[0m public_dns                           = "ec2-44-221-59-24.compute-1.amazonaws.com" [90m-> null[0m[0m
      [31m-[0m[0m public_ip                            = "44.221.59.24" [90m-> null[0m[0m
      [31m-[0m[0m secondary_private_ips                = [] [90m-> null[0m[0m
      [31m-[0m[0m security_groups                      = [
          [31m-[0m[0m "hivemind-poc-20260425201357612900000001",
        ] [90m-> null[0m[0m
      [31m-[0m[0m source_dest_check                    = true [90m-> null[0m[0m
      [31m-[0m[0m subnet_id                            = "subnet-89d4f687" [90m-> null[0m[0m
      [31m-[0m[0m tags                                 = {
          [31m-[0m[0m "Name" = "hivemind-replica-4"
          [31m-[0m[0m "Role" = "replica"
        } [90m-> null[0m[0m
      [31m-[0m[0m tags_all                             = {
          [31m-[0m[0m "Name" = "hivemind-replica-4"
          [31m-[0m[0m "Role" = "replica"
        } [90m-> null[0m[0m
      [31m-[0m[0m tenancy                              = "default" [90m-> null[0m[0m
      [31m-[0m[0m user_data                            = (sensitive value) [90m-> null[0m[0m
      [31m-[0m[0m user_data_replace_on_change          = false [90m-> null[0m[0m
      [31m-[0m[0m vpc_security_group_ids               = [
          [31m-[0m[0m "sg-069b0317965236048",
        ] [90m-> null[0m[0m
        [90m# (7 unchanged attributes hidden)[0m[0m

      [31m-[0m[0m capacity_reservation_specification {
          [31m-[0m[0m capacity_reservation_preference = "open" [90m-> null[0m[0m
        }

      [31m-[0m[0m cpu_options {
          [31m-[0m[0m core_count       = 2 [90m-> null[0m[0m
          [31m-[0m[0m threads_per_core = 2 [90m-> null[0m[0m
            [90m# (1 unchanged attribute hidden)[0m[0m
        }

      [31m-[0m[0m enclave_options {
          [31m-[0m[0m enabled = false [90m-> null[0m[0m
        }

      [31m-[0m[0m maintenance_options {
          [31m-[0m[0m auto_recovery = "default" [90m-> null[0m[0m
        }

      [31m-[0m[0m metadata_options {
          [31m-[0m[0m http_endpoint               = "enabled" [90m-> null[0m[0m
          [31m-[0m[0m http_protocol_ipv6          = "disabled" [90m-> null[0m[0m
          [31m-[0m[0m http_put_response_hop_limit = 2 [90m-> null[0m[0m
          [31m-[0m[0m http_tokens                 = "required" [90m-> null[0m[0m
          [31m-[0m[0m instance_metadata_tags      = "disabled" [90m-> null[0m[0m
        }

      [31m-[0m[0m private_dns_name_options {
          [31m-[0m[0m enable_resource_name_dns_a_record    = false [90m-> null[0m[0m
          [31m-[0m[0m enable_resource_name_dns_aaaa_record = false [90m-> null[0m[0m
          [31m-[0m[0m hostname_type                        = "ip-name" [90m-> null[0m[0m
        }

      [31m-[0m[0m root_block_device {
          [31m-[0m[0m delete_on_termination = true [90m-> null[0m[0m
          [31m-[0m[0m device_name           = "/dev/xvda" [90m-> null[0m[0m
          [31m-[0m[0m encrypted             = false [90m-> null[0m[0m
          [31m-[0m[0m iops                  = 3000 [90m-> null[0m[0m
          [31m-[0m[0m tags                  = {} [90m-> null[0m[0m
          [31m-[0m[0m tags_all              = {} [90m-> null[0m[0m
          [31m-[0m[0m throughput            = 125 [90m-> null[0m[0m
          [31m-[0m[0m volume_id             = "vol-09657cf06bf67dc8c" [90m-> null[0m[0m
          [31m-[0m[0m volume_size           = 50 [90m-> null[0m[0m
          [31m-[0m[0m volume_type           = "gp3" [90m-> null[0m[0m
            [90m# (1 unchanged attribute hidden)[0m[0m
        }
    }

[1m  # aws_instance.worker_cpu[0m will be [1m[31mdestroyed[0m
[0m  [31m-[0m[0m resource "aws_instance" "worker_cpu" {
      [31m-[0m[0m ami                                  = "ami-0714f823ff4e72d73" [90m-> null[0m[0m
      [31m-[0m[0m arn                                  = "arn:aws:ec2:us-east-1:288552132534:instance/i-0823f3bee2a528950" [90m-> null[0m[0m
      [31m-[0m[0m associate_public_ip_address          = true [90m-> null[0m[0m
      [31m-[0m[0m availability_zone                    = "us-east-1f" [90m-> null[0m[0m
      [31m-[0m[0m cpu_core_count                       = 2 [90m-> null[0m[0m
      [31m-[0m[0m cpu_threads_per_core                 = 2 [90m-> null[0m[0m
      [31m-[0m[0m disable_api_stop                     = false [90m-> null[0m[0m
      [31m-[0m[0m disable_api_termination              = false [90m-> null[0m[0m
      [31m-[0m[0m ebs_optimized                        = false [90m-> null[0m[0m
      [31m-[0m[0m get_password_data                    = false [90m-> null[0m[0m
      [31m-[0m[0m hibernation                          = false [90m-> null[0m[0m
      [31m-[0m[0m id                                   = "i-0823f3bee2a528950" [90m-> null[0m[0m
      [31m-[0m[0m instance_initiated_shutdown_behavior = "stop" [90m-> null[0m[0m
      [31m-[0m[0m instance_state                       = "running" [90m-> null[0m[0m
      [31m-[0m[0m instance_type                        = "c5.xlarge" [90m-> null[0m[0m
      [31m-[0m[0m ipv6_address_count                   = 0 [90m-> null[0m[0m
      [31m-[0m[0m ipv6_addresses                       = [] [90m-> null[0m[0m
      [31m-[0m[0m key_name                             = "hivemind-poc-deployer" [90m-> null[0m[0m
      [31m-[0m[0m monitoring                           = false [90m-> null[0m[0m
      [31m-[0m[0m placement_partition_number           = 0 [90m-> null[0m[0m
      [31m-[0m[0m primary_network_interface_id         = "eni-08fe0ab80c67d628e" [90m-> null[0m[0m
      [31m-[0m[0m private_dns                          = "ip-172-31-73-151.ec2.internal" [90m-> null[0m[0m
      [31m-[0m[0m private_ip                           = "172.31.73.151" [90m-> null[0m[0m
      [31m-[0m[0m public_dns                           = "ec2-3-235-244-125.compute-1.amazonaws.com" [90m-> null[0m[0m
      [31m-[0m[0m public_ip                            = "3.235.244.125" [90m-> null[0m[0m
      [31m-[0m[0m secondary_private_ips                = [] [90m-> null[0m[0m
      [31m-[0m[0m security_groups                      = [
          [31m-[0m[0m "hivemind-poc-20260425201357612900000001",
        ] [90m-> null[0m[0m
      [31m-[0m[0m source_dest_check                    = true [90m-> null[0m[0m
      [31m-[0m[0m subnet_id                            = "subnet-89d4f687" [90m-> null[0m[0m
      [31m-[0m[0m tags                                 = {
          [31m-[0m[0m "Name" = "hivemind-worker-cpu"
          [31m-[0m[0m "Role" = "worker"
        } [90m-> null[0m[0m
      [31m-[0m[0m tags_all                             = {
          [31m-[0m[0m "Name" = "hivemind-worker-cpu"
          [31m-[0m[0m "Role" = "worker"
        } [90m-> null[0m[0m
      [31m-[0m[0m tenancy                              = "default" [90m-> null[0m[0m
      [31m-[0m[0m user_data                            = (sensitive value) [90m-> null[0m[0m
      [31m-[0m[0m user_data_replace_on_change          = false [90m-> null[0m[0m
      [31m-[0m[0m vpc_security_group_ids               = [
          [31m-[0m[0m "sg-069b0317965236048",
        ] [90m-> null[0m[0m
        [90m# (7 unchanged attributes hidden)[0m[0m

      [31m-[0m[0m capacity_reservation_specification {
          [31m-[0m[0m capacity_reservation_preference = "open" [90m-> null[0m[0m
        }

      [31m-[0m[0m cpu_options {
          [31m-[0m[0m core_count       = 2 [90m-> null[0m[0m
          [31m-[0m[0m threads_per_core = 2 [90m-> null[0m[0m
            [90m# (1 unchanged attribute hidden)[0m[0m
        }

      [31m-[0m[0m enclave_options {
          [31m-[0m[0m enabled = false [90m-> null[0m[0m
        }

      [31m-[0m[0m maintenance_options {
          [31m-[0m[0m auto_recovery = "default" [90m-> null[0m[0m
        }

      [31m-[0m[0m metadata_options {
          [31m-[0m[0m http_endpoint               = "enabled" [90m-> null[0m[0m
          [31m-[0m[0m http_protocol_ipv6          = "disabled" [90m-> null[0m[0m
          [31m-[0m[0m http_put_response_hop_limit = 2 [90m-> null[0m[0m
          [31m-[0m[0m http_tokens                 = "required" [90m-> null[0m[0m
          [31m-[0m[0m instance_metadata_tags      = "disabled" [90m-> null[0m[0m
        }

      [31m-[0m[0m private_dns_name_options {
          [31m-[0m[0m enable_resource_name_dns_a_record    = false [90m-> null[0m[0m
          [31m-[0m[0m enable_resource_name_dns_aaaa_record = false [90m-> null[0m[0m
          [31m-[0m[0m hostname_type                        = "ip-name" [90m-> null[0m[0m
        }

      [31m-[0m[0m root_block_device {
          [31m-[0m[0m delete_on_termination = true [90m-> null[0m[0m
          [31m-[0m[0m device_name           = "/dev/sda1" [90m-> null[0m[0m
          [31m-[0m[0m encrypted             = false [90m-> null[0m[0m
          [31m-[0m[0m iops                  = 4000 [90m-> null[0m[0m
          [31m-[0m[0m tags                  = {} [90m-> null[0m[0m
          [31m-[0m[0m tags_all              = {} [90m-> null[0m[0m
          [31m-[0m[0m throughput            = 1000 [90m-> null[0m[0m
          [31m-[0m[0m volume_id             = "vol-0eae2e336f77a661a" [90m-> null[0m[0m
          [31m-[0m[0m volume_size           = 100 [90m-> null[0m[0m
          [31m-[0m[0m volume_type           = "gp3" [90m-> null[0m[0m
            [90m# (1 unchanged attribute hidden)[0m[0m
        }
    }

[1m  # aws_instance.worker_gpu[0m will be [1m[31mdestroyed[0m
[0m  [31m-[0m[0m resource "aws_instance" "worker_gpu" {
      [31m-[0m[0m ami                                  = "ami-0714f823ff4e72d73" [90m-> null[0m[0m
      [31m-[0m[0m arn                                  = "arn:aws:ec2:us-east-1:288552132534:instance/i-0bacb62f6c7ed8cae" [90m-> null[0m[0m
      [31m-[0m[0m associate_public_ip_address          = true [90m-> null[0m[0m
      [31m-[0m[0m availability_zone                    = "us-east-1f" [90m-> null[0m[0m
      [31m-[0m[0m cpu_core_count                       = 2 [90m-> null[0m[0m
      [31m-[0m[0m cpu_threads_per_core                 = 2 [90m-> null[0m[0m
      [31m-[0m[0m disable_api_stop                     = false [90m-> null[0m[0m
      [31m-[0m[0m disable_api_termination              = false [90m-> null[0m[0m
      [31m-[0m[0m ebs_optimized                        = false [90m-> null[0m[0m
      [31m-[0m[0m get_password_data                    = false [90m-> null[0m[0m
      [31m-[0m[0m hibernation                          = false [90m-> null[0m[0m
      [31m-[0m[0m id                                   = "i-0bacb62f6c7ed8cae" [90m-> null[0m[0m
      [31m-[0m[0m instance_initiated_shutdown_behavior = "stop" [90m-> null[0m[0m
      [31m-[0m[0m instance_state                       = "running" [90m-> null[0m[0m
      [31m-[0m[0m instance_type                        = "g4dn.xlarge" [90m-> null[0m[0m
      [31m-[0m[0m ipv6_address_count                   = 0 [90m-> null[0m[0m
      [31m-[0m[0m ipv6_addresses                       = [] [90m-> null[0m[0m
      [31m-[0m[0m key_name                             = "hivemind-poc-deployer" [90m-> null[0m[0m
      [31m-[0m[0m monitoring                           = false [90m-> null[0m[0m
      [31m-[0m[0m placement_partition_number           = 0 [90m-> null[0m[0m
      [31m-[0m[0m primary_network_interface_id         = "eni-083a8d28d91954ddd" [90m-> null[0m[0m
      [31m-[0m[0m private_dns                          = "ip-172-31-77-233.ec2.internal" [90m-> null[0m[0m
      [31m-[0m[0m private_ip                           = "172.31.77.233" [90m-> null[0m[0m
      [31m-[0m[0m public_dns                           = "ec2-3-235-140-47.compute-1.amazonaws.com" [90m-> null[0m[0m
      [31m-[0m[0m public_ip                            = "3.235.140.47" [90m-> null[0m[0m
      [31m-[0m[0m secondary_private_ips                = [] [90m-> null[0m[0m
      [31m-[0m[0m security_groups                      = [
          [31m-[0m[0m "hivemind-poc-20260425201357612900000001",
        ] [90m-> null[0m[0m
      [31m-[0m[0m source_dest_check                    = true [90m-> null[0m[0m
      [31m-[0m[0m subnet_id                            = "subnet-89d4f687" [90m-> null[0m[0m
      [31m-[0m[0m tags                                 = {
          [31m-[0m[0m "Name" = "hivemind-worker-gpu"
          [31m-[0m[0m "Role" = "worker"
        } [90m-> null[0m[0m
      [31m-[0m[0m tags_all                             = {
          [31m-[0m[0m "Name" = "hivemind-worker-gpu"
          [31m-[0m[0m "Role" = "worker"
        } [90m-> null[0m[0m
      [31m-[0m[0m tenancy                              = "default" [90m-> null[0m[0m
      [31m-[0m[0m user_data                            = (sensitive value) [90m-> null[0m[0m
      [31m-[0m[0m user_data_replace_on_change          = false [90m-> null[0m[0m
      [31m-[0m[0m vpc_security_group_ids               = [
          [31m-[0m[0m "sg-069b0317965236048",
        ] [90m-> null[0m[0m
        [90m# (7 unchanged attributes hidden)[0m[0m

      [31m-[0m[0m capacity_reservation_specification {
          [31m-[0m[0m capacity_reservation_preference = "open" [90m-> null[0m[0m
        }

      [31m-[0m[0m cpu_options {
          [31m-[0m[0m core_count       = 2 [90m-> null[0m[0m
          [31m-[0m[0m threads_per_core = 2 [90m-> null[0m[0m
            [90m# (1 unchanged attribute hidden)[0m[0m
        }

      [31m-[0m[0m enclave_options {
          [31m-[0m[0m enabled = false [90m-> null[0m[0m
        }

      [31m-[0m[0m maintenance_options {
          [31m-[0m[0m auto_recovery = "default" [90m-> null[0m[0m
        }

      [31m-[0m[0m metadata_options {
          [31m-[0m[0m http_endpoint               = "enabled" [90m-> null[0m[0m
          [31m-[0m[0m http_protocol_ipv6          = "disabled" [90m-> null[0m[0m
          [31m-[0m[0m http_put_response_hop_limit = 2 [90m-> null[0m[0m
          [31m-[0m[0m http_tokens                 = "required" [90m-> null[0m[0m
          [31m-[0m[0m instance_metadata_tags      = "disabled" [90m-> null[0m[0m
        }

      [31m-[0m[0m private_dns_name_options {
          [31m-[0m[0m enable_resource_name_dns_a_record    = false [90m-> null[0m[0m
          [31m-[0m[0m enable_resource_name_dns_aaaa_record = false [90m-> null[0m[0m
          [31m-[0m[0m hostname_type                        = "ip-name" [90m-> null[0m[0m
        }

      [31m-[0m[0m root_block_device {
          [31m-[0m[0m delete_on_termination = true [90m-> null[0m[0m
          [31m-[0m[0m device_name           = "/dev/sda1" [90m-> null[0m[0m
          [31m-[0m[0m encrypted             = false [90m-> null[0m[0m
          [31m-[0m[0m iops                  = 4000 [90m-> null[0m[0m
          [31m-[0m[0m tags                  = {} [90m-> null[0m[0m
          [31m-[0m[0m tags_all              = {} [90m-> null[0m[0m
          [31m-[0m[0m throughput            = 1000 [90m-> null[0m[0m
          [31m-[0m[0m volume_id             = "vol-0ce05019a5f610237" [90m-> null[0m[0m
          [31m-[0m[0m volume_size           = 100 [90m-> null[0m[0m
          [31m-[0m[0m volume_type           = "gp3" [90m-> null[0m[0m
            [90m# (1 unchanged attribute hidden)[0m[0m
        }
    }

[1m  # aws_key_pair.poc[0m will be [1m[31mdestroyed[0m
[0m  [31m-[0m[0m resource "aws_key_pair" "poc" {
      [31m-[0m[0m arn             = "arn:aws:ec2:us-east-1:288552132534:key-pair/hivemind-poc-deployer" [90m-> null[0m[0m
      [31m-[0m[0m fingerprint     = "bFcQiS5Kk9fwo3YpYa/nWKg73Af+SBcKS1s3BpMdneg=" [90m-> null[0m[0m
      [31m-[0m[0m id              = "hivemind-poc-deployer" [90m-> null[0m[0m
      [31m-[0m[0m key_name        = "hivemind-poc-deployer" [90m-> null[0m[0m
      [31m-[0m[0m key_pair_id     = "key-032d2c3b44e2331ba" [90m-> null[0m[0m
      [31m-[0m[0m key_type        = "ed25519" [90m-> null[0m[0m
      [31m-[0m[0m public_key      = "ssh-ed25519 AAAAC3NzaC1lZDI1NTE5AAAAILralVpTQ0tgwve6HyxwiZ0bzY1wymH/lCm91uL5NjcP" [90m-> null[0m[0m
      [31m-[0m[0m tags            = {} [90m-> null[0m[0m
      [31m-[0m[0m tags_all        = {} [90m-> null[0m[0m
        [90m# (1 unchanged attribute hidden)[0m[0m
    }

[1m  # aws_security_group.hivemind[0m will be [1m[31mdestroyed[0m
[0m  [31m-[0m[0m resource "aws_security_group" "hivemind" {
      [31m-[0m[0m arn                    = "arn:aws:ec2:us-east-1:288552132534:security-group/sg-069b0317965236048" [90m-> null[0m[0m
      [31m-[0m[0m description            = "Managed by Terraform" [90m-> null[0m[0m
      [31m-[0m[0m egress                 = [
          [31m-[0m[0m {
              [31m-[0m[0m cidr_blocks      = [
                  [31m-[0m[0m "0.0.0.0/0",
                ]
              [31m-[0m[0m from_port        = 0
              [31m-[0m[0m ipv6_cidr_blocks = []
              [31m-[0m[0m prefix_list_ids  = []
              [31m-[0m[0m protocol         = "-1"
              [31m-[0m[0m security_groups  = []
              [31m-[0m[0m self             = false
              [31m-[0m[0m to_port          = 0
                [90m# (1 unchanged attribute hidden)[0m[0m
            },
        ] [90m-> null[0m[0m
      [31m-[0m[0m id                     = "sg-069b0317965236048" [90m-> null[0m[0m
      [31m-[0m[0m ingress                = [
          [31m-[0m[0m {
              [31m-[0m[0m cidr_blocks      = [
                  [31m-[0m[0m "66.108.102.239/32",
                ]
              [31m-[0m[0m from_port        = 22
              [31m-[0m[0m ipv6_cidr_blocks = []
              [31m-[0m[0m prefix_list_ids  = []
              [31m-[0m[0m protocol         = "tcp"
              [31m-[0m[0m security_groups  = []
              [31m-[0m[0m self             = false
              [31m-[0m[0m to_port          = 22
                [90m# (1 unchanged attribute hidden)[0m[0m
            },
          [31m-[0m[0m {
              [31m-[0m[0m cidr_blocks      = [
                  [31m-[0m[0m "66.108.102.239/32",
                ]
              [31m-[0m[0m from_port        = 8080
              [31m-[0m[0m ipv6_cidr_blocks = []
              [31m-[0m[0m prefix_list_ids  = []
              [31m-[0m[0m protocol         = "tcp"
              [31m-[0m[0m security_groups  = []
              [31m-[0m[0m self             = false
              [31m-[0m[0m to_port          = 8080
                [90m# (1 unchanged attribute hidden)[0m[0m
            },
          [31m-[0m[0m {
              [31m-[0m[0m cidr_blocks      = []
              [31m-[0m[0m from_port        = 8080
              [31m-[0m[0m ipv6_cidr_blocks = []
              [31m-[0m[0m prefix_list_ids  = []
              [31m-[0m[0m protocol         = "tcp"
              [31m-[0m[0m security_groups  = []
              [31m-[0m[0m self             = true
              [31m-[0m[0m to_port          = 9300
                [90m# (1 unchanged attribute hidden)[0m[0m
            },
          [31m-[0m[0m {
              [31m-[0m[0m cidr_blocks      = []
              [31m-[0m[0m from_port        = 9300
              [31m-[0m[0m ipv6_cidr_blocks = []
              [31m-[0m[0m prefix_list_ids  = []
              [31m-[0m[0m protocol         = "udp"
              [31m-[0m[0m security_groups  = []
              [31m-[0m[0m self             = true
              [31m-[0m[0m to_port          = 9300
                [90m# (1 unchanged attribute hidden)[0m[0m
            },
        ] [90m-> null[0m[0m
      [31m-[0m[0m name                   = "hivemind-poc-20260425201357612900000001" [90m-> null[0m[0m
      [31m-[0m[0m name_prefix            = "hivemind-poc-" [90m-> null[0m[0m
      [31m-[0m[0m owner_id               = "288552132534" [90m-> null[0m[0m
      [31m-[0m[0m revoke_rules_on_delete = false [90m-> null[0m[0m
      [31m-[0m[0m tags                   = {
          [31m-[0m[0m "Name" = "hivemind-poc"
        } [90m-> null[0m[0m
      [31m-[0m[0m tags_all               = {
          [31m-[0m[0m "Name" = "hivemind-poc"
        } [90m-> null[0m[0m
      [31m-[0m[0m vpc_id                 = "vpc-4b71f536" [90m-> null[0m[0m
    }

[1mPlan:[0m [0m0 to add, 0 to change, 10 to destroy.

Changes to Outputs:
  [31m-[0m[0m api_url              = "http://100.31.135.9:8080" [90m-> null[0m[0m
  [31m-[0m[0m dashboard_url        = "http://100.31.135.9:8080/dashboard" [90m-> null[0m[0m
  [31m-[0m[0m ecr_repository_name  = "hivemind-poc" [90m-> null[0m[0m
  [31m-[0m[0m ecr_repository_url   = "288552132534.dkr.ecr.us-east-1.amazonaws.com/hivemind-poc" [90m-> null[0m[0m
  [31m-[0m[0m replica_ami          = "ami-098e39bafa7e7303d" [90m-> null[0m[0m
  [31m-[0m[0m replica_ips          = [
      [31m-[0m[0m "172.31.69.253",
      [31m-[0m[0m "172.31.72.44",
      [31m-[0m[0m "172.31.68.72",
      [31m-[0m[0m "172.31.78.51",
      [31m-[0m[0m "172.31.68.96",
    ] [90m-> null[0m[0m
  [31m-[0m[0m replica_public_ips   = [
      [31m-[0m[0m "100.31.135.9",
      [31m-[0m[0m "98.82.138.130",
      [31m-[0m[0m "100.54.99.227",
      [31m-[0m[0m "3.236.99.146",
      [31m-[0m[0m "44.221.59.24",
    ] [90m-> null[0m[0m
  [31m-[0m[0m worker_ami           = "ami-0714f823ff4e72d73" [90m-> null[0m[0m
  [31m-[0m[0m worker_cpu_ip        = "172.31.73.151" [90m-> null[0m[0m
  [31m-[0m[0m worker_cpu_public_ip = "3.235.244.125" [90m-> null[0m[0m
  [31m-[0m[0m worker_gpu_ip        = "172.31.77.233" [90m-> null[0m[0m
  [31m-[0m[0m worker_gpu_public_ip = "3.235.140.47" [90m-> null[0m[0m
[0m[1maws_ecr_repository.workloads: Destroying... [id=hivemind-poc][0m[0m
[0m[1maws_instance.replica[2]: Destroying... [id=i-09a7bd2035fb1525c][0m[0m
[0m[1maws_instance.worker_gpu: Destroying... [id=i-0bacb62f6c7ed8cae][0m[0m
[0m[1maws_instance.replica[1]: Destroying... [id=i-0cb6ff00f7954d5f8][0m[0m
[0m[1maws_instance.replica[4]: Destroying... [id=i-0390785834e1ff303][0m[0m
[0m[1maws_instance.replica[3]: Destroying... [id=i-052bf63f6a126a24f][0m[0m
[0m[1maws_instance.replica[0]: Destroying... [id=i-06faa969a57660941][0m[0m
[0m[1maws_instance.worker_cpu: Destroying... [id=i-0823f3bee2a528950][0m[0m
[0m[1maws_ecr_repository.workloads: Destruction complete after 0s[0m
[0m[1maws_instance.replica[2]: Still destroying... [id=i-09a7bd2035fb1525c, 00m10s elapsed][0m[0m
[0m[1maws_instance.replica[3]: Still destroying... [id=i-052bf63f6a126a24f, 00m10s elapsed][0m[0m
[0m[1maws_instance.replica[1]: Still destroying... [id=i-0cb6ff00f7954d5f8, 00m10s elapsed][0m[0m
[0m[1maws_instance.worker_gpu: Still destroying... [id=i-0bacb62f6c7ed8cae, 00m10s elapsed][0m[0m
[0m[1maws_instance.replica[0]: Still destroying... [id=i-06faa969a57660941, 00m10s elapsed][0m[0m
[0m[1maws_instance.worker_cpu: Still destroying... [id=i-0823f3bee2a528950, 00m10s elapsed][0m[0m
[0m[1maws_instance.replica[4]: Still destroying... [id=i-0390785834e1ff303, 00m10s elapsed][0m[0m
[0m[1maws_instance.worker_gpu: Still destroying... [id=i-0bacb62f6c7ed8cae, 00m20s elapsed][0m[0m
[0m[1maws_instance.replica[3]: Still destroying... [id=i-052bf63f6a126a24f, 00m20s elapsed][0m[0m
[0m[1maws_instance.replica[4]: Still destroying... [id=i-0390785834e1ff303, 00m20s elapsed][0m[0m
[0m[1maws_instance.replica[2]: Still destroying... [id=i-09a7bd2035fb1525c, 00m20s elapsed][0m[0m
[0m[1maws_instance.replica[0]: Still destroying... [id=i-06faa969a57660941, 00m20s elapsed][0m[0m
[0m[1maws_instance.replica[1]: Still destroying... [id=i-0cb6ff00f7954d5f8, 00m20s elapsed][0m[0m
[0m[1maws_instance.worker_cpu: Still destroying... [id=i-0823f3bee2a528950, 00m20s elapsed][0m[0m
[0m[1maws_instance.worker_cpu: Still destroying... [id=i-0823f3bee2a528950, 00m30s elapsed][0m[0m
[0m[1maws_instance.replica[1]: Still destroying... [id=i-0cb6ff00f7954d5f8, 00m30s elapsed][0m[0m
[0m[1maws_instance.replica[2]: Still destroying... [id=i-09a7bd2035fb1525c, 00m30s elapsed][0m[0m
[0m[1maws_instance.worker_gpu: Still destroying... [id=i-0bacb62f6c7ed8cae, 00m30s elapsed][0m[0m
[0m[1maws_instance.replica[3]: Still destroying... [id=i-052bf63f6a126a24f, 00m30s elapsed][0m[0m
[0m[1maws_instance.replica[0]: Still destroying... [id=i-06faa969a57660941, 00m30s elapsed][0m[0m
[0m[1maws_instance.replica[4]: Still destroying... [id=i-0390785834e1ff303, 00m30s elapsed][0m[0m
[0m[1maws_instance.replica[4]: Destruction complete after 30s[0m
[0m[1maws_instance.replica[3]: Destruction complete after 30s[0m
[0m[1maws_instance.replica[0]: Destruction complete after 30s[0m
[0m[1maws_instance.replica[2]: Destruction complete after 30s[0m
[0m[1maws_instance.replica[1]: Destruction complete after 30s[0m
[0m[1maws_instance.worker_gpu: Still destroying... [id=i-0bacb62f6c7ed8cae, 00m40s elapsed][0m[0m
[0m[1maws_instance.worker_cpu: Still destroying... [id=i-0823f3bee2a528950, 00m40s elapsed][0m[0m
[0m[1maws_instance.worker_cpu: Still destroying... [id=i-0823f3bee2a528950, 00m50s elapsed][0m[0m
[0m[1maws_instance.worker_gpu: Still destroying... [id=i-0bacb62f6c7ed8cae, 00m50s elapsed][0m[0m
[0m[1maws_instance.worker_cpu: Destruction complete after 50s[0m
[0m[1maws_instance.worker_gpu: Still destroying... [id=i-0bacb62f6c7ed8cae, 01m00s elapsed][0m[0m
[0m[1maws_instance.worker_gpu: Still destroying... [id=i-0bacb62f6c7ed8cae, 01m10s elapsed][0m[0m
[0m[1maws_instance.worker_gpu: Still destroying... [id=i-0bacb62f6c7ed8cae, 01m20s elapsed][0m[0m
[0m[1maws_instance.worker_gpu: Still destroying... [id=i-0bacb62f6c7ed8cae, 01m30s elapsed][0m[0m
[0m[1maws_instance.worker_gpu: Still destroying... [id=i-0bacb62f6c7ed8cae, 01m40s elapsed][0m[0m
[0m[1maws_instance.worker_gpu: Still destroying... [id=i-0bacb62f6c7ed8cae, 01m50s elapsed][0m[0m
[0m[1maws_instance.worker_gpu: Still destroying... [id=i-0bacb62f6c7ed8cae, 02m00s elapsed][0m[0m
[0m[1maws_instance.worker_gpu: Still destroying... [id=i-0bacb62f6c7ed8cae, 02m10s elapsed][0m[0m
[0m[1maws_instance.worker_gpu: Still destroying... [id=i-0bacb62f6c7ed8cae, 02m20s elapsed][0m[0m
[0m[1maws_instance.worker_gpu: Still destroying... [id=i-0bacb62f6c7ed8cae, 02m30s elapsed][0m[0m
[0m[1maws_instance.worker_gpu: Still destroying... [id=i-0bacb62f6c7ed8cae, 02m40s elapsed][0m[0m
[0m[1maws_instance.worker_gpu: Still destroying... [id=i-0bacb62f6c7ed8cae, 02m50s elapsed][0m[0m
[0m[1maws_instance.worker_gpu: Still destroying... [id=i-0bacb62f6c7ed8cae, 03m00s elapsed][0m[0m
[0m[1maws_instance.worker_gpu: Still destroying... [id=i-0bacb62f6c7ed8cae, 03m10s elapsed][0m[0m
[0m[1maws_instance.worker_gpu: Still destroying... [id=i-0bacb62f6c7ed8cae, 03m20s elapsed][0m[0m
[0m[1maws_instance.worker_gpu: Still destroying... [id=i-0bacb62f6c7ed8cae, 03m30s elapsed][0m[0m
[0m[1maws_instance.worker_gpu: Still destroying... [id=i-0bacb62f6c7ed8cae, 03m40s elapsed][0m[0m
[0m[1maws_instance.worker_gpu: Still destroying... [id=i-0bacb62f6c7ed8cae, 03m50s elapsed][0m[0m
[0m[1maws_instance.worker_gpu: Still destroying... [id=i-0bacb62f6c7ed8cae, 04m00s elapsed][0m[0m
[0m[1maws_instance.worker_gpu: Still destroying... [id=i-0bacb62f6c7ed8cae, 04m10s elapsed][0m[0m
[0m[1maws_instance.worker_gpu: Still destroying... [id=i-0bacb62f6c7ed8cae, 04m20s elapsed][0m[0m
[0m[1maws_instance.worker_gpu: Still destroying... [id=i-0bacb62f6c7ed8cae, 04m30s elapsed][0m[0m
[0m[1maws_instance.worker_gpu: Still destroying... [id=i-0bacb62f6c7ed8cae, 04m40s elapsed][0m[0m
[0m[1maws_instance.worker_gpu: Still destroying... [id=i-0bacb62f6c7ed8cae, 04m50s elapsed][0m[0m
[0m[1maws_instance.worker_gpu: Still destroying... [id=i-0bacb62f6c7ed8cae, 05m00s elapsed][0m[0m
[0m[1maws_instance.worker_gpu: Still destroying... [id=i-0bacb62f6c7ed8cae, 05m10s elapsed][0m[0m
[0m[1maws_instance.worker_gpu: Destruction complete after 5m15s[0m
[0m[1maws_key_pair.poc: Destroying... [id=hivemind-poc-deployer][0m[0m
[0m[1maws_security_group.hivemind: Destroying... [id=sg-069b0317965236048][0m[0m
[0m[1maws_key_pair.poc: Destruction complete after 0s[0m
[0m[1maws_security_group.hivemind: Destruction complete after 1s[0m
[0m[1m[32m
Destroy complete! Resources: 10 destroyed.[0m

=== Teardown complete ===
