ssh_cidr=66.108.102.239/32

=== 1. Apply isolated Hivemind POC infra ===
timeout_seconds=900
[0m[1mInitializing the backend...[0m
[0m[1mInitializing provider plugins...[0m
- Reusing previous version of hashicorp/aws from the dependency lock file
- Using previously-installed hashicorp/aws v5.100.0

[0m[1m[32mTerraform has been successfully initialized![0m[32m[0m
[0m[32m
You may now begin working with Terraform. Try running "terraform plan" to see
any changes that are required for your infrastructure. All Terraform commands
should now work.

If you ever set or change modules or backend configuration for Terraform,
rerun this command to reinitialize your working directory. If you forget, other
commands will detect it and remind you to do so if necessary.[0m

Terraform used the selected providers to generate the following execution
plan. Resource actions are indicated with the following symbols:
  [32m+[0m create[0m

Terraform will perform the following actions:

[1m  # aws_ecr_repository.workloads[0m will be created
[0m  [32m+[0m[0m resource "aws_ecr_repository" "workloads" {
      [32m+[0m[0m arn                  = (known after apply)
      [32m+[0m[0m force_delete         = true
      [32m+[0m[0m id                   = (known after apply)
      [32m+[0m[0m image_tag_mutability = "MUTABLE"
      [32m+[0m[0m name                 = "hivemind-poc"
      [32m+[0m[0m registry_id          = (known after apply)
      [32m+[0m[0m repository_url       = (known after apply)
      [32m+[0m[0m tags                 = {
          [32m+[0m[0m "Name" = "hivemind-poc-workloads"
        }
      [32m+[0m[0m tags_all             = {
          [32m+[0m[0m "Name" = "hivemind-poc-workloads"
        }

      [32m+[0m[0m image_scanning_configuration {
          [32m+[0m[0m scan_on_push = false
        }
    }

[1m  # aws_instance.replica[0][0m will be created
[0m  [32m+[0m[0m resource "aws_instance" "replica" {
      [32m+[0m[0m ami                                  = "ami-098e39bafa7e7303d"
      [32m+[0m[0m arn                                  = (known after apply)
      [32m+[0m[0m associate_public_ip_address          = (known after apply)
      [32m+[0m[0m availability_zone                    = (known after apply)
      [32m+[0m[0m cpu_core_count                       = (known after apply)
      [32m+[0m[0m cpu_threads_per_core                 = (known after apply)
      [32m+[0m[0m disable_api_stop                     = (known after apply)
      [32m+[0m[0m disable_api_termination              = (known after apply)
      [32m+[0m[0m ebs_optimized                        = (known after apply)
      [32m+[0m[0m enable_primary_ipv6                  = (known after apply)
      [32m+[0m[0m get_password_data                    = false
      [32m+[0m[0m host_id                              = (known after apply)
      [32m+[0m[0m host_resource_group_arn              = (known after apply)
      [32m+[0m[0m iam_instance_profile                 = (known after apply)
      [32m+[0m[0m id                                   = (known after apply)
      [32m+[0m[0m instance_initiated_shutdown_behavior = (known after apply)
      [32m+[0m[0m instance_lifecycle                   = (known after apply)
      [32m+[0m[0m instance_state                       = (known after apply)
      [32m+[0m[0m instance_type                        = "c5.xlarge"
      [32m+[0m[0m ipv6_address_count                   = (known after apply)
      [32m+[0m[0m ipv6_addresses                       = (known after apply)
      [32m+[0m[0m key_name                             = "hivemind-poc-deployer"
      [32m+[0m[0m monitoring                           = (known after apply)
      [32m+[0m[0m outpost_arn                          = (known after apply)
      [32m+[0m[0m password_data                        = (known after apply)
      [32m+[0m[0m placement_group                      = (known after apply)
      [32m+[0m[0m placement_partition_number           = (known after apply)
      [32m+[0m[0m primary_network_interface_id         = (known after apply)
      [32m+[0m[0m private_dns                          = (known after apply)
      [32m+[0m[0m private_ip                           = (known after apply)
      [32m+[0m[0m public_dns                           = (known after apply)
      [32m+[0m[0m public_ip                            = (known after apply)
      [32m+[0m[0m secondary_private_ips                = (known after apply)
      [32m+[0m[0m security_groups                      = (known after apply)
      [32m+[0m[0m source_dest_check                    = true
      [32m+[0m[0m spot_instance_request_id             = (known after apply)
      [32m+[0m[0m subnet_id                            = (known after apply)
      [32m+[0m[0m tags                                 = {
          [32m+[0m[0m "Name" = "hivemind-replica-0"
          [32m+[0m[0m "Role" = "replica"
        }
      [32m+[0m[0m tags_all                             = {
          [32m+[0m[0m "Name" = "hivemind-replica-0"
          [32m+[0m[0m "Role" = "replica"
        }
      [32m+[0m[0m tenancy                              = (known after apply)
      [32m+[0m[0m user_data                            = (sensitive value)
      [32m+[0m[0m user_data_base64                     = (known after apply)
      [32m+[0m[0m user_data_replace_on_change          = false
      [32m+[0m[0m vpc_security_group_ids               = (known after apply)

      [32m+[0m[0m capacity_reservation_specification (known after apply)

      [32m+[0m[0m cpu_options (known after apply)

      [32m+[0m[0m ebs_block_device (known after apply)

      [32m+[0m[0m enclave_options (known after apply)

      [32m+[0m[0m ephemeral_block_device (known after apply)

      [32m+[0m[0m instance_market_options (known after apply)

      [32m+[0m[0m maintenance_options (known after apply)

      [32m+[0m[0m metadata_options (known after apply)

      [32m+[0m[0m network_interface (known after apply)

      [32m+[0m[0m private_dns_name_options (known after apply)

      [32m+[0m[0m root_block_device {
          [32m+[0m[0m delete_on_termination = true
          [32m+[0m[0m device_name           = (known after apply)
          [32m+[0m[0m encrypted             = (known after apply)
          [32m+[0m[0m iops                  = (known after apply)
          [32m+[0m[0m kms_key_id            = (known after apply)
          [32m+[0m[0m tags_all              = (known after apply)
          [32m+[0m[0m throughput            = (known after apply)
          [32m+[0m[0m volume_id             = (known after apply)
          [32m+[0m[0m volume_size           = 50
          [32m+[0m[0m volume_type           = "gp3"
        }
    }

[1m  # aws_instance.replica[1][0m will be created
[0m  [32m+[0m[0m resource "aws_instance" "replica" {
      [32m+[0m[0m ami                                  = "ami-098e39bafa7e7303d"
      [32m+[0m[0m arn                                  = (known after apply)
      [32m+[0m[0m associate_public_ip_address          = (known after apply)
      [32m+[0m[0m availability_zone                    = (known after apply)
      [32m+[0m[0m cpu_core_count                       = (known after apply)
      [32m+[0m[0m cpu_threads_per_core                 = (known after apply)
      [32m+[0m[0m disable_api_stop                     = (known after apply)
      [32m+[0m[0m disable_api_termination              = (known after apply)
      [32m+[0m[0m ebs_optimized                        = (known after apply)
      [32m+[0m[0m enable_primary_ipv6                  = (known after apply)
      [32m+[0m[0m get_password_data                    = false
      [32m+[0m[0m host_id                              = (known after apply)
      [32m+[0m[0m host_resource_group_arn              = (known after apply)
      [32m+[0m[0m iam_instance_profile                 = (known after apply)
      [32m+[0m[0m id                                   = (known after apply)
      [32m+[0m[0m instance_initiated_shutdown_behavior = (known after apply)
      [32m+[0m[0m instance_lifecycle                   = (known after apply)
      [32m+[0m[0m instance_state                       = (known after apply)
      [32m+[0m[0m instance_type                        = "c5.xlarge"
      [32m+[0m[0m ipv6_address_count                   = (known after apply)
      [32m+[0m[0m ipv6_addresses                       = (known after apply)
      [32m+[0m[0m key_name                             = "hivemind-poc-deployer"
      [32m+[0m[0m monitoring                           = (known after apply)
      [32m+[0m[0m outpost_arn                          = (known after apply)
      [32m+[0m[0m password_data                        = (known after apply)
      [32m+[0m[0m placement_group                      = (known after apply)
      [32m+[0m[0m placement_partition_number           = (known after apply)
      [32m+[0m[0m primary_network_interface_id         = (known after apply)
      [32m+[0m[0m private_dns                          = (known after apply)
      [32m+[0m[0m private_ip                           = (known after apply)
      [32m+[0m[0m public_dns                           = (known after apply)
      [32m+[0m[0m public_ip                            = (known after apply)
      [32m+[0m[0m secondary_private_ips                = (known after apply)
      [32m+[0m[0m security_groups                      = (known after apply)
      [32m+[0m[0m source_dest_check                    = true
      [32m+[0m[0m spot_instance_request_id             = (known after apply)
      [32m+[0m[0m subnet_id                            = (known after apply)
      [32m+[0m[0m tags                                 = {
          [32m+[0m[0m "Name" = "hivemind-replica-1"
          [32m+[0m[0m "Role" = "replica"
        }
      [32m+[0m[0m tags_all                             = {
          [32m+[0m[0m "Name" = "hivemind-replica-1"
          [32m+[0m[0m "Role" = "replica"
        }
      [32m+[0m[0m tenancy                              = (known after apply)
      [32m+[0m[0m user_data                            = (sensitive value)
      [32m+[0m[0m user_data_base64                     = (known after apply)
      [32m+[0m[0m user_data_replace_on_change          = false
      [32m+[0m[0m vpc_security_group_ids               = (known after apply)

      [32m+[0m[0m capacity_reservation_specification (known after apply)

      [32m+[0m[0m cpu_options (known after apply)

      [32m+[0m[0m ebs_block_device (known after apply)

      [32m+[0m[0m enclave_options (known after apply)

      [32m+[0m[0m ephemeral_block_device (known after apply)

      [32m+[0m[0m instance_market_options (known after apply)

      [32m+[0m[0m maintenance_options (known after apply)

      [32m+[0m[0m metadata_options (known after apply)

      [32m+[0m[0m network_interface (known after apply)

      [32m+[0m[0m private_dns_name_options (known after apply)

      [32m+[0m[0m root_block_device {
          [32m+[0m[0m delete_on_termination = true
          [32m+[0m[0m device_name           = (known after apply)
          [32m+[0m[0m encrypted             = (known after apply)
          [32m+[0m[0m iops                  = (known after apply)
          [32m+[0m[0m kms_key_id            = (known after apply)
          [32m+[0m[0m tags_all              = (known after apply)
          [32m+[0m[0m throughput            = (known after apply)
          [32m+[0m[0m volume_id             = (known after apply)
          [32m+[0m[0m volume_size           = 50
          [32m+[0m[0m volume_type           = "gp3"
        }
    }

[1m  # aws_instance.replica[2][0m will be created
[0m  [32m+[0m[0m resource "aws_instance" "replica" {
      [32m+[0m[0m ami                                  = "ami-098e39bafa7e7303d"
      [32m+[0m[0m arn                                  = (known after apply)
      [32m+[0m[0m associate_public_ip_address          = (known after apply)
      [32m+[0m[0m availability_zone                    = (known after apply)
      [32m+[0m[0m cpu_core_count                       = (known after apply)
      [32m+[0m[0m cpu_threads_per_core                 = (known after apply)
      [32m+[0m[0m disable_api_stop                     = (known after apply)
      [32m+[0m[0m disable_api_termination              = (known after apply)
      [32m+[0m[0m ebs_optimized                        = (known after apply)
      [32m+[0m[0m enable_primary_ipv6                  = (known after apply)
      [32m+[0m[0m get_password_data                    = false
      [32m+[0m[0m host_id                              = (known after apply)
      [32m+[0m[0m host_resource_group_arn              = (known after apply)
      [32m+[0m[0m iam_instance_profile                 = (known after apply)
      [32m+[0m[0m id                                   = (known after apply)
      [32m+[0m[0m instance_initiated_shutdown_behavior = (known after apply)
      [32m+[0m[0m instance_lifecycle                   = (known after apply)
      [32m+[0m[0m instance_state                       = (known after apply)
      [32m+[0m[0m instance_type                        = "c5.xlarge"
      [32m+[0m[0m ipv6_address_count                   = (known after apply)
      [32m+[0m[0m ipv6_addresses                       = (known after apply)
      [32m+[0m[0m key_name                             = "hivemind-poc-deployer"
      [32m+[0m[0m monitoring                           = (known after apply)
      [32m+[0m[0m outpost_arn                          = (known after apply)
      [32m+[0m[0m password_data                        = (known after apply)
      [32m+[0m[0m placement_group                      = (known after apply)
      [32m+[0m[0m placement_partition_number           = (known after apply)
      [32m+[0m[0m primary_network_interface_id         = (known after apply)
      [32m+[0m[0m private_dns                          = (known after apply)
      [32m+[0m[0m private_ip                           = (known after apply)
      [32m+[0m[0m public_dns                           = (known after apply)
      [32m+[0m[0m public_ip                            = (known after apply)
      [32m+[0m[0m secondary_private_ips                = (known after apply)
      [32m+[0m[0m security_groups                      = (known after apply)
      [32m+[0m[0m source_dest_check                    = true
      [32m+[0m[0m spot_instance_request_id             = (known after apply)
      [32m+[0m[0m subnet_id                            = (known after apply)
      [32m+[0m[0m tags                                 = {
          [32m+[0m[0m "Name" = "hivemind-replica-2"
          [32m+[0m[0m "Role" = "replica"
        }
      [32m+[0m[0m tags_all                             = {
          [32m+[0m[0m "Name" = "hivemind-replica-2"
          [32m+[0m[0m "Role" = "replica"
        }
      [32m+[0m[0m tenancy                              = (known after apply)
      [32m+[0m[0m user_data                            = (sensitive value)
      [32m+[0m[0m user_data_base64                     = (known after apply)
      [32m+[0m[0m user_data_replace_on_change          = false
      [32m+[0m[0m vpc_security_group_ids               = (known after apply)

      [32m+[0m[0m capacity_reservation_specification (known after apply)

      [32m+[0m[0m cpu_options (known after apply)

      [32m+[0m[0m ebs_block_device (known after apply)

      [32m+[0m[0m enclave_options (known after apply)

      [32m+[0m[0m ephemeral_block_device (known after apply)

      [32m+[0m[0m instance_market_options (known after apply)

      [32m+[0m[0m maintenance_options (known after apply)

      [32m+[0m[0m metadata_options (known after apply)

      [32m+[0m[0m network_interface (known after apply)

      [32m+[0m[0m private_dns_name_options (known after apply)

      [32m+[0m[0m root_block_device {
          [32m+[0m[0m delete_on_termination = true
          [32m+[0m[0m device_name           = (known after apply)
          [32m+[0m[0m encrypted             = (known after apply)
          [32m+[0m[0m iops                  = (known after apply)
          [32m+[0m[0m kms_key_id            = (known after apply)
          [32m+[0m[0m tags_all              = (known after apply)
          [32m+[0m[0m throughput            = (known after apply)
          [32m+[0m[0m volume_id             = (known after apply)
          [32m+[0m[0m volume_size           = 50
          [32m+[0m[0m volume_type           = "gp3"
        }
    }

[1m  # aws_instance.replica[3][0m will be created
[0m  [32m+[0m[0m resource "aws_instance" "replica" {
      [32m+[0m[0m ami                                  = "ami-098e39bafa7e7303d"
      [32m+[0m[0m arn                                  = (known after apply)
      [32m+[0m[0m associate_public_ip_address          = (known after apply)
      [32m+[0m[0m availability_zone                    = (known after apply)
      [32m+[0m[0m cpu_core_count                       = (known after apply)
      [32m+[0m[0m cpu_threads_per_core                 = (known after apply)
      [32m+[0m[0m disable_api_stop                     = (known after apply)
      [32m+[0m[0m disable_api_termination              = (known after apply)
      [32m+[0m[0m ebs_optimized                        = (known after apply)
      [32m+[0m[0m enable_primary_ipv6                  = (known after apply)
      [32m+[0m[0m get_password_data                    = false
      [32m+[0m[0m host_id                              = (known after apply)
      [32m+[0m[0m host_resource_group_arn              = (known after apply)
      [32m+[0m[0m iam_instance_profile                 = (known after apply)
      [32m+[0m[0m id                                   = (known after apply)
      [32m+[0m[0m instance_initiated_shutdown_behavior = (known after apply)
      [32m+[0m[0m instance_lifecycle                   = (known after apply)
      [32m+[0m[0m instance_state                       = (known after apply)
      [32m+[0m[0m instance_type                        = "c5.xlarge"
      [32m+[0m[0m ipv6_address_count                   = (known after apply)
      [32m+[0m[0m ipv6_addresses                       = (known after apply)
      [32m+[0m[0m key_name                             = "hivemind-poc-deployer"
      [32m+[0m[0m monitoring                           = (known after apply)
      [32m+[0m[0m outpost_arn                          = (known after apply)
      [32m+[0m[0m password_data                        = (known after apply)
      [32m+[0m[0m placement_group                      = (known after apply)
      [32m+[0m[0m placement_partition_number           = (known after apply)
      [32m+[0m[0m primary_network_interface_id         = (known after apply)
      [32m+[0m[0m private_dns                          = (known after apply)
      [32m+[0m[0m private_ip                           = (known after apply)
      [32m+[0m[0m public_dns                           = (known after apply)
      [32m+[0m[0m public_ip                            = (known after apply)
      [32m+[0m[0m secondary_private_ips                = (known after apply)
      [32m+[0m[0m security_groups                      = (known after apply)
      [32m+[0m[0m source_dest_check                    = true
      [32m+[0m[0m spot_instance_request_id             = (known after apply)
      [32m+[0m[0m subnet_id                            = (known after apply)
      [32m+[0m[0m tags                                 = {
          [32m+[0m[0m "Name" = "hivemind-replica-3"
          [32m+[0m[0m "Role" = "replica"
        }
      [32m+[0m[0m tags_all                             = {
          [32m+[0m[0m "Name" = "hivemind-replica-3"
          [32m+[0m[0m "Role" = "replica"
        }
      [32m+[0m[0m tenancy                              = (known after apply)
      [32m+[0m[0m user_data                            = (sensitive value)
      [32m+[0m[0m user_data_base64                     = (known after apply)
      [32m+[0m[0m user_data_replace_on_change          = false
      [32m+[0m[0m vpc_security_group_ids               = (known after apply)

      [32m+[0m[0m capacity_reservation_specification (known after apply)

      [32m+[0m[0m cpu_options (known after apply)

      [32m+[0m[0m ebs_block_device (known after apply)

      [32m+[0m[0m enclave_options (known after apply)

      [32m+[0m[0m ephemeral_block_device (known after apply)

      [32m+[0m[0m instance_market_options (known after apply)

      [32m+[0m[0m maintenance_options (known after apply)

      [32m+[0m[0m metadata_options (known after apply)

      [32m+[0m[0m network_interface (known after apply)

      [32m+[0m[0m private_dns_name_options (known after apply)

      [32m+[0m[0m root_block_device {
          [32m+[0m[0m delete_on_termination = true
          [32m+[0m[0m device_name           = (known after apply)
          [32m+[0m[0m encrypted             = (known after apply)
          [32m+[0m[0m iops                  = (known after apply)
          [32m+[0m[0m kms_key_id            = (known after apply)
          [32m+[0m[0m tags_all              = (known after apply)
          [32m+[0m[0m throughput            = (known after apply)
          [32m+[0m[0m volume_id             = (known after apply)
          [32m+[0m[0m volume_size           = 50
          [32m+[0m[0m volume_type           = "gp3"
        }
    }

[1m  # aws_instance.replica[4][0m will be created
[0m  [32m+[0m[0m resource "aws_instance" "replica" {
      [32m+[0m[0m ami                                  = "ami-098e39bafa7e7303d"
      [32m+[0m[0m arn                                  = (known after apply)
      [32m+[0m[0m associate_public_ip_address          = (known after apply)
      [32m+[0m[0m availability_zone                    = (known after apply)
      [32m+[0m[0m cpu_core_count                       = (known after apply)
      [32m+[0m[0m cpu_threads_per_core                 = (known after apply)
      [32m+[0m[0m disable_api_stop                     = (known after apply)
      [32m+[0m[0m disable_api_termination              = (known after apply)
      [32m+[0m[0m ebs_optimized                        = (known after apply)
      [32m+[0m[0m enable_primary_ipv6                  = (known after apply)
      [32m+[0m[0m get_password_data                    = false
      [32m+[0m[0m host_id                              = (known after apply)
      [32m+[0m[0m host_resource_group_arn              = (known after apply)
      [32m+[0m[0m iam_instance_profile                 = (known after apply)
      [32m+[0m[0m id                                   = (known after apply)
      [32m+[0m[0m instance_initiated_shutdown_behavior = (known after apply)
      [32m+[0m[0m instance_lifecycle                   = (known after apply)
      [32m+[0m[0m instance_state                       = (known after apply)
      [32m+[0m[0m instance_type                        = "c5.xlarge"
      [32m+[0m[0m ipv6_address_count                   = (known after apply)
      [32m+[0m[0m ipv6_addresses                       = (known after apply)
      [32m+[0m[0m key_name                             = "hivemind-poc-deployer"
      [32m+[0m[0m monitoring                           = (known after apply)
      [32m+[0m[0m outpost_arn                          = (known after apply)
      [32m+[0m[0m password_data                        = (known after apply)
      [32m+[0m[0m placement_group                      = (known after apply)
      [32m+[0m[0m placement_partition_number           = (known after apply)
      [32m+[0m[0m primary_network_interface_id         = (known after apply)
      [32m+[0m[0m private_dns                          = (known after apply)
      [32m+[0m[0m private_ip                           = (known after apply)
      [32m+[0m[0m public_dns                           = (known after apply)
      [32m+[0m[0m public_ip                            = (known after apply)
      [32m+[0m[0m secondary_private_ips                = (known after apply)
      [32m+[0m[0m security_groups                      = (known after apply)
      [32m+[0m[0m source_dest_check                    = true
      [32m+[0m[0m spot_instance_request_id             = (known after apply)
      [32m+[0m[0m subnet_id                            = (known after apply)
      [32m+[0m[0m tags                                 = {
          [32m+[0m[0m "Name" = "hivemind-replica-4"
          [32m+[0m[0m "Role" = "replica"
        }
      [32m+[0m[0m tags_all                             = {
          [32m+[0m[0m "Name" = "hivemind-replica-4"
          [32m+[0m[0m "Role" = "replica"
        }
      [32m+[0m[0m tenancy                              = (known after apply)
      [32m+[0m[0m user_data                            = (sensitive value)
      [32m+[0m[0m user_data_base64                     = (known after apply)
      [32m+[0m[0m user_data_replace_on_change          = false
      [32m+[0m[0m vpc_security_group_ids               = (known after apply)

      [32m+[0m[0m capacity_reservation_specification (known after apply)

      [32m+[0m[0m cpu_options (known after apply)

      [32m+[0m[0m ebs_block_device (known after apply)

      [32m+[0m[0m enclave_options (known after apply)

      [32m+[0m[0m ephemeral_block_device (known after apply)

      [32m+[0m[0m instance_market_options (known after apply)

      [32m+[0m[0m maintenance_options (known after apply)

      [32m+[0m[0m metadata_options (known after apply)

      [32m+[0m[0m network_interface (known after apply)

      [32m+[0m[0m private_dns_name_options (known after apply)

      [32m+[0m[0m root_block_device {
          [32m+[0m[0m delete_on_termination = true
          [32m+[0m[0m device_name           = (known after apply)
          [32m+[0m[0m encrypted             = (known after apply)
          [32m+[0m[0m iops                  = (known after apply)
          [32m+[0m[0m kms_key_id            = (known after apply)
          [32m+[0m[0m tags_all              = (known after apply)
          [32m+[0m[0m throughput            = (known after apply)
          [32m+[0m[0m volume_id             = (known after apply)
          [32m+[0m[0m volume_size           = 50
          [32m+[0m[0m volume_type           = "gp3"
        }
    }

[1m  # aws_instance.worker_cpu[0m will be created
[0m  [32m+[0m[0m resource "aws_instance" "worker_cpu" {
      [32m+[0m[0m ami                                  = "ami-0714f823ff4e72d73"
      [32m+[0m[0m arn                                  = (known after apply)
      [32m+[0m[0m associate_public_ip_address          = (known after apply)
      [32m+[0m[0m availability_zone                    = (known after apply)
      [32m+[0m[0m cpu_core_count                       = (known after apply)
      [32m+[0m[0m cpu_threads_per_core                 = (known after apply)
      [32m+[0m[0m disable_api_stop                     = (known after apply)
      [32m+[0m[0m disable_api_termination              = (known after apply)
      [32m+[0m[0m ebs_optimized                        = (known after apply)
      [32m+[0m[0m enable_primary_ipv6                  = (known after apply)
      [32m+[0m[0m get_password_data                    = false
      [32m+[0m[0m host_id                              = (known after apply)
      [32m+[0m[0m host_resource_group_arn              = (known after apply)
      [32m+[0m[0m iam_instance_profile                 = (known after apply)
      [32m+[0m[0m id                                   = (known after apply)
      [32m+[0m[0m instance_initiated_shutdown_behavior = (known after apply)
      [32m+[0m[0m instance_lifecycle                   = (known after apply)
      [32m+[0m[0m instance_state                       = (known after apply)
      [32m+[0m[0m instance_type                        = "c5.xlarge"
      [32m+[0m[0m ipv6_address_count                   = (known after apply)
      [32m+[0m[0m ipv6_addresses                       = (known after apply)
      [32m+[0m[0m key_name                             = "hivemind-poc-deployer"
      [32m+[0m[0m monitoring                           = (known after apply)
      [32m+[0m[0m outpost_arn                          = (known after apply)
      [32m+[0m[0m password_data                        = (known after apply)
      [32m+[0m[0m placement_group                      = (known after apply)
      [32m+[0m[0m placement_partition_number           = (known after apply)
      [32m+[0m[0m primary_network_interface_id         = (known after apply)
      [32m+[0m[0m private_dns                          = (known after apply)
      [32m+[0m[0m private_ip                           = (known after apply)
      [32m+[0m[0m public_dns                           = (known after apply)
      [32m+[0m[0m public_ip                            = (known after apply)
      [32m+[0m[0m secondary_private_ips                = (known after apply)
      [32m+[0m[0m security_groups                      = (known after apply)
      [32m+[0m[0m source_dest_check                    = true
      [32m+[0m[0m spot_instance_request_id             = (known after apply)
      [32m+[0m[0m subnet_id                            = (known after apply)
      [32m+[0m[0m tags                                 = {
          [32m+[0m[0m "Name" = "hivemind-worker-cpu"
          [32m+[0m[0m "Role" = "worker"
        }
      [32m+[0m[0m tags_all                             = {
          [32m+[0m[0m "Name" = "hivemind-worker-cpu"
          [32m+[0m[0m "Role" = "worker"
        }
      [32m+[0m[0m tenancy                              = (known after apply)
      [32m+[0m[0m user_data                            = (sensitive value)
      [32m+[0m[0m user_data_base64                     = (known after apply)
      [32m+[0m[0m user_data_replace_on_change          = false
      [32m+[0m[0m vpc_security_group_ids               = (known after apply)

      [32m+[0m[0m capacity_reservation_specification (known after apply)

      [32m+[0m[0m cpu_options (known after apply)

      [32m+[0m[0m ebs_block_device (known after apply)

      [32m+[0m[0m enclave_options (known after apply)

      [32m+[0m[0m ephemeral_block_device (known after apply)

      [32m+[0m[0m instance_market_options (known after apply)

      [32m+[0m[0m maintenance_options (known after apply)

      [32m+[0m[0m metadata_options (known after apply)

      [32m+[0m[0m network_interface (known after apply)

      [32m+[0m[0m private_dns_name_options (known after apply)

      [32m+[0m[0m root_block_device {
          [32m+[0m[0m delete_on_termination = true
          [32m+[0m[0m device_name           = (known after apply)
          [32m+[0m[0m encrypted             = (known after apply)
          [32m+[0m[0m iops                  = (known after apply)
          [32m+[0m[0m kms_key_id            = (known after apply)
          [32m+[0m[0m tags_all              = (known after apply)
          [32m+[0m[0m throughput            = (known after apply)
          [32m+[0m[0m volume_id             = (known after apply)
          [32m+[0m[0m volume_size           = 100
          [32m+[0m[0m volume_type           = "gp3"
        }
    }

[1m  # aws_instance.worker_gpu[0m will be created
[0m  [32m+[0m[0m resource "aws_instance" "worker_gpu" {
      [32m+[0m[0m ami                                  = "ami-0714f823ff4e72d73"
      [32m+[0m[0m arn                                  = (known after apply)
      [32m+[0m[0m associate_public_ip_address          = (known after apply)
      [32m+[0m[0m availability_zone                    = (known after apply)
      [32m+[0m[0m cpu_core_count                       = (known after apply)
      [32m+[0m[0m cpu_threads_per_core                 = (known after apply)
      [32m+[0m[0m disable_api_stop                     = (known after apply)
      [32m+[0m[0m disable_api_termination              = (known after apply)
      [32m+[0m[0m ebs_optimized                        = (known after apply)
      [32m+[0m[0m enable_primary_ipv6                  = (known after apply)
      [32m+[0m[0m get_password_data                    = false
      [32m+[0m[0m host_id                              = (known after apply)
      [32m+[0m[0m host_resource_group_arn              = (known after apply)
      [32m+[0m[0m iam_instance_profile                 = (known after apply)
      [32m+[0m[0m id                                   = (known after apply)
      [32m+[0m[0m instance_initiated_shutdown_behavior = (known after apply)
      [32m+[0m[0m instance_lifecycle                   = (known after apply)
      [32m+[0m[0m instance_state                       = (known after apply)
      [32m+[0m[0m instance_type                        = "g4dn.xlarge"
      [32m+[0m[0m ipv6_address_count                   = (known after apply)
      [32m+[0m[0m ipv6_addresses                       = (known after apply)
      [32m+[0m[0m key_name                             = "hivemind-poc-deployer"
      [32m+[0m[0m monitoring                           = (known after apply)
      [32m+[0m[0m outpost_arn                          = (known after apply)
      [32m+[0m[0m password_data                        = (known after apply)
      [32m+[0m[0m placement_group                      = (known after apply)
      [32m+[0m[0m placement_partition_number           = (known after apply)
      [32m+[0m[0m primary_network_interface_id         = (known after apply)
      [32m+[0m[0m private_dns                          = (known after apply)
      [32m+[0m[0m private_ip                           = (known after apply)
      [32m+[0m[0m public_dns                           = (known after apply)
      [32m+[0m[0m public_ip                            = (known after apply)
      [32m+[0m[0m secondary_private_ips                = (known after apply)
      [32m+[0m[0m security_groups                      = (known after apply)
      [32m+[0m[0m source_dest_check                    = true
      [32m+[0m[0m spot_instance_request_id             = (known after apply)
      [32m+[0m[0m subnet_id                            = (known after apply)
      [32m+[0m[0m tags                                 = {
          [32m+[0m[0m "Name" = "hivemind-worker-gpu"
          [32m+[0m[0m "Role" = "worker"
        }
      [32m+[0m[0m tags_all                             = {
          [32m+[0m[0m "Name" = "hivemind-worker-gpu"
          [32m+[0m[0m "Role" = "worker"
        }
      [32m+[0m[0m tenancy                              = (known after apply)
      [32m+[0m[0m user_data                            = (sensitive value)
      [32m+[0m[0m user_data_base64                     = (known after apply)
      [32m+[0m[0m user_data_replace_on_change          = false
      [32m+[0m[0m vpc_security_group_ids               = (known after apply)

      [32m+[0m[0m capacity_reservation_specification (known after apply)

      [32m+[0m[0m cpu_options (known after apply)

      [32m+[0m[0m ebs_block_device (known after apply)

      [32m+[0m[0m enclave_options (known after apply)

      [32m+[0m[0m ephemeral_block_device (known after apply)

      [32m+[0m[0m instance_market_options (known after apply)

      [32m+[0m[0m maintenance_options (known after apply)

      [32m+[0m[0m metadata_options (known after apply)

      [32m+[0m[0m network_interface (known after apply)

      [32m+[0m[0m private_dns_name_options (known after apply)

      [32m+[0m[0m root_block_device {
          [32m+[0m[0m delete_on_termination = true
          [32m+[0m[0m device_name           = (known after apply)
          [32m+[0m[0m encrypted             = (known after apply)
          [32m+[0m[0m iops                  = (known after apply)
          [32m+[0m[0m kms_key_id            = (known after apply)
          [32m+[0m[0m tags_all              = (known after apply)
          [32m+[0m[0m throughput            = (known after apply)
          [32m+[0m[0m volume_id             = (known after apply)
          [32m+[0m[0m volume_size           = 100
          [32m+[0m[0m volume_type           = "gp3"
        }
    }

[1m  # aws_key_pair.poc[0m will be created
[0m  [32m+[0m[0m resource "aws_key_pair" "poc" {
      [32m+[0m[0m arn             = (known after apply)
      [32m+[0m[0m fingerprint     = (known after apply)
      [32m+[0m[0m id              = (known after apply)
      [32m+[0m[0m key_name        = "hivemind-poc-deployer"
      [32m+[0m[0m key_name_prefix = (known after apply)
      [32m+[0m[0m key_pair_id     = (known after apply)
      [32m+[0m[0m key_type        = (known after apply)
      [32m+[0m[0m public_key      = "ssh-ed25519 AAAAC3NzaC1lZDI1NTE5AAAAILralVpTQ0tgwve6HyxwiZ0bzY1wymH/lCm91uL5NjcP"
      [32m+[0m[0m tags_all        = (known after apply)
    }

[1m  # aws_security_group.hivemind[0m will be created
[0m  [32m+[0m[0m resource "aws_security_group" "hivemind" {
      [32m+[0m[0m arn                    = (known after apply)
      [32m+[0m[0m description            = "Managed by Terraform"
      [32m+[0m[0m egress                 = [
          [32m+[0m[0m {
              [32m+[0m[0m cidr_blocks      = [
                  [32m+[0m[0m "0.0.0.0/0",
                ]
              [32m+[0m[0m from_port        = 0
              [32m+[0m[0m ipv6_cidr_blocks = []
              [32m+[0m[0m prefix_list_ids  = []
              [32m+[0m[0m protocol         = "-1"
              [32m+[0m[0m security_groups  = []
              [32m+[0m[0m self             = false
              [32m+[0m[0m to_port          = 0
                [90m# (1 unchanged attribute hidden)[0m[0m
            },
        ]
      [32m+[0m[0m id                     = (known after apply)
      [32m+[0m[0m ingress                = [
          [32m+[0m[0m {
              [32m+[0m[0m cidr_blocks      = [
                  [32m+[0m[0m "66.108.102.239/32",
                ]
              [32m+[0m[0m from_port        = 22
              [32m+[0m[0m ipv6_cidr_blocks = []
              [32m+[0m[0m prefix_list_ids  = []
              [32m+[0m[0m protocol         = "tcp"
              [32m+[0m[0m security_groups  = []
              [32m+[0m[0m self             = false
              [32m+[0m[0m to_port          = 22
                [90m# (1 unchanged attribute hidden)[0m[0m
            },
          [32m+[0m[0m {
              [32m+[0m[0m cidr_blocks      = [
                  [32m+[0m[0m "66.108.102.239/32",
                ]
              [32m+[0m[0m from_port        = 8080
              [32m+[0m[0m ipv6_cidr_blocks = []
              [32m+[0m[0m prefix_list_ids  = []
              [32m+[0m[0m protocol         = "tcp"
              [32m+[0m[0m security_groups  = []
              [32m+[0m[0m self             = false
              [32m+[0m[0m to_port          = 8080
                [90m# (1 unchanged attribute hidden)[0m[0m
            },
          [32m+[0m[0m {
              [32m+[0m[0m cidr_blocks      = []
              [32m+[0m[0m from_port        = 8080
              [32m+[0m[0m ipv6_cidr_blocks = []
              [32m+[0m[0m prefix_list_ids  = []
              [32m+[0m[0m protocol         = "tcp"
              [32m+[0m[0m security_groups  = []
              [32m+[0m[0m self             = true
              [32m+[0m[0m to_port          = 9300
                [90m# (1 unchanged attribute hidden)[0m[0m
            },
          [32m+[0m[0m {
              [32m+[0m[0m cidr_blocks      = []
              [32m+[0m[0m from_port        = 9300
              [32m+[0m[0m ipv6_cidr_blocks = []
              [32m+[0m[0m prefix_list_ids  = []
              [32m+[0m[0m protocol         = "udp"
              [32m+[0m[0m security_groups  = []
              [32m+[0m[0m self             = true
              [32m+[0m[0m to_port          = 9300
                [90m# (1 unchanged attribute hidden)[0m[0m
            },
        ]
      [32m+[0m[0m name                   = (known after apply)
      [32m+[0m[0m name_prefix            = "hivemind-poc-"
      [32m+[0m[0m owner_id               = (known after apply)
      [32m+[0m[0m revoke_rules_on_delete = false
      [32m+[0m[0m tags                   = {
          [32m+[0m[0m "Name" = "hivemind-poc"
        }
      [32m+[0m[0m tags_all               = {
          [32m+[0m[0m "Name" = "hivemind-poc"
        }
      [32m+[0m[0m vpc_id                 = (known after apply)
    }

[1mPlan:[0m [0m10 to add, 0 to change, 0 to destroy.

Changes to Outputs:
  [32m+[0m[0m api_url              = (known after apply)
  [32m+[0m[0m dashboard_url        = (known after apply)
  [32m+[0m[0m ecr_repository_name  = "hivemind-poc"
  [32m+[0m[0m ecr_repository_url   = (known after apply)
  [32m+[0m[0m replica_ami          = "ami-098e39bafa7e7303d"
  [32m+[0m[0m replica_ips          = [
      [32m+[0m[0m (known after apply),
      [32m+[0m[0m (known after apply),
      [32m+[0m[0m (known after apply),
      [32m+[0m[0m (known after apply),
      [32m+[0m[0m (known after apply),
    ]
  [32m+[0m[0m replica_public_ips   = [
      [32m+[0m[0m (known after apply),
      [32m+[0m[0m (known after apply),
      [32m+[0m[0m (known after apply),
      [32m+[0m[0m (known after apply),
      [32m+[0m[0m (known after apply),
    ]
  [32m+[0m[0m worker_ami           = "ami-0714f823ff4e72d73"
  [32m+[0m[0m worker_cpu_ip        = (known after apply)
  [32m+[0m[0m worker_cpu_public_ip = (known after apply)
  [32m+[0m[0m worker_gpu_ip        = (known after apply)
  [32m+[0m[0m worker_gpu_public_ip = (known after apply)
[0m[1maws_key_pair.poc: Creating...[0m[0m
[0m[1maws_ecr_repository.workloads: Creating...[0m[0m
[0m[1maws_security_group.hivemind: Creating...[0m[0m
[0m[1maws_key_pair.poc: Creation complete after 0s [id=hivemind-poc-deployer][0m
[0m[1maws_ecr_repository.workloads: Creation complete after 1s [id=hivemind-poc][0m
[0m[1maws_security_group.hivemind: Creation complete after 3s [id=sg-0d92d9ccc11539079][0m
[0m[1maws_instance.replica[0]: Creating...[0m[0m
[0m[1maws_instance.worker_cpu: Creating...[0m[0m
[0m[1maws_instance.replica[2]: Creating...[0m[0m
[0m[1maws_instance.replica[4]: Creating...[0m[0m
[0m[1maws_instance.replica[1]: Creating...[0m[0m
[0m[1maws_instance.replica[3]: Creating...[0m[0m
[0m[1maws_instance.worker_gpu: Creating...[0m[0m
[0m[1maws_instance.replica[1]: Still creating... [00m10s elapsed][0m[0m
[0m[1maws_instance.replica[4]: Still creating... [00m10s elapsed][0m[0m
[0m[1maws_instance.replica[3]: Still creating... [00m10s elapsed][0m[0m
[0m[1maws_instance.replica[0]: Still creating... [00m10s elapsed][0m[0m
[0m[1maws_instance.worker_gpu: Still creating... [00m10s elapsed][0m[0m
[0m[1maws_instance.worker_cpu: Still creating... [00m10s elapsed][0m[0m
[0m[1maws_instance.replica[2]: Still creating... [00m10s elapsed][0m[0m
[0m[1maws_instance.replica[4]: Creation complete after 13s [id=i-01b966060b0112e44][0m
[0m[1maws_instance.worker_gpu: Creation complete after 13s [id=i-0c662163b42c61c88][0m
[0m[1maws_instance.replica[0]: Creation complete after 13s [id=i-0b17d16bdc515633f][0m
[0m[1maws_instance.replica[2]: Creation complete after 13s [id=i-06783b5a9d75a9d4c][0m
[0m[1maws_instance.replica[3]: Creation complete after 13s [id=i-0ea938d78cea8b3a4][0m
[0m[1maws_instance.worker_cpu: Creation complete after 13s [id=i-07f3674caa0f5be65][0m
[0m[1maws_instance.replica[1]: Creation complete after 13s [id=i-0741fad70d1dafcbf][0m
[0m[1m[32m
Apply complete! Resources: 10 added, 0 changed, 0 destroyed.[0m
[0m[1m[32m
Outputs:

[0mapi_url = "http://98.92.68.87:8080"
dashboard_url = "http://98.92.68.87:8080/dashboard"
ecr_repository_name = "hivemind-poc"
ecr_repository_url = "288552132534.dkr.ecr.us-east-1.amazonaws.com/hivemind-poc"
replica_ami = "ami-098e39bafa7e7303d"
replica_ips = [
  "172.31.66.171",
  "172.31.64.9",
  "172.31.74.147",
  "172.31.73.34",
  "172.31.74.154",
]
replica_public_ips = [
  "98.92.68.87",
  "18.205.66.247",
  "98.93.166.85",
  "44.222.195.233",
  "3.236.8.109",
]
worker_ami = "ami-0714f823ff4e72d73"
worker_cpu_ip = "172.31.77.206"
worker_cpu_public_ip = "44.222.217.166"
worker_gpu_ip = "172.31.71.209"
worker_gpu_public_ip = "44.201.95.47"
api_url=http://98.92.68.87:8080
replica_public_ips=98.92.68.87,18.205.66.247,98.93.166.85,44.222.195.233,3.236.8.109
worker_cpu_public_ip=44.222.217.166
worker_gpu_public_ip=44.201.95.47
ecr_repository_url=288552132534.dkr.ecr.us-east-1.amazonaws.com/hivemind-poc

=== 2. Build and push CPU workload image ===
timeout_seconds=900

WARNING! Your credentials are stored unencrypted in '/Users/elijahrou/.docker/config.json'.
Configure a credential helper to remove this warning. See
https://docs.docker.com/go/credential-store/

Login Succeeded
reuse_local_cpu_image=288552132534.dkr.ecr.us-east-1.amazonaws.com/hivemind-poc:cpu-poc-20260425161351
The push refers to repository [288552132534.dkr.ecr.us-east-1.amazonaws.com/hivemind-poc]
3531af2bc2a9: Waiting
720567a4c908: Waiting
4d873bcef452: Waiting
3fc9d9ab5045: Waiting
40cc0faef9f9: Waiting
cb8c0a9140ac: Waiting
40cc0faef9f9: Waiting
cb8c0a9140ac: Waiting
3531af2bc2a9: Waiting
720567a4c908: Waiting
4d873bcef452: Waiting
3fc9d9ab5045: Waiting
cb8c0a9140ac: Waiting
3531af2bc2a9: Waiting
720567a4c908: Waiting
4d873bcef452: Waiting
3fc9d9ab5045: Waiting
40cc0faef9f9: Waiting
720567a4c908: Waiting
3fc9d9ab5045: Waiting
40cc0faef9f9: Waiting
3531af2bc2a9: Waiting
3fc9d9ab5045: Pushed
720567a4c908: Pushed
40cc0faef9f9: Pushed
cb8c0a9140ac: Pushed
4d873bcef452: Pushed
3531af2bc2a9: Pushed
cpu-section5-20260428023323: digest: sha256:0ef7805101e7df470e42baccddceeddf7959f214d30903c7f8aea65ce1e53cbd size: 1617
CPU_IMAGE=288552132534.dkr.ecr.us-east-1.amazonaws.com/hivemind-poc:cpu-section5-20260428023323

=== 3. Deploy Hivemind binaries/services ===
timeout_seconds=900
==> Building Zig replica (linux-x86_64)...
==> Building Rust worker (linux-x86_64)...
    using cargo-zigbuild (cargo-zigbuild 0.22.2, zig 0.16.0)
   Compiling hivemind-worker v0.1.0 (/Users/elijahrou/Projects/hivemind/v1/worker)
warning: constant `MSG_REGISTER_ACK` is never used
 --> src/protocol.rs:8:7
  |
8 | const MSG_REGISTER_ACK: u8 = 0x01;
  |       ^^^^^^^^^^^^^^^^
  |
  = note: `#[warn(dead_code)]` (part of `#[warn(unused)]`) on by default

warning: `hivemind-worker` (lib) generated 1 warning
    Finished `release` profile [optimized] target(s) in 2.53s
==> Building Go API (linux-x86_64)...
==> Reading Terraform outputs...
    Replicas: 172.31.66.171 172.31.64.9 172.31.74.147 172.31.73.34 172.31.74.154
    Worker CPU: 172.31.77.206
    Worker GPU: 172.31.71.209
    Peers: 0@172.31.66.171:9102,1@172.31.64.9:9102,2@172.31.74.147:9102,3@172.31.73.34:9102,4@172.31.74.154:9102
    API addrs: 172.31.66.171:9001,172.31.64.9:9001,172.31.74.147:9001,172.31.73.34:9001,172.31.74.154:9001
==> Deploying replica 0 to 98.92.68.87 (172.31.66.171)...
Warning: Permanently added '98.92.68.87' (ED25519) to the list of known hosts.
Warning: Permanently added '98.92.68.87' (ED25519) to the list of known hosts.
Warning: Permanently added '98.92.68.87' (ED25519) to the list of known hosts.
Warning: Permanently added '98.92.68.87' (ED25519) to the list of known hosts.
Warning: Permanently added '98.92.68.87' (ED25519) to the list of known hosts.
Created symlink /etc/systemd/system/multi-user.target.wants/hivemind.service → /etc/systemd/system/hivemind.service.
Created symlink /etc/systemd/system/multi-user.target.wants/hivemind-api.service → /etc/systemd/system/hivemind-api.service.
    replica 0 started
==> Deploying replica 1 to 18.205.66.247 (172.31.64.9)...
Warning: Permanently added '18.205.66.247' (ED25519) to the list of known hosts.
Warning: Permanently added '18.205.66.247' (ED25519) to the list of known hosts.
Warning: Permanently added '18.205.66.247' (ED25519) to the list of known hosts.
Warning: Permanently added '18.205.66.247' (ED25519) to the list of known hosts.
Warning: Permanently added '18.205.66.247' (ED25519) to the list of known hosts.
Created symlink /etc/systemd/system/multi-user.target.wants/hivemind.service → /etc/systemd/system/hivemind.service.
Created symlink /etc/systemd/system/multi-user.target.wants/hivemind-api.service → /etc/systemd/system/hivemind-api.service.
    replica 1 started
==> Deploying replica 2 to 98.93.166.85 (172.31.74.147)...
Warning: Permanently added '98.93.166.85' (ED25519) to the list of known hosts.
Warning: Permanently added '98.93.166.85' (ED25519) to the list of known hosts.
Warning: Permanently added '98.93.166.85' (ED25519) to the list of known hosts.
Warning: Permanently added '98.93.166.85' (ED25519) to the list of known hosts.
Warning: Permanently added '98.93.166.85' (ED25519) to the list of known hosts.
Created symlink /etc/systemd/system/multi-user.target.wants/hivemind.service → /etc/systemd/system/hivemind.service.
Created symlink /etc/systemd/system/multi-user.target.wants/hivemind-api.service → /etc/systemd/system/hivemind-api.service.
    replica 2 started
==> Deploying replica 3 to 44.222.195.233 (172.31.73.34)...
Warning: Permanently added '44.222.195.233' (ED25519) to the list of known hosts.
Warning: Permanently added '44.222.195.233' (ED25519) to the list of known hosts.
Warning: Permanently added '44.222.195.233' (ED25519) to the list of known hosts.
Warning: Permanently added '44.222.195.233' (ED25519) to the list of known hosts.
Warning: Permanently added '44.222.195.233' (ED25519) to the list of known hosts.
Created symlink /etc/systemd/system/multi-user.target.wants/hivemind.service → /etc/systemd/system/hivemind.service.
Created symlink /etc/systemd/system/multi-user.target.wants/hivemind-api.service → /etc/systemd/system/hivemind-api.service.
    replica 3 started
==> Deploying replica 4 to 3.236.8.109 (172.31.74.154)...
Warning: Permanently added '3.236.8.109' (ED25519) to the list of known hosts.
Warning: Permanently added '3.236.8.109' (ED25519) to the list of known hosts.
Warning: Permanently added '3.236.8.109' (ED25519) to the list of known hosts.
Warning: Permanently added '3.236.8.109' (ED25519) to the list of known hosts.
Warning: Permanently added '3.236.8.109' (ED25519) to the list of known hosts.
Created symlink /etc/systemd/system/multi-user.target.wants/hivemind.service → /etc/systemd/system/hivemind.service.
Created symlink /etc/systemd/system/multi-user.target.wants/hivemind-api.service → /etc/systemd/system/hivemind-api.service.
    replica 4 started
==> Waiting 10s for leader election...
==> Deploying worker (cpu) to 44.222.217.166...
Warning: Permanently added '44.222.217.166' (ED25519) to the list of known hosts.
Warning: Permanently added '44.222.217.166' (ED25519) to the list of known hosts.
Warning: Permanently added '44.222.217.166' (ED25519) to the list of known hosts.
Warning: Permanently added '44.222.217.166' (ED25519) to the list of known hosts.
Created symlink /etc/systemd/system/multi-user.target.wants/hivemind-worker.service → /etc/systemd/system/hivemind-worker.service.
    worker (cpu) started
==> Deploying worker (gpu) to 44.201.95.47...
Warning: Permanently added '44.201.95.47' (ED25519) to the list of known hosts.
Warning: Permanently added '44.201.95.47' (ED25519) to the list of known hosts.
Warning: Permanently added '44.201.95.47' (ED25519) to the list of known hosts.
Warning: Permanently added '44.201.95.47' (ED25519) to the list of known hosts.
Created symlink /etc/systemd/system/multi-user.target.wants/hivemind-worker.service → /etc/systemd/system/hivemind-worker.service.
    worker (gpu) started

=== POC Deployment Complete ===
Replica IPs:  98.92.68.87 18.205.66.247 98.93.166.85 44.222.195.233 3.236.8.109
Worker CPU:    44.222.217.166
Worker GPU:    44.201.95.47
API:          http://98.92.68.87:8080/v1/health
Dashboard:    http://98.92.68.87:8080/dashboard
Smoke:        ./smoke-test.sh http://98.92.68.87:8080 --gpu-worker 44.201.95.47 --ssh-key /Users/elijahrou/.ssh/id_ed25519 --gpu-type t4

=== 4. Preload CPU image into workers ===
timeout_seconds=600
preload_cpu_image worker=44.222.217.166 image=288552132534.dkr.ecr.us-east-1.amazonaws.com/hivemind-poc:cpu-section5-20260428023323
Warning: Permanently added '44.222.217.166' (ED25519) to the list of known hosts.
time="2026-04-28T06:35:43Z" level=warning msg="DEPRECATION: The `otlp` property of `[plugins.\"io.containerd.tracing.processor.v1\".otlp]` is deprecated since containerd v1.6 and will be removed in containerd v2.0.Use OTLP environment variables instead: https://opentelemetry.io/docs/specs/otel/protocol/exporter/"
time="2026-04-28T06:35:43Z" level=warning msg="DEPRECATION: The `tracing` property of `[plugins.\"io.containerd.internal.v1\".tracing]` is deprecated since containerd v1.6 and will be removed in containerd v2.0.Use OTEL environment variables instead: https://opentelemetry.io/docs/specs/otel/configuration/sdk-environment-variables/"
preload_cpu_image worker=44.201.95.47 image=288552132534.dkr.ecr.us-east-1.amazonaws.com/hivemind-poc:cpu-section5-20260428023323
Warning: Permanently added '44.201.95.47' (ED25519) to the list of known hosts.
time="2026-04-28T06:35:58Z" level=warning msg="DEPRECATION: The `otlp` property of `[plugins.\"io.containerd.tracing.processor.v1\".otlp]` is deprecated since containerd v1.6 and will be removed in containerd v2.0.Use OTLP environment variables instead: https://opentelemetry.io/docs/specs/otel/protocol/exporter/"
time="2026-04-28T06:35:58Z" level=warning msg="DEPRECATION: The `tracing` property of `[plugins.\"io.containerd.internal.v1\".tracing]` is deprecated since containerd v1.6 and will be removed in containerd v2.0.Use OTEL environment variables instead: https://opentelemetry.io/docs/specs/otel/configuration/sdk-environment-variables/"

=== 5. Targeted Section 5 failure drill ===
timeout_seconds=900
section5_tag=section5-20260428023558
api_url=http://98.92.68.87:8080
replica_public_ips=98.92.68.87,18.205.66.247,98.93.166.85,44.222.195.233,3.236.8.109
worker_cpu_public_ip=44.222.217.166
worker_gpu_public_ip=44.201.95.47
cpu_image=288552132534.dkr.ecr.us-east-1.amazonaws.com/hivemind-poc:cpu-section5-20260428023323
timeout_seconds=900
out_dir=/Users/elijahrou/Projects/hivemind/v1/artifacts/poc-final/05-failure-drills
log=/Users/elijahrou/Projects/hivemind/v1/artifacts/poc-final/00-runbook/section5-section5-20260428023558.log
=== Drill A: Leader loss during traffic ===

[A1] Create deployment for drill traffic...
{"id":11177516664432764457,"name":"drill-cpu-1777358159-41774"}

[A2] Wait for deployment ready...
  ready at attempt 2
[A3] Verify /run works before kill...
  PASS: pre-kill run succeeds (attempt 1)
[A4] Current leader: 172.31.66.171:9001 public_ip=98.92.68.87
     Killing hivemind on leader...
     Leader stopped.
[A5] Wait for new leader election + API reconnect...
  PASS: api reconnects after leader loss (attempt 1)
[Diagnostics] Capturing replica state: leader-loss-recovered-1777358159-41774 -> /Users/elijahrou/Projects/hivemind/v1/artifacts/poc-final/05-failure-drills/diagnostics-leader-loss-recovered-1777358159-41774
  capture 98.92.68.87
  capture 18.205.66.247
  capture 98.93.166.85
  capture 44.222.195.233
  capture 3.236.8.109
     New leader: 172.31.74.147:9001
  PASS: new leader different from killed
[A6] Verify /run works after failover...
  FAIL: post-kill run succeeds (expected field 'model', got '')
[Diagnostics] Capturing replica state: leader-loss-post-run-failed-1777358159-41774 -> /Users/elijahrou/Projects/hivemind/v1/artifacts/poc-final/05-failure-drills/diagnostics-leader-loss-post-run-failed-1777358159-41774
  capture 98.92.68.87
  capture 18.205.66.247
  capture 98.93.166.85
  capture 44.222.195.233
  capture 3.236.8.109
[Cleanup] Restarting stopped leader replica 98.92.68.87...
[Cleanup] Deleting drill deployment 11177516664432764457...

=== Teardown Hivemind POC infra ===
skip EKS destroy

=== Destroy isolated Hivemind POC infra ===
[0m[1mInitializing the backend...[0m
[0m[1mInitializing provider plugins...[0m
- Reusing previous version of hashicorp/aws from the dependency lock file
- Using previously-installed hashicorp/aws v5.100.0

[0m[1m[32mTerraform has been successfully initialized![0m[32m[0m
[0m[32m
You may now begin working with Terraform. Try running "terraform plan" to see
any changes that are required for your infrastructure. All Terraform commands
should now work.

If you ever set or change modules or backend configuration for Terraform,
rerun this command to reinitialize your working directory. If you forget, other
commands will detect it and remind you to do so if necessary.[0m
[0m[1maws_ecr_repository.workloads: Refreshing state... [id=hivemind-poc][0m
[0m[1maws_key_pair.poc: Refreshing state... [id=hivemind-poc-deployer][0m
[0m[1maws_security_group.hivemind: Refreshing state... [id=sg-0d92d9ccc11539079][0m
[0m[1maws_instance.worker_cpu: Refreshing state... [id=i-07f3674caa0f5be65][0m
[0m[1maws_instance.replica[3]: Refreshing state... [id=i-0ea938d78cea8b3a4][0m
[0m[1maws_instance.replica[1]: Refreshing state... [id=i-0741fad70d1dafcbf][0m
[0m[1maws_instance.worker_gpu: Refreshing state... [id=i-0c662163b42c61c88][0m
[0m[1maws_instance.replica[0]: Refreshing state... [id=i-0b17d16bdc515633f][0m
[0m[1maws_instance.replica[2]: Refreshing state... [id=i-06783b5a9d75a9d4c][0m
[0m[1maws_instance.replica[4]: Refreshing state... [id=i-01b966060b0112e44][0m

Terraform used the selected providers to generate the following execution
plan. Resource actions are indicated with the following symbols:
  [31m-[0m destroy[0m

Terraform will perform the following actions:

[1m  # aws_ecr_repository.workloads[0m will be [1m[31mdestroyed[0m
[0m  [31m-[0m[0m resource "aws_ecr_repository" "workloads" {
      [31m-[0m[0m arn                  = "arn:aws:ecr:us-east-1:288552132534:repository/hivemind-poc" [90m-> null[0m[0m
      [31m-[0m[0m force_delete         = true [90m-> null[0m[0m
      [31m-[0m[0m id                   = "hivemind-poc" [90m-> null[0m[0m
      [31m-[0m[0m image_tag_mutability = "MUTABLE" [90m-> null[0m[0m
      [31m-[0m[0m name                 = "hivemind-poc" [90m-> null[0m[0m
      [31m-[0m[0m registry_id          = "288552132534" [90m-> null[0m[0m
      [31m-[0m[0m repository_url       = "288552132534.dkr.ecr.us-east-1.amazonaws.com/hivemind-poc" [90m-> null[0m[0m
      [31m-[0m[0m tags                 = {
          [31m-[0m[0m "Name" = "hivemind-poc-workloads"
        } [90m-> null[0m[0m
      [31m-[0m[0m tags_all             = {
          [31m-[0m[0m "Name" = "hivemind-poc-workloads"
        } [90m-> null[0m[0m

      [31m-[0m[0m encryption_configuration {
          [31m-[0m[0m encryption_type = "AES256" [90m-> null[0m[0m
            [90m# (1 unchanged attribute hidden)[0m[0m
        }

      [31m-[0m[0m image_scanning_configuration {
          [31m-[0m[0m scan_on_push = false [90m-> null[0m[0m
        }
    }

[1m  # aws_instance.replica[0][0m will be [1m[31mdestroyed[0m
[0m  [31m-[0m[0m resource "aws_instance" "replica" {
      [31m-[0m[0m ami                                  = "ami-098e39bafa7e7303d" [90m-> null[0m[0m
      [31m-[0m[0m arn                                  = "arn:aws:ec2:us-east-1:288552132534:instance/i-0b17d16bdc515633f" [90m-> null[0m[0m
      [31m-[0m[0m associate_public_ip_address          = true [90m-> null[0m[0m
      [31m-[0m[0m availability_zone                    = "us-east-1f" [90m-> null[0m[0m
      [31m-[0m[0m cpu_core_count                       = 2 [90m-> null[0m[0m
      [31m-[0m[0m cpu_threads_per_core                 = 2 [90m-> null[0m[0m
      [31m-[0m[0m disable_api_stop                     = false [90m-> null[0m[0m
      [31m-[0m[0m disable_api_termination              = false [90m-> null[0m[0m
      [31m-[0m[0m ebs_optimized                        = false [90m-> null[0m[0m
      [31m-[0m[0m get_password_data                    = false [90m-> null[0m[0m
      [31m-[0m[0m hibernation                          = false [90m-> null[0m[0m
      [31m-[0m[0m id                                   = "i-0b17d16bdc515633f" [90m-> null[0m[0m
      [31m-[0m[0m instance_initiated_shutdown_behavior = "stop" [90m-> null[0m[0m
      [31m-[0m[0m instance_state                       = "running" [90m-> null[0m[0m
      [31m-[0m[0m instance_type                        = "c5.xlarge" [90m-> null[0m[0m
      [31m-[0m[0m ipv6_address_count                   = 0 [90m-> null[0m[0m
      [31m-[0m[0m ipv6_addresses                       = [] [90m-> null[0m[0m
      [31m-[0m[0m key_name                             = "hivemind-poc-deployer" [90m-> null[0m[0m
      [31m-[0m[0m monitoring                           = false [90m-> null[0m[0m
      [31m-[0m[0m placement_partition_number           = 0 [90m-> null[0m[0m
      [31m-[0m[0m primary_network_interface_id         = "eni-0df838b07c1127bdb" [90m-> null[0m[0m
      [31m-[0m[0m private_dns                          = "ip-172-31-66-171.ec2.internal" [90m-> null[0m[0m
      [31m-[0m[0m private_ip                           = "172.31.66.171" [90m-> null[0m[0m
      [31m-[0m[0m public_dns                           = "ec2-98-92-68-87.compute-1.amazonaws.com" [90m-> null[0m[0m
      [31m-[0m[0m public_ip                            = "98.92.68.87" [90m-> null[0m[0m
      [31m-[0m[0m secondary_private_ips                = [] [90m-> null[0m[0m
      [31m-[0m[0m security_groups                      = [
          [31m-[0m[0m "hivemind-poc-20260428063327018300000001",
        ] [90m-> null[0m[0m
      [31m-[0m[0m source_dest_check                    = true [90m-> null[0m[0m
      [31m-[0m[0m subnet_id                            = "subnet-89d4f687" [90m-> null[0m[0m
      [31m-[0m[0m tags                                 = {
          [31m-[0m[0m "Name" = "hivemind-replica-0"
          [31m-[0m[0m "Role" = "replica"
        } [90m-> null[0m[0m
      [31m-[0m[0m tags_all                             = {
          [31m-[0m[0m "Name" = "hivemind-replica-0"
          [31m-[0m[0m "Role" = "replica"
        } [90m-> null[0m[0m
      [31m-[0m[0m tenancy                              = "default" [90m-> null[0m[0m
      [31m-[0m[0m user_data                            = (sensitive value) [90m-> null[0m[0m
      [31m-[0m[0m user_data_replace_on_change          = false [90m-> null[0m[0m
      [31m-[0m[0m vpc_security_group_ids               = [
          [31m-[0m[0m "sg-0d92d9ccc11539079",
        ] [90m-> null[0m[0m
        [90m# (7 unchanged attributes hidden)[0m[0m

      [31m-[0m[0m capacity_reservation_specification {
          [31m-[0m[0m capacity_reservation_preference = "open" [90m-> null[0m[0m
        }

      [31m-[0m[0m cpu_options {
          [31m-[0m[0m core_count       = 2 [90m-> null[0m[0m
          [31m-[0m[0m threads_per_core = 2 [90m-> null[0m[0m
            [90m# (1 unchanged attribute hidden)[0m[0m
        }

      [31m-[0m[0m enclave_options {
          [31m-[0m[0m enabled = false [90m-> null[0m[0m
        }

      [31m-[0m[0m maintenance_options {
          [31m-[0m[0m auto_recovery = "default" [90m-> null[0m[0m
        }

      [31m-[0m[0m metadata_options {
          [31m-[0m[0m http_endpoint               = "enabled" [90m-> null[0m[0m
          [31m-[0m[0m http_protocol_ipv6          = "disabled" [90m-> null[0m[0m
          [31m-[0m[0m http_put_response_hop_limit = 2 [90m-> null[0m[0m
          [31m-[0m[0m http_tokens                 = "required" [90m-> null[0m[0m
          [31m-[0m[0m instance_metadata_tags      = "disabled" [90m-> null[0m[0m
        }

      [31m-[0m[0m private_dns_name_options {
          [31m-[0m[0m enable_resource_name_dns_a_record    = false [90m-> null[0m[0m
          [31m-[0m[0m enable_resource_name_dns_aaaa_record = false [90m-> null[0m[0m
          [31m-[0m[0m hostname_type                        = "ip-name" [90m-> null[0m[0m
        }

      [31m-[0m[0m root_block_device {
          [31m-[0m[0m delete_on_termination = true [90m-> null[0m[0m
          [31m-[0m[0m device_name           = "/dev/xvda" [90m-> null[0m[0m
          [31m-[0m[0m encrypted             = false [90m-> null[0m[0m
          [31m-[0m[0m iops                  = 3000 [90m-> null[0m[0m
          [31m-[0m[0m tags                  = {} [90m-> null[0m[0m
          [31m-[0m[0m tags_all              = {} [90m-> null[0m[0m
          [31m-[0m[0m throughput            = 125 [90m-> null[0m[0m
          [31m-[0m[0m volume_id             = "vol-0c1d2805658b97845" [90m-> null[0m[0m
          [31m-[0m[0m volume_size           = 50 [90m-> null[0m[0m
          [31m-[0m[0m volume_type           = "gp3" [90m-> null[0m[0m
            [90m# (1 unchanged attribute hidden)[0m[0m
        }
    }

[1m  # aws_instance.replica[1][0m will be [1m[31mdestroyed[0m
[0m  [31m-[0m[0m resource "aws_instance" "replica" {
      [31m-[0m[0m ami                                  = "ami-098e39bafa7e7303d" [90m-> null[0m[0m
      [31m-[0m[0m arn                                  = "arn:aws:ec2:us-east-1:288552132534:instance/i-0741fad70d1dafcbf" [90m-> null[0m[0m
      [31m-[0m[0m associate_public_ip_address          = true [90m-> null[0m[0m
      [31m-[0m[0m availability_zone                    = "us-east-1f" [90m-> null[0m[0m
      [31m-[0m[0m cpu_core_count                       = 2 [90m-> null[0m[0m
      [31m-[0m[0m cpu_threads_per_core                 = 2 [90m-> null[0m[0m
      [31m-[0m[0m disable_api_stop                     = false [90m-> null[0m[0m
      [31m-[0m[0m disable_api_termination              = false [90m-> null[0m[0m
      [31m-[0m[0m ebs_optimized                        = false [90m-> null[0m[0m
      [31m-[0m[0m get_password_data                    = false [90m-> null[0m[0m
      [31m-[0m[0m hibernation                          = false [90m-> null[0m[0m
      [31m-[0m[0m id                                   = "i-0741fad70d1dafcbf" [90m-> null[0m[0m
      [31m-[0m[0m instance_initiated_shutdown_behavior = "stop" [90m-> null[0m[0m
      [31m-[0m[0m instance_state                       = "running" [90m-> null[0m[0m
      [31m-[0m[0m instance_type                        = "c5.xlarge" [90m-> null[0m[0m
      [31m-[0m[0m ipv6_address_count                   = 0 [90m-> null[0m[0m
      [31m-[0m[0m ipv6_addresses                       = [] [90m-> null[0m[0m
      [31m-[0m[0m key_name                             = "hivemind-poc-deployer" [90m-> null[0m[0m
      [31m-[0m[0m monitoring                           = false [90m-> null[0m[0m
      [31m-[0m[0m placement_partition_number           = 0 [90m-> null[0m[0m
      [31m-[0m[0m primary_network_interface_id         = "eni-0ef7b8c9516b157ea" [90m-> null[0m[0m
      [31m-[0m[0m private_dns                          = "ip-172-31-64-9.ec2.internal" [90m-> null[0m[0m
      [31m-[0m[0m private_ip                           = "172.31.64.9" [90m-> null[0m[0m
      [31m-[0m[0m public_dns                           = "ec2-18-205-66-247.compute-1.amazonaws.com" [90m-> null[0m[0m
      [31m-[0m[0m public_ip                            = "18.205.66.247" [90m-> null[0m[0m
      [31m-[0m[0m secondary_private_ips                = [] [90m-> null[0m[0m
      [31m-[0m[0m security_groups                      = [
          [31m-[0m[0m "hivemind-poc-20260428063327018300000001",
        ] [90m-> null[0m[0m
      [31m-[0m[0m source_dest_check                    = true [90m-> null[0m[0m
      [31m-[0m[0m subnet_id                            = "subnet-89d4f687" [90m-> null[0m[0m
      [31m-[0m[0m tags                                 = {
          [31m-[0m[0m "Name" = "hivemind-replica-1"
          [31m-[0m[0m "Role" = "replica"
        } [90m-> null[0m[0m
      [31m-[0m[0m tags_all                             = {
          [31m-[0m[0m "Name" = "hivemind-replica-1"
          [31m-[0m[0m "Role" = "replica"
        } [90m-> null[0m[0m
      [31m-[0m[0m tenancy                              = "default" [90m-> null[0m[0m
      [31m-[0m[0m user_data                            = (sensitive value) [90m-> null[0m[0m
      [31m-[0m[0m user_data_replace_on_change          = false [90m-> null[0m[0m
      [31m-[0m[0m vpc_security_group_ids               = [
          [31m-[0m[0m "sg-0d92d9ccc11539079",
        ] [90m-> null[0m[0m
        [90m# (7 unchanged attributes hidden)[0m[0m

      [31m-[0m[0m capacity_reservation_specification {
          [31m-[0m[0m capacity_reservation_preference = "open" [90m-> null[0m[0m
        }

      [31m-[0m[0m cpu_options {
          [31m-[0m[0m core_count       = 2 [90m-> null[0m[0m
          [31m-[0m[0m threads_per_core = 2 [90m-> null[0m[0m
            [90m# (1 unchanged attribute hidden)[0m[0m
        }

      [31m-[0m[0m enclave_options {
          [31m-[0m[0m enabled = false [90m-> null[0m[0m
        }

      [31m-[0m[0m maintenance_options {
          [31m-[0m[0m auto_recovery = "default" [90m-> null[0m[0m
        }

      [31m-[0m[0m metadata_options {
          [31m-[0m[0m http_endpoint               = "enabled" [90m-> null[0m[0m
          [31m-[0m[0m http_protocol_ipv6          = "disabled" [90m-> null[0m[0m
          [31m-[0m[0m http_put_response_hop_limit = 2 [90m-> null[0m[0m
          [31m-[0m[0m http_tokens                 = "required" [90m-> null[0m[0m
          [31m-[0m[0m instance_metadata_tags      = "disabled" [90m-> null[0m[0m
        }

      [31m-[0m[0m private_dns_name_options {
          [31m-[0m[0m enable_resource_name_dns_a_record    = false [90m-> null[0m[0m
          [31m-[0m[0m enable_resource_name_dns_aaaa_record = false [90m-> null[0m[0m
          [31m-[0m[0m hostname_type                        = "ip-name" [90m-> null[0m[0m
        }

      [31m-[0m[0m root_block_device {
          [31m-[0m[0m delete_on_termination = true [90m-> null[0m[0m
          [31m-[0m[0m device_name           = "/dev/xvda" [90m-> null[0m[0m
          [31m-[0m[0m encrypted             = false [90m-> null[0m[0m
          [31m-[0m[0m iops                  = 3000 [90m-> null[0m[0m
          [31m-[0m[0m tags                  = {} [90m-> null[0m[0m
          [31m-[0m[0m tags_all              = {} [90m-> null[0m[0m
          [31m-[0m[0m throughput            = 125 [90m-> null[0m[0m
          [31m-[0m[0m volume_id             = "vol-069896dce43b7c9c0" [90m-> null[0m[0m
          [31m-[0m[0m volume_size           = 50 [90m-> null[0m[0m
          [31m-[0m[0m volume_type           = "gp3" [90m-> null[0m[0m
            [90m# (1 unchanged attribute hidden)[0m[0m
        }
    }

[1m  # aws_instance.replica[2][0m will be [1m[31mdestroyed[0m
[0m  [31m-[0m[0m resource "aws_instance" "replica" {
      [31m-[0m[0m ami                                  = "ami-098e39bafa7e7303d" [90m-> null[0m[0m
      [31m-[0m[0m arn                                  = "arn:aws:ec2:us-east-1:288552132534:instance/i-06783b5a9d75a9d4c" [90m-> null[0m[0m
      [31m-[0m[0m associate_public_ip_address          = true [90m-> null[0m[0m
      [31m-[0m[0m availability_zone                    = "us-east-1f" [90m-> null[0m[0m
      [31m-[0m[0m cpu_core_count                       = 2 [90m-> null[0m[0m
      [31m-[0m[0m cpu_threads_per_core                 = 2 [90m-> null[0m[0m
      [31m-[0m[0m disable_api_stop                     = false [90m-> null[0m[0m
      [31m-[0m[0m disable_api_termination              = false [90m-> null[0m[0m
      [31m-[0m[0m ebs_optimized                        = false [90m-> null[0m[0m
      [31m-[0m[0m get_password_data                    = false [90m-> null[0m[0m
      [31m-[0m[0m hibernation                          = false [90m-> null[0m[0m
      [31m-[0m[0m id                                   = "i-06783b5a9d75a9d4c" [90m-> null[0m[0m
      [31m-[0m[0m instance_initiated_shutdown_behavior = "stop" [90m-> null[0m[0m
      [31m-[0m[0m instance_state                       = "running" [90m-> null[0m[0m
      [31m-[0m[0m instance_type                        = "c5.xlarge" [90m-> null[0m[0m
      [31m-[0m[0m ipv6_address_count                   = 0 [90m-> null[0m[0m
      [31m-[0m[0m ipv6_addresses                       = [] [90m-> null[0m[0m
      [31m-[0m[0m key_name                             = "hivemind-poc-deployer" [90m-> null[0m[0m
      [31m-[0m[0m monitoring                           = false [90m-> null[0m[0m
      [31m-[0m[0m placement_partition_number           = 0 [90m-> null[0m[0m
      [31m-[0m[0m primary_network_interface_id         = "eni-0970c4a4dc54e623c" [90m-> null[0m[0m
      [31m-[0m[0m private_dns                          = "ip-172-31-74-147.ec2.internal" [90m-> null[0m[0m
      [31m-[0m[0m private_ip                           = "172.31.74.147" [90m-> null[0m[0m
      [31m-[0m[0m public_dns                           = "ec2-98-93-166-85.compute-1.amazonaws.com" [90m-> null[0m[0m
      [31m-[0m[0m public_ip                            = "98.93.166.85" [90m-> null[0m[0m
      [31m-[0m[0m secondary_private_ips                = [] [90m-> null[0m[0m
      [31m-[0m[0m security_groups                      = [
          [31m-[0m[0m "hivemind-poc-20260428063327018300000001",
        ] [90m-> null[0m[0m
      [31m-[0m[0m source_dest_check                    = true [90m-> null[0m[0m
      [31m-[0m[0m subnet_id                            = "subnet-89d4f687" [90m-> null[0m[0m
      [31m-[0m[0m tags                                 = {
          [31m-[0m[0m "Name" = "hivemind-replica-2"
          [31m-[0m[0m "Role" = "replica"
        } [90m-> null[0m[0m
      [31m-[0m[0m tags_all                             = {
          [31m-[0m[0m "Name" = "hivemind-replica-2"
          [31m-[0m[0m "Role" = "replica"
        } [90m-> null[0m[0m
      [31m-[0m[0m tenancy                              = "default" [90m-> null[0m[0m
      [31m-[0m[0m user_data                            = (sensitive value) [90m-> null[0m[0m
      [31m-[0m[0m user_data_replace_on_change          = false [90m-> null[0m[0m
      [31m-[0m[0m vpc_security_group_ids               = [
          [31m-[0m[0m "sg-0d92d9ccc11539079",
        ] [90m-> null[0m[0m
        [90m# (7 unchanged attributes hidden)[0m[0m

      [31m-[0m[0m capacity_reservation_specification {
          [31m-[0m[0m capacity_reservation_preference = "open" [90m-> null[0m[0m
        }

      [31m-[0m[0m cpu_options {
          [31m-[0m[0m core_count       = 2 [90m-> null[0m[0m
          [31m-[0m[0m threads_per_core = 2 [90m-> null[0m[0m
            [90m# (1 unchanged attribute hidden)[0m[0m
        }

      [31m-[0m[0m enclave_options {
          [31m-[0m[0m enabled = false [90m-> null[0m[0m
        }

      [31m-[0m[0m maintenance_options {
          [31m-[0m[0m auto_recovery = "default" [90m-> null[0m[0m
        }

      [31m-[0m[0m metadata_options {
          [31m-[0m[0m http_endpoint               = "enabled" [90m-> null[0m[0m
          [31m-[0m[0m http_protocol_ipv6          = "disabled" [90m-> null[0m[0m
          [31m-[0m[0m http_put_response_hop_limit = 2 [90m-> null[0m[0m
          [31m-[0m[0m http_tokens                 = "required" [90m-> null[0m[0m
          [31m-[0m[0m instance_metadata_tags      = "disabled" [90m-> null[0m[0m
        }

      [31m-[0m[0m private_dns_name_options {
          [31m-[0m[0m enable_resource_name_dns_a_record    = false [90m-> null[0m[0m
          [31m-[0m[0m enable_resource_name_dns_aaaa_record = false [90m-> null[0m[0m
          [31m-[0m[0m hostname_type                        = "ip-name" [90m-> null[0m[0m
        }

      [31m-[0m[0m root_block_device {
          [31m-[0m[0m delete_on_termination = true [90m-> null[0m[0m
          [31m-[0m[0m device_name           = "/dev/xvda" [90m-> null[0m[0m
          [31m-[0m[0m encrypted             = false [90m-> null[0m[0m
          [31m-[0m[0m iops                  = 3000 [90m-> null[0m[0m
          [31m-[0m[0m tags                  = {} [90m-> null[0m[0m
          [31m-[0m[0m tags_all              = {} [90m-> null[0m[0m
          [31m-[0m[0m throughput            = 125 [90m-> null[0m[0m
          [31m-[0m[0m volume_id             = "vol-0cdf382cf7e4dc224" [90m-> null[0m[0m
          [31m-[0m[0m volume_size           = 50 [90m-> null[0m[0m
          [31m-[0m[0m volume_type           = "gp3" [90m-> null[0m[0m
            [90m# (1 unchanged attribute hidden)[0m[0m
        }
    }

[1m  # aws_instance.replica[3][0m will be [1m[31mdestroyed[0m
[0m  [31m-[0m[0m resource "aws_instance" "replica" {
      [31m-[0m[0m ami                                  = "ami-098e39bafa7e7303d" [90m-> null[0m[0m
      [31m-[0m[0m arn                                  = "arn:aws:ec2:us-east-1:288552132534:instance/i-0ea938d78cea8b3a4" [90m-> null[0m[0m
      [31m-[0m[0m associate_public_ip_address          = true [90m-> null[0m[0m
      [31m-[0m[0m availability_zone                    = "us-east-1f" [90m-> null[0m[0m
      [31m-[0m[0m cpu_core_count                       = 2 [90m-> null[0m[0m
      [31m-[0m[0m cpu_threads_per_core                 = 2 [90m-> null[0m[0m
      [31m-[0m[0m disable_api_stop                     = false [90m-> null[0m[0m
      [31m-[0m[0m disable_api_termination              = false [90m-> null[0m[0m
      [31m-[0m[0m ebs_optimized                        = false [90m-> null[0m[0m
      [31m-[0m[0m get_password_data                    = false [90m-> null[0m[0m
      [31m-[0m[0m hibernation                          = false [90m-> null[0m[0m
      [31m-[0m[0m id                                   = "i-0ea938d78cea8b3a4" [90m-> null[0m[0m
      [31m-[0m[0m instance_initiated_shutdown_behavior = "stop" [90m-> null[0m[0m
      [31m-[0m[0m instance_state                       = "running" [90m-> null[0m[0m
      [31m-[0m[0m instance_type                        = "c5.xlarge" [90m-> null[0m[0m
      [31m-[0m[0m ipv6_address_count                   = 0 [90m-> null[0m[0m
      [31m-[0m[0m ipv6_addresses                       = [] [90m-> null[0m[0m
      [31m-[0m[0m key_name                             = "hivemind-poc-deployer" [90m-> null[0m[0m
      [31m-[0m[0m monitoring                           = false [90m-> null[0m[0m
      [31m-[0m[0m placement_partition_number           = 0 [90m-> null[0m[0m
      [31m-[0m[0m primary_network_interface_id         = "eni-0652db815c1d6ed9e" [90m-> null[0m[0m
      [31m-[0m[0m private_dns                          = "ip-172-31-73-34.ec2.internal" [90m-> null[0m[0m
      [31m-[0m[0m private_ip                           = "172.31.73.34" [90m-> null[0m[0m
      [31m-[0m[0m public_dns                           = "ec2-44-222-195-233.compute-1.amazonaws.com" [90m-> null[0m[0m
      [31m-[0m[0m public_ip                            = "44.222.195.233" [90m-> null[0m[0m
      [31m-[0m[0m secondary_private_ips                = [] [90m-> null[0m[0m
      [31m-[0m[0m security_groups                      = [
          [31m-[0m[0m "hivemind-poc-20260428063327018300000001",
        ] [90m-> null[0m[0m
      [31m-[0m[0m source_dest_check                    = true [90m-> null[0m[0m
      [31m-[0m[0m subnet_id                            = "subnet-89d4f687" [90m-> null[0m[0m
      [31m-[0m[0m tags                                 = {
          [31m-[0m[0m "Name" = "hivemind-replica-3"
          [31m-[0m[0m "Role" = "replica"
        } [90m-> null[0m[0m
      [31m-[0m[0m tags_all                             = {
          [31m-[0m[0m "Name" = "hivemind-replica-3"
          [31m-[0m[0m "Role" = "replica"
        } [90m-> null[0m[0m
      [31m-[0m[0m tenancy                              = "default" [90m-> null[0m[0m
      [31m-[0m[0m user_data                            = (sensitive value) [90m-> null[0m[0m
      [31m-[0m[0m user_data_replace_on_change          = false [90m-> null[0m[0m
      [31m-[0m[0m vpc_security_group_ids               = [
          [31m-[0m[0m "sg-0d92d9ccc11539079",
        ] [90m-> null[0m[0m
        [90m# (7 unchanged attributes hidden)[0m[0m

      [31m-[0m[0m capacity_reservation_specification {
          [31m-[0m[0m capacity_reservation_preference = "open" [90m-> null[0m[0m
        }

      [31m-[0m[0m cpu_options {
          [31m-[0m[0m core_count       = 2 [90m-> null[0m[0m
          [31m-[0m[0m threads_per_core = 2 [90m-> null[0m[0m
            [90m# (1 unchanged attribute hidden)[0m[0m
        }

      [31m-[0m[0m enclave_options {
          [31m-[0m[0m enabled = false [90m-> null[0m[0m
        }

      [31m-[0m[0m maintenance_options {
          [31m-[0m[0m auto_recovery = "default" [90m-> null[0m[0m
        }

      [31m-[0m[0m metadata_options {
          [31m-[0m[0m http_endpoint               = "enabled" [90m-> null[0m[0m
          [31m-[0m[0m http_protocol_ipv6          = "disabled" [90m-> null[0m[0m
          [31m-[0m[0m http_put_response_hop_limit = 2 [90m-> null[0m[0m
          [31m-[0m[0m http_tokens                 = "required" [90m-> null[0m[0m
          [31m-[0m[0m instance_metadata_tags      = "disabled" [90m-> null[0m[0m
        }

      [31m-[0m[0m private_dns_name_options {
          [31m-[0m[0m enable_resource_name_dns_a_record    = false [90m-> null[0m[0m
          [31m-[0m[0m enable_resource_name_dns_aaaa_record = false [90m-> null[0m[0m
          [31m-[0m[0m hostname_type                        = "ip-name" [90m-> null[0m[0m
        }

      [31m-[0m[0m root_block_device {
          [31m-[0m[0m delete_on_termination = true [90m-> null[0m[0m
          [31m-[0m[0m device_name           = "/dev/xvda" [90m-> null[0m[0m
          [31m-[0m[0m encrypted             = false [90m-> null[0m[0m
          [31m-[0m[0m iops                  = 3000 [90m-> null[0m[0m
          [31m-[0m[0m tags                  = {} [90m-> null[0m[0m
          [31m-[0m[0m tags_all              = {} [90m-> null[0m[0m
          [31m-[0m[0m throughput            = 125 [90m-> null[0m[0m
          [31m-[0m[0m volume_id             = "vol-0d1d5939456a8f42c" [90m-> null[0m[0m
          [31m-[0m[0m volume_size           = 50 [90m-> null[0m[0m
          [31m-[0m[0m volume_type           = "gp3" [90m-> null[0m[0m
            [90m# (1 unchanged attribute hidden)[0m[0m
        }
    }

[1m  # aws_instance.replica[4][0m will be [1m[31mdestroyed[0m
[0m  [31m-[0m[0m resource "aws_instance" "replica" {
      [31m-[0m[0m ami                                  = "ami-098e39bafa7e7303d" [90m-> null[0m[0m
      [31m-[0m[0m arn                                  = "arn:aws:ec2:us-east-1:288552132534:instance/i-01b966060b0112e44" [90m-> null[0m[0m
      [31m-[0m[0m associate_public_ip_address          = true [90m-> null[0m[0m
      [31m-[0m[0m availability_zone                    = "us-east-1f" [90m-> null[0m[0m
      [31m-[0m[0m cpu_core_count                       = 2 [90m-> null[0m[0m
      [31m-[0m[0m cpu_threads_per_core                 = 2 [90m-> null[0m[0m
      [31m-[0m[0m disable_api_stop                     = false [90m-> null[0m[0m
      [31m-[0m[0m disable_api_termination              = false [90m-> null[0m[0m
      [31m-[0m[0m ebs_optimized                        = false [90m-> null[0m[0m
      [31m-[0m[0m get_password_data                    = false [90m-> null[0m[0m
      [31m-[0m[0m hibernation                          = false [90m-> null[0m[0m
      [31m-[0m[0m id                                   = "i-01b966060b0112e44" [90m-> null[0m[0m
      [31m-[0m[0m instance_initiated_shutdown_behavior = "stop" [90m-> null[0m[0m
      [31m-[0m[0m instance_state                       = "running" [90m-> null[0m[0m
      [31m-[0m[0m instance_type                        = "c5.xlarge" [90m-> null[0m[0m
      [31m-[0m[0m ipv6_address_count                   = 0 [90m-> null[0m[0m
      [31m-[0m[0m ipv6_addresses                       = [] [90m-> null[0m[0m
      [31m-[0m[0m key_name                             = "hivemind-poc-deployer" [90m-> null[0m[0m
      [31m-[0m[0m monitoring                           = false [90m-> null[0m[0m
      [31m-[0m[0m placement_partition_number           = 0 [90m-> null[0m[0m
      [31m-[0m[0m primary_network_interface_id         = "eni-0aecf2570ab93be5a" [90m-> null[0m[0m
      [31m-[0m[0m private_dns                          = "ip-172-31-74-154.ec2.internal" [90m-> null[0m[0m
      [31m-[0m[0m private_ip                           = "172.31.74.154" [90m-> null[0m[0m
      [31m-[0m[0m public_dns                           = "ec2-3-236-8-109.compute-1.amazonaws.com" [90m-> null[0m[0m
      [31m-[0m[0m public_ip                            = "3.236.8.109" [90m-> null[0m[0m
      [31m-[0m[0m secondary_private_ips                = [] [90m-> null[0m[0m
      [31m-[0m[0m security_groups                      = [
          [31m-[0m[0m "hivemind-poc-20260428063327018300000001",
        ] [90m-> null[0m[0m
      [31m-[0m[0m source_dest_check                    = true [90m-> null[0m[0m
      [31m-[0m[0m subnet_id                            = "subnet-89d4f687" [90m-> null[0m[0m
      [31m-[0m[0m tags                                 = {
          [31m-[0m[0m "Name" = "hivemind-replica-4"
          [31m-[0m[0m "Role" = "replica"
        } [90m-> null[0m[0m
      [31m-[0m[0m tags_all                             = {
          [31m-[0m[0m "Name" = "hivemind-replica-4"
          [31m-[0m[0m "Role" = "replica"
        } [90m-> null[0m[0m
      [31m-[0m[0m tenancy                              = "default" [90m-> null[0m[0m
      [31m-[0m[0m user_data                            = (sensitive value) [90m-> null[0m[0m
      [31m-[0m[0m user_data_replace_on_change          = false [90m-> null[0m[0m
      [31m-[0m[0m vpc_security_group_ids               = [
          [31m-[0m[0m "sg-0d92d9ccc11539079",
        ] [90m-> null[0m[0m
        [90m# (7 unchanged attributes hidden)[0m[0m

      [31m-[0m[0m capacity_reservation_specification {
          [31m-[0m[0m capacity_reservation_preference = "open" [90m-> null[0m[0m
        }

      [31m-[0m[0m cpu_options {
          [31m-[0m[0m core_count       = 2 [90m-> null[0m[0m
          [31m-[0m[0m threads_per_core = 2 [90m-> null[0m[0m
            [90m# (1 unchanged attribute hidden)[0m[0m
        }

      [31m-[0m[0m enclave_options {
          [31m-[0m[0m enabled = false [90m-> null[0m[0m
        }

      [31m-[0m[0m maintenance_options {
          [31m-[0m[0m auto_recovery = "default" [90m-> null[0m[0m
        }

      [31m-[0m[0m metadata_options {
          [31m-[0m[0m http_endpoint               = "enabled" [90m-> null[0m[0m
          [31m-[0m[0m http_protocol_ipv6          = "disabled" [90m-> null[0m[0m
          [31m-[0m[0m http_put_response_hop_limit = 2 [90m-> null[0m[0m
          [31m-[0m[0m http_tokens                 = "required" [90m-> null[0m[0m
          [31m-[0m[0m instance_metadata_tags      = "disabled" [90m-> null[0m[0m
        }

      [31m-[0m[0m private_dns_name_options {
          [31m-[0m[0m enable_resource_name_dns_a_record    = false [90m-> null[0m[0m
          [31m-[0m[0m enable_resource_name_dns_aaaa_record = false [90m-> null[0m[0m
          [31m-[0m[0m hostname_type                        = "ip-name" [90m-> null[0m[0m
        }

      [31m-[0m[0m root_block_device {
          [31m-[0m[0m delete_on_termination = true [90m-> null[0m[0m
          [31m-[0m[0m device_name           = "/dev/xvda" [90m-> null[0m[0m
          [31m-[0m[0m encrypted             = false [90m-> null[0m[0m
          [31m-[0m[0m iops                  = 3000 [90m-> null[0m[0m
          [31m-[0m[0m tags                  = {} [90m-> null[0m[0m
          [31m-[0m[0m tags_all              = {} [90m-> null[0m[0m
          [31m-[0m[0m throughput            = 125 [90m-> null[0m[0m
          [31m-[0m[0m volume_id             = "vol-0ce6f1a04d64d472f" [90m-> null[0m[0m
          [31m-[0m[0m volume_size           = 50 [90m-> null[0m[0m
          [31m-[0m[0m volume_type           = "gp3" [90m-> null[0m[0m
            [90m# (1 unchanged attribute hidden)[0m[0m
        }
    }

[1m  # aws_instance.worker_cpu[0m will be [1m[31mdestroyed[0m
[0m  [31m-[0m[0m resource "aws_instance" "worker_cpu" {
      [31m-[0m[0m ami                                  = "ami-0714f823ff4e72d73" [90m-> null[0m[0m
      [31m-[0m[0m arn                                  = "arn:aws:ec2:us-east-1:288552132534:instance/i-07f3674caa0f5be65" [90m-> null[0m[0m
      [31m-[0m[0m associate_public_ip_address          = true [90m-> null[0m[0m
      [31m-[0m[0m availability_zone                    = "us-east-1f" [90m-> null[0m[0m
      [31m-[0m[0m cpu_core_count                       = 2 [90m-> null[0m[0m
      [31m-[0m[0m cpu_threads_per_core                 = 2 [90m-> null[0m[0m
      [31m-[0m[0m disable_api_stop                     = false [90m-> null[0m[0m
      [31m-[0m[0m disable_api_termination              = false [90m-> null[0m[0m
      [31m-[0m[0m ebs_optimized                        = false [90m-> null[0m[0m
      [31m-[0m[0m get_password_data                    = false [90m-> null[0m[0m
      [31m-[0m[0m hibernation                          = false [90m-> null[0m[0m
      [31m-[0m[0m id                                   = "i-07f3674caa0f5be65" [90m-> null[0m[0m
      [31m-[0m[0m instance_initiated_shutdown_behavior = "stop" [90m-> null[0m[0m
      [31m-[0m[0m instance_state                       = "running" [90m-> null[0m[0m
      [31m-[0m[0m instance_type                        = "c5.xlarge" [90m-> null[0m[0m
      [31m-[0m[0m ipv6_address_count                   = 0 [90m-> null[0m[0m
      [31m-[0m[0m ipv6_addresses                       = [] [90m-> null[0m[0m
      [31m-[0m[0m key_name                             = "hivemind-poc-deployer" [90m-> null[0m[0m
      [31m-[0m[0m monitoring                           = false [90m-> null[0m[0m
      [31m-[0m[0m placement_partition_number           = 0 [90m-> null[0m[0m
      [31m-[0m[0m primary_network_interface_id         = "eni-04bc853c2e86a9d66" [90m-> null[0m[0m
      [31m-[0m[0m private_dns                          = "ip-172-31-77-206.ec2.internal" [90m-> null[0m[0m
      [31m-[0m[0m private_ip                           = "172.31.77.206" [90m-> null[0m[0m
      [31m-[0m[0m public_dns                           = "ec2-44-222-217-166.compute-1.amazonaws.com" [90m-> null[0m[0m
      [31m-[0m[0m public_ip                            = "44.222.217.166" [90m-> null[0m[0m
      [31m-[0m[0m secondary_private_ips                = [] [90m-> null[0m[0m
      [31m-[0m[0m security_groups                      = [
          [31m-[0m[0m "hivemind-poc-20260428063327018300000001",
        ] [90m-> null[0m[0m
      [31m-[0m[0m source_dest_check                    = true [90m-> null[0m[0m
      [31m-[0m[0m subnet_id                            = "subnet-89d4f687" [90m-> null[0m[0m
      [31m-[0m[0m tags                                 = {
          [31m-[0m[0m "Name" = "hivemind-worker-cpu"
          [31m-[0m[0m "Role" = "worker"
        } [90m-> null[0m[0m
      [31m-[0m[0m tags_all                             = {
          [31m-[0m[0m "Name" = "hivemind-worker-cpu"
          [31m-[0m[0m "Role" = "worker"
        } [90m-> null[0m[0m
      [31m-[0m[0m tenancy                              = "default" [90m-> null[0m[0m
      [31m-[0m[0m user_data                            = (sensitive value) [90m-> null[0m[0m
      [31m-[0m[0m user_data_replace_on_change          = false [90m-> null[0m[0m
      [31m-[0m[0m vpc_security_group_ids               = [
          [31m-[0m[0m "sg-0d92d9ccc11539079",
        ] [90m-> null[0m[0m
        [90m# (7 unchanged attributes hidden)[0m[0m

      [31m-[0m[0m capacity_reservation_specification {
          [31m-[0m[0m capacity_reservation_preference = "open" [90m-> null[0m[0m
        }

      [31m-[0m[0m cpu_options {
          [31m-[0m[0m core_count       = 2 [90m-> null[0m[0m
          [31m-[0m[0m threads_per_core = 2 [90m-> null[0m[0m
            [90m# (1 unchanged attribute hidden)[0m[0m
        }

      [31m-[0m[0m enclave_options {
          [31m-[0m[0m enabled = false [90m-> null[0m[0m
        }

      [31m-[0m[0m maintenance_options {
          [31m-[0m[0m auto_recovery = "default" [90m-> null[0m[0m
        }

      [31m-[0m[0m metadata_options {
          [31m-[0m[0m http_endpoint               = "enabled" [90m-> null[0m[0m
          [31m-[0m[0m http_protocol_ipv6          = "disabled" [90m-> null[0m[0m
          [31m-[0m[0m http_put_response_hop_limit = 2 [90m-> null[0m[0m
          [31m-[0m[0m http_tokens                 = "required" [90m-> null[0m[0m
          [31m-[0m[0m instance_metadata_tags      = "disabled" [90m-> null[0m[0m
        }

      [31m-[0m[0m private_dns_name_options {
          [31m-[0m[0m enable_resource_name_dns_a_record    = false [90m-> null[0m[0m
          [31m-[0m[0m enable_resource_name_dns_aaaa_record = false [90m-> null[0m[0m
          [31m-[0m[0m hostname_type                        = "ip-name" [90m-> null[0m[0m
        }

      [31m-[0m[0m root_block_device {
          [31m-[0m[0m delete_on_termination = true [90m-> null[0m[0m
          [31m-[0m[0m device_name           = "/dev/sda1" [90m-> null[0m[0m
          [31m-[0m[0m encrypted             = false [90m-> null[0m[0m
          [31m-[0m[0m iops                  = 4000 [90m-> null[0m[0m
          [31m-[0m[0m tags                  = {} [90m-> null[0m[0m
          [31m-[0m[0m tags_all              = {} [90m-> null[0m[0m
          [31m-[0m[0m throughput            = 1000 [90m-> null[0m[0m
          [31m-[0m[0m volume_id             = "vol-03e9914d653117aca" [90m-> null[0m[0m
          [31m-[0m[0m volume_size           = 100 [90m-> null[0m[0m
          [31m-[0m[0m volume_type           = "gp3" [90m-> null[0m[0m
            [90m# (1 unchanged attribute hidden)[0m[0m
        }
    }

[1m  # aws_instance.worker_gpu[0m will be [1m[31mdestroyed[0m
[0m  [31m-[0m[0m resource "aws_instance" "worker_gpu" {
      [31m-[0m[0m ami                                  = "ami-0714f823ff4e72d73" [90m-> null[0m[0m
      [31m-[0m[0m arn                                  = "arn:aws:ec2:us-east-1:288552132534:instance/i-0c662163b42c61c88" [90m-> null[0m[0m
      [31m-[0m[0m associate_public_ip_address          = true [90m-> null[0m[0m
      [31m-[0m[0m availability_zone                    = "us-east-1f" [90m-> null[0m[0m
      [31m-[0m[0m cpu_core_count                       = 2 [90m-> null[0m[0m
      [31m-[0m[0m cpu_threads_per_core                 = 2 [90m-> null[0m[0m
      [31m-[0m[0m disable_api_stop                     = false [90m-> null[0m[0m
      [31m-[0m[0m disable_api_termination              = false [90m-> null[0m[0m
      [31m-[0m[0m ebs_optimized                        = false [90m-> null[0m[0m
      [31m-[0m[0m get_password_data                    = false [90m-> null[0m[0m
      [31m-[0m[0m hibernation                          = false [90m-> null[0m[0m
      [31m-[0m[0m id                                   = "i-0c662163b42c61c88" [90m-> null[0m[0m
      [31m-[0m[0m instance_initiated_shutdown_behavior = "stop" [90m-> null[0m[0m
      [31m-[0m[0m instance_state                       = "running" [90m-> null[0m[0m
      [31m-[0m[0m instance_type                        = "g4dn.xlarge" [90m-> null[0m[0m
      [31m-[0m[0m ipv6_address_count                   = 0 [90m-> null[0m[0m
      [31m-[0m[0m ipv6_addresses                       = [] [90m-> null[0m[0m
      [31m-[0m[0m key_name                             = "hivemind-poc-deployer" [90m-> null[0m[0m
      [31m-[0m[0m monitoring                           = false [90m-> null[0m[0m
      [31m-[0m[0m placement_partition_number           = 0 [90m-> null[0m[0m
      [31m-[0m[0m primary_network_interface_id         = "eni-08572eebd2614d944" [90m-> null[0m[0m
      [31m-[0m[0m private_dns                          = "ip-172-31-71-209.ec2.internal" [90m-> null[0m[0m
      [31m-[0m[0m private_ip                           = "172.31.71.209" [90m-> null[0m[0m
      [31m-[0m[0m public_dns                           = "ec2-44-201-95-47.compute-1.amazonaws.com" [90m-> null[0m[0m
      [31m-[0m[0m public_ip                            = "44.201.95.47" [90m-> null[0m[0m
      [31m-[0m[0m secondary_private_ips                = [] [90m-> null[0m[0m
      [31m-[0m[0m security_groups                      = [
          [31m-[0m[0m "hivemind-poc-20260428063327018300000001",
        ] [90m-> null[0m[0m
      [31m-[0m[0m source_dest_check                    = true [90m-> null[0m[0m
      [31m-[0m[0m subnet_id                            = "subnet-89d4f687" [90m-> null[0m[0m
      [31m-[0m[0m tags                                 = {
          [31m-[0m[0m "Name" = "hivemind-worker-gpu"
          [31m-[0m[0m "Role" = "worker"
        } [90m-> null[0m[0m
      [31m-[0m[0m tags_all                             = {
          [31m-[0m[0m "Name" = "hivemind-worker-gpu"
          [31m-[0m[0m "Role" = "worker"
        } [90m-> null[0m[0m
      [31m-[0m[0m tenancy                              = "default" [90m-> null[0m[0m
      [31m-[0m[0m user_data                            = (sensitive value) [90m-> null[0m[0m
      [31m-[0m[0m user_data_replace_on_change          = false [90m-> null[0m[0m
      [31m-[0m[0m vpc_security_group_ids               = [
          [31m-[0m[0m "sg-0d92d9ccc11539079",
        ] [90m-> null[0m[0m
        [90m# (7 unchanged attributes hidden)[0m[0m

      [31m-[0m[0m capacity_reservation_specification {
          [31m-[0m[0m capacity_reservation_preference = "open" [90m-> null[0m[0m
        }

      [31m-[0m[0m cpu_options {
          [31m-[0m[0m core_count       = 2 [90m-> null[0m[0m
          [31m-[0m[0m threads_per_core = 2 [90m-> null[0m[0m
            [90m# (1 unchanged attribute hidden)[0m[0m
        }

      [31m-[0m[0m enclave_options {
          [31m-[0m[0m enabled = false [90m-> null[0m[0m
        }

      [31m-[0m[0m maintenance_options {
          [31m-[0m[0m auto_recovery = "default" [90m-> null[0m[0m
        }

      [31m-[0m[0m metadata_options {
          [31m-[0m[0m http_endpoint               = "enabled" [90m-> null[0m[0m
          [31m-[0m[0m http_protocol_ipv6          = "disabled" [90m-> null[0m[0m
          [31m-[0m[0m http_put_response_hop_limit = 2 [90m-> null[0m[0m
          [31m-[0m[0m http_tokens                 = "required" [90m-> null[0m[0m
          [31m-[0m[0m instance_metadata_tags      = "disabled" [90m-> null[0m[0m
        }

      [31m-[0m[0m private_dns_name_options {
          [31m-[0m[0m enable_resource_name_dns_a_record    = false [90m-> null[0m[0m
          [31m-[0m[0m enable_resource_name_dns_aaaa_record = false [90m-> null[0m[0m
          [31m-[0m[0m hostname_type                        = "ip-name" [90m-> null[0m[0m
        }

      [31m-[0m[0m root_block_device {
          [31m-[0m[0m delete_on_termination = true [90m-> null[0m[0m
          [31m-[0m[0m device_name           = "/dev/sda1" [90m-> null[0m[0m
          [31m-[0m[0m encrypted             = false [90m-> null[0m[0m
          [31m-[0m[0m iops                  = 4000 [90m-> null[0m[0m
          [31m-[0m[0m tags                  = {} [90m-> null[0m[0m
          [31m-[0m[0m tags_all              = {} [90m-> null[0m[0m
          [31m-[0m[0m throughput            = 1000 [90m-> null[0m[0m
          [31m-[0m[0m volume_id             = "vol-07a2cd951e9029f58" [90m-> null[0m[0m
          [31m-[0m[0m volume_size           = 100 [90m-> null[0m[0m
          [31m-[0m[0m volume_type           = "gp3" [90m-> null[0m[0m
            [90m# (1 unchanged attribute hidden)[0m[0m
        }
    }

[1m  # aws_key_pair.poc[0m will be [1m[31mdestroyed[0m
[0m  [31m-[0m[0m resource "aws_key_pair" "poc" {
      [31m-[0m[0m arn             = "arn:aws:ec2:us-east-1:288552132534:key-pair/hivemind-poc-deployer" [90m-> null[0m[0m
      [31m-[0m[0m fingerprint     = "bFcQiS5Kk9fwo3YpYa/nWKg73Af+SBcKS1s3BpMdneg=" [90m-> null[0m[0m
      [31m-[0m[0m id              = "hivemind-poc-deployer" [90m-> null[0m[0m
      [31m-[0m[0m key_name        = "hivemind-poc-deployer" [90m-> null[0m[0m
      [31m-[0m[0m key_pair_id     = "key-0d24118314baaab2c" [90m-> null[0m[0m
      [31m-[0m[0m key_type        = "ed25519" [90m-> null[0m[0m
      [31m-[0m[0m public_key      = "ssh-ed25519 AAAAC3NzaC1lZDI1NTE5AAAAILralVpTQ0tgwve6HyxwiZ0bzY1wymH/lCm91uL5NjcP" [90m-> null[0m[0m
      [31m-[0m[0m tags            = {} [90m-> null[0m[0m
      [31m-[0m[0m tags_all        = {} [90m-> null[0m[0m
        [90m# (1 unchanged attribute hidden)[0m[0m
    }

[1m  # aws_security_group.hivemind[0m will be [1m[31mdestroyed[0m
[0m  [31m-[0m[0m resource "aws_security_group" "hivemind" {
      [31m-[0m[0m arn                    = "arn:aws:ec2:us-east-1:288552132534:security-group/sg-0d92d9ccc11539079" [90m-> null[0m[0m
      [31m-[0m[0m description            = "Managed by Terraform" [90m-> null[0m[0m
      [31m-[0m[0m egress                 = [
          [31m-[0m[0m {
              [31m-[0m[0m cidr_blocks      = [
                  [31m-[0m[0m "0.0.0.0/0",
                ]
              [31m-[0m[0m from_port        = 0
              [31m-[0m[0m ipv6_cidr_blocks = []
              [31m-[0m[0m prefix_list_ids  = []
              [31m-[0m[0m protocol         = "-1"
              [31m-[0m[0m security_groups  = []
              [31m-[0m[0m self             = false
              [31m-[0m[0m to_port          = 0
                [90m# (1 unchanged attribute hidden)[0m[0m
            },
        ] [90m-> null[0m[0m
      [31m-[0m[0m id                     = "sg-0d92d9ccc11539079" [90m-> null[0m[0m
      [31m-[0m[0m ingress                = [
          [31m-[0m[0m {
              [31m-[0m[0m cidr_blocks      = [
                  [31m-[0m[0m "66.108.102.239/32",
                ]
              [31m-[0m[0m from_port        = 22
              [31m-[0m[0m ipv6_cidr_blocks = []
              [31m-[0m[0m prefix_list_ids  = []
              [31m-[0m[0m protocol         = "tcp"
              [31m-[0m[0m security_groups  = []
              [31m-[0m[0m self             = false
              [31m-[0m[0m to_port          = 22
                [90m# (1 unchanged attribute hidden)[0m[0m
            },
          [31m-[0m[0m {
              [31m-[0m[0m cidr_blocks      = [
                  [31m-[0m[0m "66.108.102.239/32",
                ]
              [31m-[0m[0m from_port        = 8080
              [31m-[0m[0m ipv6_cidr_blocks = []
              [31m-[0m[0m prefix_list_ids  = []
              [31m-[0m[0m protocol         = "tcp"
              [31m-[0m[0m security_groups  = []
              [31m-[0m[0m self             = false
              [31m-[0m[0m to_port          = 8080
                [90m# (1 unchanged attribute hidden)[0m[0m
            },
          [31m-[0m[0m {
              [31m-[0m[0m cidr_blocks      = []
              [31m-[0m[0m from_port        = 8080
              [31m-[0m[0m ipv6_cidr_blocks = []
              [31m-[0m[0m prefix_list_ids  = []
              [31m-[0m[0m protocol         = "tcp"
              [31m-[0m[0m security_groups  = []
              [31m-[0m[0m self             = true
              [31m-[0m[0m to_port          = 9300
                [90m# (1 unchanged attribute hidden)[0m[0m
            },
          [31m-[0m[0m {
              [31m-[0m[0m cidr_blocks      = []
              [31m-[0m[0m from_port        = 9300
              [31m-[0m[0m ipv6_cidr_blocks = []
              [31m-[0m[0m prefix_list_ids  = []
              [31m-[0m[0m protocol         = "udp"
              [31m-[0m[0m security_groups  = []
              [31m-[0m[0m self             = true
              [31m-[0m[0m to_port          = 9300
                [90m# (1 unchanged attribute hidden)[0m[0m
            },
        ] [90m-> null[0m[0m
      [31m-[0m[0m name                   = "hivemind-poc-20260428063327018300000001" [90m-> null[0m[0m
      [31m-[0m[0m name_prefix            = "hivemind-poc-" [90m-> null[0m[0m
      [31m-[0m[0m owner_id               = "288552132534" [90m-> null[0m[0m
      [31m-[0m[0m revoke_rules_on_delete = false [90m-> null[0m[0m
      [31m-[0m[0m tags                   = {
          [31m-[0m[0m "Name" = "hivemind-poc"
        } [90m-> null[0m[0m
      [31m-[0m[0m tags_all               = {
          [31m-[0m[0m "Name" = "hivemind-poc"
        } [90m-> null[0m[0m
      [31m-[0m[0m vpc_id                 = "vpc-4b71f536" [90m-> null[0m[0m
    }

[1mPlan:[0m [0m0 to add, 0 to change, 10 to destroy.

Changes to Outputs:
  [31m-[0m[0m api_url              = "http://98.92.68.87:8080" [90m-> null[0m[0m
  [31m-[0m[0m dashboard_url        = "http://98.92.68.87:8080/dashboard" [90m-> null[0m[0m
  [31m-[0m[0m ecr_repository_name  = "hivemind-poc" [90m-> null[0m[0m
  [31m-[0m[0m ecr_repository_url   = "288552132534.dkr.ecr.us-east-1.amazonaws.com/hivemind-poc" [90m-> null[0m[0m
  [31m-[0m[0m replica_ami          = "ami-098e39bafa7e7303d" [90m-> null[0m[0m
  [31m-[0m[0m replica_ips          = [
      [31m-[0m[0m "172.31.66.171",
      [31m-[0m[0m "172.31.64.9",
      [31m-[0m[0m "172.31.74.147",
      [31m-[0m[0m "172.31.73.34",
      [31m-[0m[0m "172.31.74.154",
    ] [90m-> null[0m[0m
  [31m-[0m[0m replica_public_ips   = [
      [31m-[0m[0m "98.92.68.87",
      [31m-[0m[0m "18.205.66.247",
      [31m-[0m[0m "98.93.166.85",
      [31m-[0m[0m "44.222.195.233",
      [31m-[0m[0m "3.236.8.109",
    ] [90m-> null[0m[0m
  [31m-[0m[0m worker_ami           = "ami-0714f823ff4e72d73" [90m-> null[0m[0m
  [31m-[0m[0m worker_cpu_ip        = "172.31.77.206" [90m-> null[0m[0m
  [31m-[0m[0m worker_cpu_public_ip = "44.222.217.166" [90m-> null[0m[0m
  [31m-[0m[0m worker_gpu_ip        = "172.31.71.209" [90m-> null[0m[0m
  [31m-[0m[0m worker_gpu_public_ip = "44.201.95.47" [90m-> null[0m[0m
[0m[1maws_ecr_repository.workloads: Destroying... [id=hivemind-poc][0m[0m
[0m[1maws_instance.replica[3]: Destroying... [id=i-0ea938d78cea8b3a4][0m[0m
[0m[1maws_instance.worker_cpu: Destroying... [id=i-07f3674caa0f5be65][0m[0m
[0m[1maws_instance.replica[1]: Destroying... [id=i-0741fad70d1dafcbf][0m[0m
[0m[1maws_instance.replica[2]: Destroying... [id=i-06783b5a9d75a9d4c][0m[0m
[0m[1maws_instance.replica[0]: Destroying... [id=i-0b17d16bdc515633f][0m[0m
[0m[1maws_instance.worker_gpu: Destroying... [id=i-0c662163b42c61c88][0m[0m
[0m[1maws_instance.replica[4]: Destroying... [id=i-01b966060b0112e44][0m[0m
[0m[1maws_ecr_repository.workloads: Destruction complete after 1s[0m
[0m[1maws_instance.worker_cpu: Still destroying... [id=i-07f3674caa0f5be65, 00m10s elapsed][0m[0m
[0m[1maws_instance.replica[3]: Still destroying... [id=i-0ea938d78cea8b3a4, 00m10s elapsed][0m[0m
[0m[1maws_instance.worker_gpu: Still destroying... [id=i-0c662163b42c61c88, 00m10s elapsed][0m[0m
[0m[1maws_instance.replica[2]: Still destroying... [id=i-06783b5a9d75a9d4c, 00m10s elapsed][0m[0m
[0m[1maws_instance.replica[0]: Still destroying... [id=i-0b17d16bdc515633f, 00m10s elapsed][0m[0m
[0m[1maws_instance.replica[1]: Still destroying... [id=i-0741fad70d1dafcbf, 00m10s elapsed][0m[0m
[0m[1maws_instance.replica[4]: Still destroying... [id=i-01b966060b0112e44, 00m10s elapsed][0m[0m
[0m[1maws_instance.replica[4]: Still destroying... [id=i-01b966060b0112e44, 00m20s elapsed][0m[0m
[0m[1maws_instance.replica[3]: Still destroying... [id=i-0ea938d78cea8b3a4, 00m20s elapsed][0m[0m
[0m[1maws_instance.replica[1]: Still destroying... [id=i-0741fad70d1dafcbf, 00m20s elapsed][0m[0m
[0m[1maws_instance.worker_gpu: Still destroying... [id=i-0c662163b42c61c88, 00m20s elapsed][0m[0m
[0m[1maws_instance.replica[0]: Still destroying... [id=i-0b17d16bdc515633f, 00m20s elapsed][0m[0m
[0m[1maws_instance.worker_cpu: Still destroying... [id=i-07f3674caa0f5be65, 00m20s elapsed][0m[0m
[0m[1maws_instance.replica[2]: Still destroying... [id=i-06783b5a9d75a9d4c, 00m20s elapsed][0m[0m
[0m[1maws_instance.worker_cpu: Still destroying... [id=i-07f3674caa0f5be65, 00m30s elapsed][0m[0m
[0m[1maws_instance.replica[3]: Still destroying... [id=i-0ea938d78cea8b3a4, 00m30s elapsed][0m[0m
[0m[1maws_instance.worker_gpu: Still destroying... [id=i-0c662163b42c61c88, 00m30s elapsed][0m[0m
[0m[1maws_instance.replica[2]: Still destroying... [id=i-06783b5a9d75a9d4c, 00m30s elapsed][0m[0m
[0m[1maws_instance.replica[4]: Still destroying... [id=i-01b966060b0112e44, 00m30s elapsed][0m[0m
[0m[1maws_instance.replica[1]: Still destroying... [id=i-0741fad70d1dafcbf, 00m30s elapsed][0m[0m
[0m[1maws_instance.replica[0]: Still destroying... [id=i-0b17d16bdc515633f, 00m30s elapsed][0m[0m
[0m[1maws_instance.replica[0]: Destruction complete after 31s[0m
[0m[1maws_instance.replica[1]: Destruction complete after 31s[0m
[0m[1maws_instance.replica[4]: Destruction complete after 31s[0m
[0m[1maws_instance.replica[2]: Destruction complete after 31s[0m
[0m[1maws_instance.replica[3]: Destruction complete after 31s[0m
[0m[1maws_instance.worker_gpu: Still destroying... [id=i-0c662163b42c61c88, 00m40s elapsed][0m[0m
[0m[1maws_instance.worker_cpu: Still destroying... [id=i-07f3674caa0f5be65, 00m40s elapsed][0m[0m
[0m[1maws_instance.worker_gpu: Still destroying... [id=i-0c662163b42c61c88, 00m50s elapsed][0m[0m
[0m[1maws_instance.worker_cpu: Still destroying... [id=i-07f3674caa0f5be65, 00m50s elapsed][0m[0m
[0m[1maws_instance.worker_cpu: Still destroying... [id=i-07f3674caa0f5be65, 01m00s elapsed][0m[0m
[0m[1maws_instance.worker_gpu: Still destroying... [id=i-0c662163b42c61c88, 01m00s elapsed][0m[0m
[0m[1maws_instance.worker_gpu: Still destroying... [id=i-0c662163b42c61c88, 01m10s elapsed][0m[0m
[0m[1maws_instance.worker_cpu: Still destroying... [id=i-07f3674caa0f5be65, 01m10s elapsed][0m[0m
[0m[1maws_instance.worker_cpu: Still destroying... [id=i-07f3674caa0f5be65, 01m20s elapsed][0m[0m
[0m[1maws_instance.worker_gpu: Still destroying... [id=i-0c662163b42c61c88, 01m20s elapsed][0m[0m
[0m[1maws_instance.worker_gpu: Still destroying... [id=i-0c662163b42c61c88, 01m30s elapsed][0m[0m
[0m[1maws_instance.worker_cpu: Still destroying... [id=i-07f3674caa0f5be65, 01m30s elapsed][0m[0m
[0m[1maws_instance.worker_gpu: Still destroying... [id=i-0c662163b42c61c88, 01m40s elapsed][0m[0m
[0m[1maws_instance.worker_cpu: Still destroying... [id=i-07f3674caa0f5be65, 01m40s elapsed][0m[0m
[0m[1maws_instance.worker_cpu: Still destroying... [id=i-07f3674caa0f5be65, 01m50s elapsed][0m[0m
[0m[1maws_instance.worker_gpu: Still destroying... [id=i-0c662163b42c61c88, 01m50s elapsed][0m[0m
[0m[1maws_instance.worker_cpu: Still destroying... [id=i-07f3674caa0f5be65, 02m00s elapsed][0m[0m
[0m[1maws_instance.worker_gpu: Still destroying... [id=i-0c662163b42c61c88, 02m00s elapsed][0m[0m
[0m[1maws_instance.worker_gpu: Still destroying... [id=i-0c662163b42c61c88, 02m10s elapsed][0m[0m
[0m[1maws_instance.worker_cpu: Still destroying... [id=i-07f3674caa0f5be65, 02m10s elapsed][0m[0m
[0m[1maws_instance.worker_cpu: Still destroying... [id=i-07f3674caa0f5be65, 02m20s elapsed][0m[0m
[0m[1maws_instance.worker_gpu: Still destroying... [id=i-0c662163b42c61c88, 02m20s elapsed][0m[0m
[0m[1maws_instance.worker_cpu: Still destroying... [id=i-07f3674caa0f5be65, 02m30s elapsed][0m[0m
[0m[1maws_instance.worker_gpu: Still destroying... [id=i-0c662163b42c61c88, 02m30s elapsed][0m[0m
[0m[1maws_instance.worker_cpu: Destruction complete after 2m33s[0m
[0m[1maws_instance.worker_gpu: Still destroying... [id=i-0c662163b42c61c88, 02m40s elapsed][0m[0m
[0m[1maws_instance.worker_gpu: Still destroying... [id=i-0c662163b42c61c88, 02m50s elapsed][0m[0m
[0m[1maws_instance.worker_gpu: Still destroying... [id=i-0c662163b42c61c88, 03m00s elapsed][0m[0m
[0m[1maws_instance.worker_gpu: Still destroying... [id=i-0c662163b42c61c88, 03m10s elapsed][0m[0m
[0m[1maws_instance.worker_gpu: Still destroying... [id=i-0c662163b42c61c88, 03m20s elapsed][0m[0m
[0m[1maws_instance.worker_gpu: Still destroying... [id=i-0c662163b42c61c88, 03m30s elapsed][0m[0m
[0m[1maws_instance.worker_gpu: Still destroying... [id=i-0c662163b42c61c88, 03m40s elapsed][0m[0m
[0m[1maws_instance.worker_gpu: Still destroying... [id=i-0c662163b42c61c88, 03m50s elapsed][0m[0m
[0m[1maws_instance.worker_gpu: Still destroying... [id=i-0c662163b42c61c88, 04m00s elapsed][0m[0m
[0m[1maws_instance.worker_gpu: Still destroying... [id=i-0c662163b42c61c88, 04m10s elapsed][0m[0m
[0m[1maws_instance.worker_gpu: Still destroying... [id=i-0c662163b42c61c88, 04m20s elapsed][0m[0m
[0m[1maws_instance.worker_gpu: Still destroying... [id=i-0c662163b42c61c88, 04m30s elapsed][0m[0m
[0m[1maws_instance.worker_gpu: Destruction complete after 4m35s[0m
[0m[1maws_key_pair.poc: Destroying... [id=hivemind-poc-deployer][0m[0m
[0m[1maws_security_group.hivemind: Destroying... [id=sg-0d92d9ccc11539079][0m[0m
[0m[1maws_key_pair.poc: Destruction complete after 0s[0m
[0m[1maws_security_group.hivemind: Destruction complete after 1s[0m
[0m[1m[32m
Destroy complete! Resources: 10 destroyed.[0m

=== Teardown complete ===
