ssh_cidr=66.108.102.239/32

=== 1. Apply isolated Hivemind POC infra ===
timeout_seconds=900
[0m[1mInitializing the backend...[0m
[0m[1mInitializing provider plugins...[0m
- Reusing previous version of hashicorp/aws from the dependency lock file
- Using previously-installed hashicorp/aws v5.100.0

[0m[1m[32mTerraform has been successfully initialized![0m[32m[0m
[0m[32m
You may now begin working with Terraform. Try running "terraform plan" to see
any changes that are required for your infrastructure. All Terraform commands
should now work.

If you ever set or change modules or backend configuration for Terraform,
rerun this command to reinitialize your working directory. If you forget, other
commands will detect it and remind you to do so if necessary.[0m

Terraform used the selected providers to generate the following execution
plan. Resource actions are indicated with the following symbols:
  [32m+[0m create[0m

Terraform will perform the following actions:

[1m  # aws_ecr_repository.workloads[0m will be created
[0m  [32m+[0m[0m resource "aws_ecr_repository" "workloads" {
      [32m+[0m[0m arn                  = (known after apply)
      [32m+[0m[0m force_delete         = true
      [32m+[0m[0m id                   = (known after apply)
      [32m+[0m[0m image_tag_mutability = "MUTABLE"
      [32m+[0m[0m name                 = "hivemind-poc"
      [32m+[0m[0m registry_id          = (known after apply)
      [32m+[0m[0m repository_url       = (known after apply)
      [32m+[0m[0m tags                 = {
          [32m+[0m[0m "Name" = "hivemind-poc-workloads"
        }
      [32m+[0m[0m tags_all             = {
          [32m+[0m[0m "Name" = "hivemind-poc-workloads"
        }

      [32m+[0m[0m image_scanning_configuration {
          [32m+[0m[0m scan_on_push = false
        }
    }

[1m  # aws_instance.replica[0][0m will be created
[0m  [32m+[0m[0m resource "aws_instance" "replica" {
      [32m+[0m[0m ami                                  = "ami-098e39bafa7e7303d"
      [32m+[0m[0m arn                                  = (known after apply)
      [32m+[0m[0m associate_public_ip_address          = (known after apply)
      [32m+[0m[0m availability_zone                    = (known after apply)
      [32m+[0m[0m cpu_core_count                       = (known after apply)
      [32m+[0m[0m cpu_threads_per_core                 = (known after apply)
      [32m+[0m[0m disable_api_stop                     = (known after apply)
      [32m+[0m[0m disable_api_termination              = (known after apply)
      [32m+[0m[0m ebs_optimized                        = (known after apply)
      [32m+[0m[0m enable_primary_ipv6                  = (known after apply)
      [32m+[0m[0m get_password_data                    = false
      [32m+[0m[0m host_id                              = (known after apply)
      [32m+[0m[0m host_resource_group_arn              = (known after apply)
      [32m+[0m[0m iam_instance_profile                 = (known after apply)
      [32m+[0m[0m id                                   = (known after apply)
      [32m+[0m[0m instance_initiated_shutdown_behavior = (known after apply)
      [32m+[0m[0m instance_lifecycle                   = (known after apply)
      [32m+[0m[0m instance_state                       = (known after apply)
      [32m+[0m[0m instance_type                        = "c5.xlarge"
      [32m+[0m[0m ipv6_address_count                   = (known after apply)
      [32m+[0m[0m ipv6_addresses                       = (known after apply)
      [32m+[0m[0m key_name                             = "hivemind-poc-deployer"
      [32m+[0m[0m monitoring                           = (known after apply)
      [32m+[0m[0m outpost_arn                          = (known after apply)
      [32m+[0m[0m password_data                        = (known after apply)
      [32m+[0m[0m placement_group                      = (known after apply)
      [32m+[0m[0m placement_partition_number           = (known after apply)
      [32m+[0m[0m primary_network_interface_id         = (known after apply)
      [32m+[0m[0m private_dns                          = (known after apply)
      [32m+[0m[0m private_ip                           = (known after apply)
      [32m+[0m[0m public_dns                           = (known after apply)
      [32m+[0m[0m public_ip                            = (known after apply)
      [32m+[0m[0m secondary_private_ips                = (known after apply)
      [32m+[0m[0m security_groups                      = (known after apply)
      [32m+[0m[0m source_dest_check                    = true
      [32m+[0m[0m spot_instance_request_id             = (known after apply)
      [32m+[0m[0m subnet_id                            = (known after apply)
      [32m+[0m[0m tags                                 = {
          [32m+[0m[0m "Name" = "hivemind-replica-0"
          [32m+[0m[0m "Role" = "replica"
        }
      [32m+[0m[0m tags_all                             = {
          [32m+[0m[0m "Name" = "hivemind-replica-0"
          [32m+[0m[0m "Role" = "replica"
        }
      [32m+[0m[0m tenancy                              = (known after apply)
      [32m+[0m[0m user_data                            = (sensitive value)
      [32m+[0m[0m user_data_base64                     = (known after apply)
      [32m+[0m[0m user_data_replace_on_change          = false
      [32m+[0m[0m vpc_security_group_ids               = (known after apply)

      [32m+[0m[0m capacity_reservation_specification (known after apply)

      [32m+[0m[0m cpu_options (known after apply)

      [32m+[0m[0m ebs_block_device (known after apply)

      [32m+[0m[0m enclave_options (known after apply)

      [32m+[0m[0m ephemeral_block_device (known after apply)

      [32m+[0m[0m instance_market_options (known after apply)

      [32m+[0m[0m maintenance_options (known after apply)

      [32m+[0m[0m metadata_options (known after apply)

      [32m+[0m[0m network_interface (known after apply)

      [32m+[0m[0m private_dns_name_options (known after apply)

      [32m+[0m[0m root_block_device {
          [32m+[0m[0m delete_on_termination = true
          [32m+[0m[0m device_name           = (known after apply)
          [32m+[0m[0m encrypted             = (known after apply)
          [32m+[0m[0m iops                  = (known after apply)
          [32m+[0m[0m kms_key_id            = (known after apply)
          [32m+[0m[0m tags_all              = (known after apply)
          [32m+[0m[0m throughput            = (known after apply)
          [32m+[0m[0m volume_id             = (known after apply)
          [32m+[0m[0m volume_size           = 50
          [32m+[0m[0m volume_type           = "gp3"
        }
    }

[1m  # aws_instance.replica[1][0m will be created
[0m  [32m+[0m[0m resource "aws_instance" "replica" {
      [32m+[0m[0m ami                                  = "ami-098e39bafa7e7303d"
      [32m+[0m[0m arn                                  = (known after apply)
      [32m+[0m[0m associate_public_ip_address          = (known after apply)
      [32m+[0m[0m availability_zone                    = (known after apply)
      [32m+[0m[0m cpu_core_count                       = (known after apply)
      [32m+[0m[0m cpu_threads_per_core                 = (known after apply)
      [32m+[0m[0m disable_api_stop                     = (known after apply)
      [32m+[0m[0m disable_api_termination              = (known after apply)
      [32m+[0m[0m ebs_optimized                        = (known after apply)
      [32m+[0m[0m enable_primary_ipv6                  = (known after apply)
      [32m+[0m[0m get_password_data                    = false
      [32m+[0m[0m host_id                              = (known after apply)
      [32m+[0m[0m host_resource_group_arn              = (known after apply)
      [32m+[0m[0m iam_instance_profile                 = (known after apply)
      [32m+[0m[0m id                                   = (known after apply)
      [32m+[0m[0m instance_initiated_shutdown_behavior = (known after apply)
      [32m+[0m[0m instance_lifecycle                   = (known after apply)
      [32m+[0m[0m instance_state                       = (known after apply)
      [32m+[0m[0m instance_type                        = "c5.xlarge"
      [32m+[0m[0m ipv6_address_count                   = (known after apply)
      [32m+[0m[0m ipv6_addresses                       = (known after apply)
      [32m+[0m[0m key_name                             = "hivemind-poc-deployer"
      [32m+[0m[0m monitoring                           = (known after apply)
      [32m+[0m[0m outpost_arn                          = (known after apply)
      [32m+[0m[0m password_data                        = (known after apply)
      [32m+[0m[0m placement_group                      = (known after apply)
      [32m+[0m[0m placement_partition_number           = (known after apply)
      [32m+[0m[0m primary_network_interface_id         = (known after apply)
      [32m+[0m[0m private_dns                          = (known after apply)
      [32m+[0m[0m private_ip                           = (known after apply)
      [32m+[0m[0m public_dns                           = (known after apply)
      [32m+[0m[0m public_ip                            = (known after apply)
      [32m+[0m[0m secondary_private_ips                = (known after apply)
      [32m+[0m[0m security_groups                      = (known after apply)
      [32m+[0m[0m source_dest_check                    = true
      [32m+[0m[0m spot_instance_request_id             = (known after apply)
      [32m+[0m[0m subnet_id                            = (known after apply)
      [32m+[0m[0m tags                                 = {
          [32m+[0m[0m "Name" = "hivemind-replica-1"
          [32m+[0m[0m "Role" = "replica"
        }
      [32m+[0m[0m tags_all                             = {
          [32m+[0m[0m "Name" = "hivemind-replica-1"
          [32m+[0m[0m "Role" = "replica"
        }
      [32m+[0m[0m tenancy                              = (known after apply)
      [32m+[0m[0m user_data                            = (sensitive value)
      [32m+[0m[0m user_data_base64                     = (known after apply)
      [32m+[0m[0m user_data_replace_on_change          = false
      [32m+[0m[0m vpc_security_group_ids               = (known after apply)

      [32m+[0m[0m capacity_reservation_specification (known after apply)

      [32m+[0m[0m cpu_options (known after apply)

      [32m+[0m[0m ebs_block_device (known after apply)

      [32m+[0m[0m enclave_options (known after apply)

      [32m+[0m[0m ephemeral_block_device (known after apply)

      [32m+[0m[0m instance_market_options (known after apply)

      [32m+[0m[0m maintenance_options (known after apply)

      [32m+[0m[0m metadata_options (known after apply)

      [32m+[0m[0m network_interface (known after apply)

      [32m+[0m[0m private_dns_name_options (known after apply)

      [32m+[0m[0m root_block_device {
          [32m+[0m[0m delete_on_termination = true
          [32m+[0m[0m device_name           = (known after apply)
          [32m+[0m[0m encrypted             = (known after apply)
          [32m+[0m[0m iops                  = (known after apply)
          [32m+[0m[0m kms_key_id            = (known after apply)
          [32m+[0m[0m tags_all              = (known after apply)
          [32m+[0m[0m throughput            = (known after apply)
          [32m+[0m[0m volume_id             = (known after apply)
          [32m+[0m[0m volume_size           = 50
          [32m+[0m[0m volume_type           = "gp3"
        }
    }

[1m  # aws_instance.replica[2][0m will be created
[0m  [32m+[0m[0m resource "aws_instance" "replica" {
      [32m+[0m[0m ami                                  = "ami-098e39bafa7e7303d"
      [32m+[0m[0m arn                                  = (known after apply)
      [32m+[0m[0m associate_public_ip_address          = (known after apply)
      [32m+[0m[0m availability_zone                    = (known after apply)
      [32m+[0m[0m cpu_core_count                       = (known after apply)
      [32m+[0m[0m cpu_threads_per_core                 = (known after apply)
      [32m+[0m[0m disable_api_stop                     = (known after apply)
      [32m+[0m[0m disable_api_termination              = (known after apply)
      [32m+[0m[0m ebs_optimized                        = (known after apply)
      [32m+[0m[0m enable_primary_ipv6                  = (known after apply)
      [32m+[0m[0m get_password_data                    = false
      [32m+[0m[0m host_id                              = (known after apply)
      [32m+[0m[0m host_resource_group_arn              = (known after apply)
      [32m+[0m[0m iam_instance_profile                 = (known after apply)
      [32m+[0m[0m id                                   = (known after apply)
      [32m+[0m[0m instance_initiated_shutdown_behavior = (known after apply)
      [32m+[0m[0m instance_lifecycle                   = (known after apply)
      [32m+[0m[0m instance_state                       = (known after apply)
      [32m+[0m[0m instance_type                        = "c5.xlarge"
      [32m+[0m[0m ipv6_address_count                   = (known after apply)
      [32m+[0m[0m ipv6_addresses                       = (known after apply)
      [32m+[0m[0m key_name                             = "hivemind-poc-deployer"
      [32m+[0m[0m monitoring                           = (known after apply)
      [32m+[0m[0m outpost_arn                          = (known after apply)
      [32m+[0m[0m password_data                        = (known after apply)
      [32m+[0m[0m placement_group                      = (known after apply)
      [32m+[0m[0m placement_partition_number           = (known after apply)
      [32m+[0m[0m primary_network_interface_id         = (known after apply)
      [32m+[0m[0m private_dns                          = (known after apply)
      [32m+[0m[0m private_ip                           = (known after apply)
      [32m+[0m[0m public_dns                           = (known after apply)
      [32m+[0m[0m public_ip                            = (known after apply)
      [32m+[0m[0m secondary_private_ips                = (known after apply)
      [32m+[0m[0m security_groups                      = (known after apply)
      [32m+[0m[0m source_dest_check                    = true
      [32m+[0m[0m spot_instance_request_id             = (known after apply)
      [32m+[0m[0m subnet_id                            = (known after apply)
      [32m+[0m[0m tags                                 = {
          [32m+[0m[0m "Name" = "hivemind-replica-2"
          [32m+[0m[0m "Role" = "replica"
        }
      [32m+[0m[0m tags_all                             = {
          [32m+[0m[0m "Name" = "hivemind-replica-2"
          [32m+[0m[0m "Role" = "replica"
        }
      [32m+[0m[0m tenancy                              = (known after apply)
      [32m+[0m[0m user_data                            = (sensitive value)
      [32m+[0m[0m user_data_base64                     = (known after apply)
      [32m+[0m[0m user_data_replace_on_change          = false
      [32m+[0m[0m vpc_security_group_ids               = (known after apply)

      [32m+[0m[0m capacity_reservation_specification (known after apply)

      [32m+[0m[0m cpu_options (known after apply)

      [32m+[0m[0m ebs_block_device (known after apply)

      [32m+[0m[0m enclave_options (known after apply)

      [32m+[0m[0m ephemeral_block_device (known after apply)

      [32m+[0m[0m instance_market_options (known after apply)

      [32m+[0m[0m maintenance_options (known after apply)

      [32m+[0m[0m metadata_options (known after apply)

      [32m+[0m[0m network_interface (known after apply)

      [32m+[0m[0m private_dns_name_options (known after apply)

      [32m+[0m[0m root_block_device {
          [32m+[0m[0m delete_on_termination = true
          [32m+[0m[0m device_name           = (known after apply)
          [32m+[0m[0m encrypted             = (known after apply)
          [32m+[0m[0m iops                  = (known after apply)
          [32m+[0m[0m kms_key_id            = (known after apply)
          [32m+[0m[0m tags_all              = (known after apply)
          [32m+[0m[0m throughput            = (known after apply)
          [32m+[0m[0m volume_id             = (known after apply)
          [32m+[0m[0m volume_size           = 50
          [32m+[0m[0m volume_type           = "gp3"
        }
    }

[1m  # aws_instance.replica[3][0m will be created
[0m  [32m+[0m[0m resource "aws_instance" "replica" {
      [32m+[0m[0m ami                                  = "ami-098e39bafa7e7303d"
      [32m+[0m[0m arn                                  = (known after apply)
      [32m+[0m[0m associate_public_ip_address          = (known after apply)
      [32m+[0m[0m availability_zone                    = (known after apply)
      [32m+[0m[0m cpu_core_count                       = (known after apply)
      [32m+[0m[0m cpu_threads_per_core                 = (known after apply)
      [32m+[0m[0m disable_api_stop                     = (known after apply)
      [32m+[0m[0m disable_api_termination              = (known after apply)
      [32m+[0m[0m ebs_optimized                        = (known after apply)
      [32m+[0m[0m enable_primary_ipv6                  = (known after apply)
      [32m+[0m[0m get_password_data                    = false
      [32m+[0m[0m host_id                              = (known after apply)
      [32m+[0m[0m host_resource_group_arn              = (known after apply)
      [32m+[0m[0m iam_instance_profile                 = (known after apply)
      [32m+[0m[0m id                                   = (known after apply)
      [32m+[0m[0m instance_initiated_shutdown_behavior = (known after apply)
      [32m+[0m[0m instance_lifecycle                   = (known after apply)
      [32m+[0m[0m instance_state                       = (known after apply)
      [32m+[0m[0m instance_type                        = "c5.xlarge"
      [32m+[0m[0m ipv6_address_count                   = (known after apply)
      [32m+[0m[0m ipv6_addresses                       = (known after apply)
      [32m+[0m[0m key_name                             = "hivemind-poc-deployer"
      [32m+[0m[0m monitoring                           = (known after apply)
      [32m+[0m[0m outpost_arn                          = (known after apply)
      [32m+[0m[0m password_data                        = (known after apply)
      [32m+[0m[0m placement_group                      = (known after apply)
      [32m+[0m[0m placement_partition_number           = (known after apply)
      [32m+[0m[0m primary_network_interface_id         = (known after apply)
      [32m+[0m[0m private_dns                          = (known after apply)
      [32m+[0m[0m private_ip                           = (known after apply)
      [32m+[0m[0m public_dns                           = (known after apply)
      [32m+[0m[0m public_ip                            = (known after apply)
      [32m+[0m[0m secondary_private_ips                = (known after apply)
      [32m+[0m[0m security_groups                      = (known after apply)
      [32m+[0m[0m source_dest_check                    = true
      [32m+[0m[0m spot_instance_request_id             = (known after apply)
      [32m+[0m[0m subnet_id                            = (known after apply)
      [32m+[0m[0m tags                                 = {
          [32m+[0m[0m "Name" = "hivemind-replica-3"
          [32m+[0m[0m "Role" = "replica"
        }
      [32m+[0m[0m tags_all                             = {
          [32m+[0m[0m "Name" = "hivemind-replica-3"
          [32m+[0m[0m "Role" = "replica"
        }
      [32m+[0m[0m tenancy                              = (known after apply)
      [32m+[0m[0m user_data                            = (sensitive value)
      [32m+[0m[0m user_data_base64                     = (known after apply)
      [32m+[0m[0m user_data_replace_on_change          = false
      [32m+[0m[0m vpc_security_group_ids               = (known after apply)

      [32m+[0m[0m capacity_reservation_specification (known after apply)

      [32m+[0m[0m cpu_options (known after apply)

      [32m+[0m[0m ebs_block_device (known after apply)

      [32m+[0m[0m enclave_options (known after apply)

      [32m+[0m[0m ephemeral_block_device (known after apply)

      [32m+[0m[0m instance_market_options (known after apply)

      [32m+[0m[0m maintenance_options (known after apply)

      [32m+[0m[0m metadata_options (known after apply)

      [32m+[0m[0m network_interface (known after apply)

      [32m+[0m[0m private_dns_name_options (known after apply)

      [32m+[0m[0m root_block_device {
          [32m+[0m[0m delete_on_termination = true
          [32m+[0m[0m device_name           = (known after apply)
          [32m+[0m[0m encrypted             = (known after apply)
          [32m+[0m[0m iops                  = (known after apply)
          [32m+[0m[0m kms_key_id            = (known after apply)
          [32m+[0m[0m tags_all              = (known after apply)
          [32m+[0m[0m throughput            = (known after apply)
          [32m+[0m[0m volume_id             = (known after apply)
          [32m+[0m[0m volume_size           = 50
          [32m+[0m[0m volume_type           = "gp3"
        }
    }

[1m  # aws_instance.replica[4][0m will be created
[0m  [32m+[0m[0m resource "aws_instance" "replica" {
      [32m+[0m[0m ami                                  = "ami-098e39bafa7e7303d"
      [32m+[0m[0m arn                                  = (known after apply)
      [32m+[0m[0m associate_public_ip_address          = (known after apply)
      [32m+[0m[0m availability_zone                    = (known after apply)
      [32m+[0m[0m cpu_core_count                       = (known after apply)
      [32m+[0m[0m cpu_threads_per_core                 = (known after apply)
      [32m+[0m[0m disable_api_stop                     = (known after apply)
      [32m+[0m[0m disable_api_termination              = (known after apply)
      [32m+[0m[0m ebs_optimized                        = (known after apply)
      [32m+[0m[0m enable_primary_ipv6                  = (known after apply)
      [32m+[0m[0m get_password_data                    = false
      [32m+[0m[0m host_id                              = (known after apply)
      [32m+[0m[0m host_resource_group_arn              = (known after apply)
      [32m+[0m[0m iam_instance_profile                 = (known after apply)
      [32m+[0m[0m id                                   = (known after apply)
      [32m+[0m[0m instance_initiated_shutdown_behavior = (known after apply)
      [32m+[0m[0m instance_lifecycle                   = (known after apply)
      [32m+[0m[0m instance_state                       = (known after apply)
      [32m+[0m[0m instance_type                        = "c5.xlarge"
      [32m+[0m[0m ipv6_address_count                   = (known after apply)
      [32m+[0m[0m ipv6_addresses                       = (known after apply)
      [32m+[0m[0m key_name                             = "hivemind-poc-deployer"
      [32m+[0m[0m monitoring                           = (known after apply)
      [32m+[0m[0m outpost_arn                          = (known after apply)
      [32m+[0m[0m password_data                        = (known after apply)
      [32m+[0m[0m placement_group                      = (known after apply)
      [32m+[0m[0m placement_partition_number           = (known after apply)
      [32m+[0m[0m primary_network_interface_id         = (known after apply)
      [32m+[0m[0m private_dns                          = (known after apply)
      [32m+[0m[0m private_ip                           = (known after apply)
      [32m+[0m[0m public_dns                           = (known after apply)
      [32m+[0m[0m public_ip                            = (known after apply)
      [32m+[0m[0m secondary_private_ips                = (known after apply)
      [32m+[0m[0m security_groups                      = (known after apply)
      [32m+[0m[0m source_dest_check                    = true
      [32m+[0m[0m spot_instance_request_id             = (known after apply)
      [32m+[0m[0m subnet_id                            = (known after apply)
      [32m+[0m[0m tags                                 = {
          [32m+[0m[0m "Name" = "hivemind-replica-4"
          [32m+[0m[0m "Role" = "replica"
        }
      [32m+[0m[0m tags_all                             = {
          [32m+[0m[0m "Name" = "hivemind-replica-4"
          [32m+[0m[0m "Role" = "replica"
        }
      [32m+[0m[0m tenancy                              = (known after apply)
      [32m+[0m[0m user_data                            = (sensitive value)
      [32m+[0m[0m user_data_base64                     = (known after apply)
      [32m+[0m[0m user_data_replace_on_change          = false
      [32m+[0m[0m vpc_security_group_ids               = (known after apply)

      [32m+[0m[0m capacity_reservation_specification (known after apply)

      [32m+[0m[0m cpu_options (known after apply)

      [32m+[0m[0m ebs_block_device (known after apply)

      [32m+[0m[0m enclave_options (known after apply)

      [32m+[0m[0m ephemeral_block_device (known after apply)

      [32m+[0m[0m instance_market_options (known after apply)

      [32m+[0m[0m maintenance_options (known after apply)

      [32m+[0m[0m metadata_options (known after apply)

      [32m+[0m[0m network_interface (known after apply)

      [32m+[0m[0m private_dns_name_options (known after apply)

      [32m+[0m[0m root_block_device {
          [32m+[0m[0m delete_on_termination = true
          [32m+[0m[0m device_name           = (known after apply)
          [32m+[0m[0m encrypted             = (known after apply)
          [32m+[0m[0m iops                  = (known after apply)
          [32m+[0m[0m kms_key_id            = (known after apply)
          [32m+[0m[0m tags_all              = (known after apply)
          [32m+[0m[0m throughput            = (known after apply)
          [32m+[0m[0m volume_id             = (known after apply)
          [32m+[0m[0m volume_size           = 50
          [32m+[0m[0m volume_type           = "gp3"
        }
    }

[1m  # aws_instance.worker_cpu[0m will be created
[0m  [32m+[0m[0m resource "aws_instance" "worker_cpu" {
      [32m+[0m[0m ami                                  = "ami-0714f823ff4e72d73"
      [32m+[0m[0m arn                                  = (known after apply)
      [32m+[0m[0m associate_public_ip_address          = (known after apply)
      [32m+[0m[0m availability_zone                    = (known after apply)
      [32m+[0m[0m cpu_core_count                       = (known after apply)
      [32m+[0m[0m cpu_threads_per_core                 = (known after apply)
      [32m+[0m[0m disable_api_stop                     = (known after apply)
      [32m+[0m[0m disable_api_termination              = (known after apply)
      [32m+[0m[0m ebs_optimized                        = (known after apply)
      [32m+[0m[0m enable_primary_ipv6                  = (known after apply)
      [32m+[0m[0m get_password_data                    = false
      [32m+[0m[0m host_id                              = (known after apply)
      [32m+[0m[0m host_resource_group_arn              = (known after apply)
      [32m+[0m[0m iam_instance_profile                 = (known after apply)
      [32m+[0m[0m id                                   = (known after apply)
      [32m+[0m[0m instance_initiated_shutdown_behavior = (known after apply)
      [32m+[0m[0m instance_lifecycle                   = (known after apply)
      [32m+[0m[0m instance_state                       = (known after apply)
      [32m+[0m[0m instance_type                        = "c5.xlarge"
      [32m+[0m[0m ipv6_address_count                   = (known after apply)
      [32m+[0m[0m ipv6_addresses                       = (known after apply)
      [32m+[0m[0m key_name                             = "hivemind-poc-deployer"
      [32m+[0m[0m monitoring                           = (known after apply)
      [32m+[0m[0m outpost_arn                          = (known after apply)
      [32m+[0m[0m password_data                        = (known after apply)
      [32m+[0m[0m placement_group                      = (known after apply)
      [32m+[0m[0m placement_partition_number           = (known after apply)
      [32m+[0m[0m primary_network_interface_id         = (known after apply)
      [32m+[0m[0m private_dns                          = (known after apply)
      [32m+[0m[0m private_ip                           = (known after apply)
      [32m+[0m[0m public_dns                           = (known after apply)
      [32m+[0m[0m public_ip                            = (known after apply)
      [32m+[0m[0m secondary_private_ips                = (known after apply)
      [32m+[0m[0m security_groups                      = (known after apply)
      [32m+[0m[0m source_dest_check                    = true
      [32m+[0m[0m spot_instance_request_id             = (known after apply)
      [32m+[0m[0m subnet_id                            = (known after apply)
      [32m+[0m[0m tags                                 = {
          [32m+[0m[0m "Name" = "hivemind-worker-cpu"
          [32m+[0m[0m "Role" = "worker"
        }
      [32m+[0m[0m tags_all                             = {
          [32m+[0m[0m "Name" = "hivemind-worker-cpu"
          [32m+[0m[0m "Role" = "worker"
        }
      [32m+[0m[0m tenancy                              = (known after apply)
      [32m+[0m[0m user_data                            = (sensitive value)
      [32m+[0m[0m user_data_base64                     = (known after apply)
      [32m+[0m[0m user_data_replace_on_change          = false
      [32m+[0m[0m vpc_security_group_ids               = (known after apply)

      [32m+[0m[0m capacity_reservation_specification (known after apply)

      [32m+[0m[0m cpu_options (known after apply)

      [32m+[0m[0m ebs_block_device (known after apply)

      [32m+[0m[0m enclave_options (known after apply)

      [32m+[0m[0m ephemeral_block_device (known after apply)

      [32m+[0m[0m instance_market_options (known after apply)

      [32m+[0m[0m maintenance_options (known after apply)

      [32m+[0m[0m metadata_options (known after apply)

      [32m+[0m[0m network_interface (known after apply)

      [32m+[0m[0m private_dns_name_options (known after apply)

      [32m+[0m[0m root_block_device {
          [32m+[0m[0m delete_on_termination = true
          [32m+[0m[0m device_name           = (known after apply)
          [32m+[0m[0m encrypted             = (known after apply)
          [32m+[0m[0m iops                  = (known after apply)
          [32m+[0m[0m kms_key_id            = (known after apply)
          [32m+[0m[0m tags_all              = (known after apply)
          [32m+[0m[0m throughput            = (known after apply)
          [32m+[0m[0m volume_id             = (known after apply)
          [32m+[0m[0m volume_size           = 100
          [32m+[0m[0m volume_type           = "gp3"
        }
    }

[1m  # aws_instance.worker_gpu[0m will be created
[0m  [32m+[0m[0m resource "aws_instance" "worker_gpu" {
      [32m+[0m[0m ami                                  = "ami-0714f823ff4e72d73"
      [32m+[0m[0m arn                                  = (known after apply)
      [32m+[0m[0m associate_public_ip_address          = (known after apply)
      [32m+[0m[0m availability_zone                    = (known after apply)
      [32m+[0m[0m cpu_core_count                       = (known after apply)
      [32m+[0m[0m cpu_threads_per_core                 = (known after apply)
      [32m+[0m[0m disable_api_stop                     = (known after apply)
      [32m+[0m[0m disable_api_termination              = (known after apply)
      [32m+[0m[0m ebs_optimized                        = (known after apply)
      [32m+[0m[0m enable_primary_ipv6                  = (known after apply)
      [32m+[0m[0m get_password_data                    = false
      [32m+[0m[0m host_id                              = (known after apply)
      [32m+[0m[0m host_resource_group_arn              = (known after apply)
      [32m+[0m[0m iam_instance_profile                 = (known after apply)
      [32m+[0m[0m id                                   = (known after apply)
      [32m+[0m[0m instance_initiated_shutdown_behavior = (known after apply)
      [32m+[0m[0m instance_lifecycle                   = (known after apply)
      [32m+[0m[0m instance_state                       = (known after apply)
      [32m+[0m[0m instance_type                        = "g4dn.xlarge"
      [32m+[0m[0m ipv6_address_count                   = (known after apply)
      [32m+[0m[0m ipv6_addresses                       = (known after apply)
      [32m+[0m[0m key_name                             = "hivemind-poc-deployer"
      [32m+[0m[0m monitoring                           = (known after apply)
      [32m+[0m[0m outpost_arn                          = (known after apply)
      [32m+[0m[0m password_data                        = (known after apply)
      [32m+[0m[0m placement_group                      = (known after apply)
      [32m+[0m[0m placement_partition_number           = (known after apply)
      [32m+[0m[0m primary_network_interface_id         = (known after apply)
      [32m+[0m[0m private_dns                          = (known after apply)
      [32m+[0m[0m private_ip                           = (known after apply)
      [32m+[0m[0m public_dns                           = (known after apply)
      [32m+[0m[0m public_ip                            = (known after apply)
      [32m+[0m[0m secondary_private_ips                = (known after apply)
      [32m+[0m[0m security_groups                      = (known after apply)
      [32m+[0m[0m source_dest_check                    = true
      [32m+[0m[0m spot_instance_request_id             = (known after apply)
      [32m+[0m[0m subnet_id                            = (known after apply)
      [32m+[0m[0m tags                                 = {
          [32m+[0m[0m "Name" = "hivemind-worker-gpu"
          [32m+[0m[0m "Role" = "worker"
        }
      [32m+[0m[0m tags_all                             = {
          [32m+[0m[0m "Name" = "hivemind-worker-gpu"
          [32m+[0m[0m "Role" = "worker"
        }
      [32m+[0m[0m tenancy                              = (known after apply)
      [32m+[0m[0m user_data                            = (sensitive value)
      [32m+[0m[0m user_data_base64                     = (known after apply)
      [32m+[0m[0m user_data_replace_on_change          = false
      [32m+[0m[0m vpc_security_group_ids               = (known after apply)

      [32m+[0m[0m capacity_reservation_specification (known after apply)

      [32m+[0m[0m cpu_options (known after apply)

      [32m+[0m[0m ebs_block_device (known after apply)

      [32m+[0m[0m enclave_options (known after apply)

      [32m+[0m[0m ephemeral_block_device (known after apply)

      [32m+[0m[0m instance_market_options (known after apply)

      [32m+[0m[0m maintenance_options (known after apply)

      [32m+[0m[0m metadata_options (known after apply)

      [32m+[0m[0m network_interface (known after apply)

      [32m+[0m[0m private_dns_name_options (known after apply)

      [32m+[0m[0m root_block_device {
          [32m+[0m[0m delete_on_termination = true
          [32m+[0m[0m device_name           = (known after apply)
          [32m+[0m[0m encrypted             = (known after apply)
          [32m+[0m[0m iops                  = (known after apply)
          [32m+[0m[0m kms_key_id            = (known after apply)
          [32m+[0m[0m tags_all              = (known after apply)
          [32m+[0m[0m throughput            = (known after apply)
          [32m+[0m[0m volume_id             = (known after apply)
          [32m+[0m[0m volume_size           = 100
          [32m+[0m[0m volume_type           = "gp3"
        }
    }

[1m  # aws_key_pair.poc[0m will be created
[0m  [32m+[0m[0m resource "aws_key_pair" "poc" {
      [32m+[0m[0m arn             = (known after apply)
      [32m+[0m[0m fingerprint     = (known after apply)
      [32m+[0m[0m id              = (known after apply)
      [32m+[0m[0m key_name        = "hivemind-poc-deployer"
      [32m+[0m[0m key_name_prefix = (known after apply)
      [32m+[0m[0m key_pair_id     = (known after apply)
      [32m+[0m[0m key_type        = (known after apply)
      [32m+[0m[0m public_key      = "ssh-ed25519 AAAAC3NzaC1lZDI1NTE5AAAAILralVpTQ0tgwve6HyxwiZ0bzY1wymH/lCm91uL5NjcP"
      [32m+[0m[0m tags_all        = (known after apply)
    }

[1m  # aws_security_group.hivemind[0m will be created
[0m  [32m+[0m[0m resource "aws_security_group" "hivemind" {
      [32m+[0m[0m arn                    = (known after apply)
      [32m+[0m[0m description            = "Managed by Terraform"
      [32m+[0m[0m egress                 = [
          [32m+[0m[0m {
              [32m+[0m[0m cidr_blocks      = [
                  [32m+[0m[0m "0.0.0.0/0",
                ]
              [32m+[0m[0m from_port        = 0
              [32m+[0m[0m ipv6_cidr_blocks = []
              [32m+[0m[0m prefix_list_ids  = []
              [32m+[0m[0m protocol         = "-1"
              [32m+[0m[0m security_groups  = []
              [32m+[0m[0m self             = false
              [32m+[0m[0m to_port          = 0
                [90m# (1 unchanged attribute hidden)[0m[0m
            },
        ]
      [32m+[0m[0m id                     = (known after apply)
      [32m+[0m[0m ingress                = [
          [32m+[0m[0m {
              [32m+[0m[0m cidr_blocks      = [
                  [32m+[0m[0m "66.108.102.239/32",
                ]
              [32m+[0m[0m from_port        = 22
              [32m+[0m[0m ipv6_cidr_blocks = []
              [32m+[0m[0m prefix_list_ids  = []
              [32m+[0m[0m protocol         = "tcp"
              [32m+[0m[0m security_groups  = []
              [32m+[0m[0m self             = false
              [32m+[0m[0m to_port          = 22
                [90m# (1 unchanged attribute hidden)[0m[0m
            },
          [32m+[0m[0m {
              [32m+[0m[0m cidr_blocks      = [
                  [32m+[0m[0m "66.108.102.239/32",
                ]
              [32m+[0m[0m from_port        = 8080
              [32m+[0m[0m ipv6_cidr_blocks = []
              [32m+[0m[0m prefix_list_ids  = []
              [32m+[0m[0m protocol         = "tcp"
              [32m+[0m[0m security_groups  = []
              [32m+[0m[0m self             = false
              [32m+[0m[0m to_port          = 8080
                [90m# (1 unchanged attribute hidden)[0m[0m
            },
          [32m+[0m[0m {
              [32m+[0m[0m cidr_blocks      = []
              [32m+[0m[0m from_port        = 8080
              [32m+[0m[0m ipv6_cidr_blocks = []
              [32m+[0m[0m prefix_list_ids  = []
              [32m+[0m[0m protocol         = "tcp"
              [32m+[0m[0m security_groups  = []
              [32m+[0m[0m self             = true
              [32m+[0m[0m to_port          = 9300
                [90m# (1 unchanged attribute hidden)[0m[0m
            },
          [32m+[0m[0m {
              [32m+[0m[0m cidr_blocks      = []
              [32m+[0m[0m from_port        = 9300
              [32m+[0m[0m ipv6_cidr_blocks = []
              [32m+[0m[0m prefix_list_ids  = []
              [32m+[0m[0m protocol         = "udp"
              [32m+[0m[0m security_groups  = []
              [32m+[0m[0m self             = true
              [32m+[0m[0m to_port          = 9300
                [90m# (1 unchanged attribute hidden)[0m[0m
            },
        ]
      [32m+[0m[0m name                   = (known after apply)
      [32m+[0m[0m name_prefix            = "hivemind-poc-"
      [32m+[0m[0m owner_id               = (known after apply)
      [32m+[0m[0m revoke_rules_on_delete = false
      [32m+[0m[0m tags                   = {
          [32m+[0m[0m "Name" = "hivemind-poc"
        }
      [32m+[0m[0m tags_all               = {
          [32m+[0m[0m "Name" = "hivemind-poc"
        }
      [32m+[0m[0m vpc_id                 = (known after apply)
    }

[1mPlan:[0m [0m10 to add, 0 to change, 0 to destroy.

Changes to Outputs:
  [32m+[0m[0m api_url              = (known after apply)
  [32m+[0m[0m dashboard_url        = (known after apply)
  [32m+[0m[0m ecr_repository_name  = "hivemind-poc"
  [32m+[0m[0m ecr_repository_url   = (known after apply)
  [32m+[0m[0m replica_ami          = "ami-098e39bafa7e7303d"
  [32m+[0m[0m replica_ips          = [
      [32m+[0m[0m (known after apply),
      [32m+[0m[0m (known after apply),
      [32m+[0m[0m (known after apply),
      [32m+[0m[0m (known after apply),
      [32m+[0m[0m (known after apply),
    ]
  [32m+[0m[0m replica_public_ips   = [
      [32m+[0m[0m (known after apply),
      [32m+[0m[0m (known after apply),
      [32m+[0m[0m (known after apply),
      [32m+[0m[0m (known after apply),
      [32m+[0m[0m (known after apply),
    ]
  [32m+[0m[0m worker_ami           = "ami-0714f823ff4e72d73"
  [32m+[0m[0m worker_cpu_ip        = (known after apply)
  [32m+[0m[0m worker_cpu_public_ip = (known after apply)
  [32m+[0m[0m worker_gpu_ip        = (known after apply)
  [32m+[0m[0m worker_gpu_public_ip = (known after apply)
[0m[1maws_key_pair.poc: Creating...[0m[0m
[0m[1maws_ecr_repository.workloads: Creating...[0m[0m
[0m[1maws_security_group.hivemind: Creating...[0m[0m
[0m[1maws_key_pair.poc: Creation complete after 0s [id=hivemind-poc-deployer][0m
[0m[1maws_ecr_repository.workloads: Creation complete after 1s [id=hivemind-poc][0m
[0m[1maws_security_group.hivemind: Creation complete after 3s [id=sg-0b1de66da60090c99][0m
[0m[1maws_instance.worker_gpu: Creating...[0m[0m
[0m[1maws_instance.replica[1]: Creating...[0m[0m
[0m[1maws_instance.worker_cpu: Creating...[0m[0m
[0m[1maws_instance.replica[2]: Creating...[0m[0m
[0m[1maws_instance.replica[3]: Creating...[0m[0m
[0m[1maws_instance.replica[0]: Creating...[0m[0m
[0m[1maws_instance.replica[4]: Creating...[0m[0m
[0m[1maws_instance.worker_cpu: Still creating... [00m10s elapsed][0m[0m
[0m[1maws_instance.replica[2]: Still creating... [00m10s elapsed][0m[0m
[0m[1maws_instance.replica[3]: Still creating... [00m10s elapsed][0m[0m
[0m[1maws_instance.worker_gpu: Still creating... [00m10s elapsed][0m[0m
[0m[1maws_instance.replica[1]: Still creating... [00m10s elapsed][0m[0m
[0m[1maws_instance.replica[0]: Still creating... [00m10s elapsed][0m[0m
[0m[1maws_instance.replica[4]: Still creating... [00m10s elapsed][0m[0m
[0m[1maws_instance.replica[2]: Creation complete after 13s [id=i-042815db0971fb959][0m
[0m[1maws_instance.worker_gpu: Creation complete after 13s [id=i-050d8e845c9c85c40][0m
[0m[1maws_instance.replica[4]: Creation complete after 13s [id=i-0df91ff3742056ac4][0m
[0m[1maws_instance.worker_cpu: Creation complete after 13s [id=i-0b891c0b63f01bdba][0m
[0m[1maws_instance.replica[0]: Creation complete after 13s [id=i-0f23108b25e5313f5][0m
[0m[1maws_instance.replica[1]: Creation complete after 13s [id=i-08a9f021fd1484940][0m
[0m[1maws_instance.replica[3]: Creation complete after 13s [id=i-04ec5a2d811969d4c][0m
[0m[1m[32m
Apply complete! Resources: 10 added, 0 changed, 0 destroyed.[0m
[0m[1m[32m
Outputs:

[0mapi_url = "http://98.80.96.35:8080"
dashboard_url = "http://98.80.96.35:8080/dashboard"
ecr_repository_name = "hivemind-poc"
ecr_repository_url = "288552132534.dkr.ecr.us-east-1.amazonaws.com/hivemind-poc"
replica_ami = "ami-098e39bafa7e7303d"
replica_ips = [
  "172.31.71.97",
  "172.31.71.99",
  "172.31.73.170",
  "172.31.67.248",
  "172.31.77.204",
]
replica_public_ips = [
  "98.80.96.35",
  "44.221.73.4",
  "34.204.195.201",
  "100.28.0.125",
  "100.53.239.227",
]
worker_ami = "ami-0714f823ff4e72d73"
worker_cpu_ip = "172.31.74.56"
worker_cpu_public_ip = "100.31.104.187"
worker_gpu_ip = "172.31.76.101"
worker_gpu_public_ip = "44.200.194.88"
api_url=http://98.80.96.35:8080
replica_public_ips=98.80.96.35,44.221.73.4,34.204.195.201,100.28.0.125,100.53.239.227
worker_cpu_public_ip=100.31.104.187
worker_gpu_public_ip=44.200.194.88
ecr_repository_url=288552132534.dkr.ecr.us-east-1.amazonaws.com/hivemind-poc

=== 2. Build and push CPU workload image ===
timeout_seconds=900

WARNING! Your credentials are stored unencrypted in '/Users/elijahrou/.docker/config.json'.
Configure a credential helper to remove this warning. See
https://docs.docker.com/go/credential-store/

Login Succeeded
reuse_local_cpu_image=288552132534.dkr.ecr.us-east-1.amazonaws.com/hivemind-poc:cpu-poc-20260425161351
The push refers to repository [288552132534.dkr.ecr.us-east-1.amazonaws.com/hivemind-poc]
40cc0faef9f9: Waiting
cb8c0a9140ac: Waiting
3fc9d9ab5045: Waiting
3531af2bc2a9: Waiting
4d873bcef452: Waiting
720567a4c908: Waiting
3fc9d9ab5045: Waiting
3531af2bc2a9: Waiting
4d873bcef452: Waiting
720567a4c908: Waiting
40cc0faef9f9: Waiting
cb8c0a9140ac: Waiting
4d873bcef452: Waiting
720567a4c908: Waiting
40cc0faef9f9: Waiting
cb8c0a9140ac: Waiting
3fc9d9ab5045: Waiting
3531af2bc2a9: Waiting
3fc9d9ab5045: Waiting
4d873bcef452: Waiting
40cc0faef9f9: Pushed
720567a4c908: Pushed
3fc9d9ab5045: Pushed
cb8c0a9140ac: Pushed
4d873bcef452: Pushed
3531af2bc2a9: Pushed
cpu-section5-20260428032916: digest: sha256:0ef7805101e7df470e42baccddceeddf7959f214d30903c7f8aea65ce1e53cbd size: 1617
CPU_IMAGE=288552132534.dkr.ecr.us-east-1.amazonaws.com/hivemind-poc:cpu-section5-20260428032916

=== 3. Deploy Hivemind binaries/services ===
timeout_seconds=900
==> Building Zig replica (linux-x86_64)...
==> Building Rust worker (linux-x86_64)...
    using cargo-zigbuild (cargo-zigbuild 0.22.2, zig 0.16.0)
warning: constant `MSG_REGISTER_ACK` is never used
 --> src/protocol.rs:8:7
  |
8 | const MSG_REGISTER_ACK: u8 = 0x01;
  |       ^^^^^^^^^^^^^^^^
  |
  = note: `#[warn(dead_code)]` (part of `#[warn(unused)]`) on by default

warning: `hivemind-worker` (lib) generated 1 warning
    Finished `release` profile [optimized] target(s) in 0.14s
==> Building Go API (linux-x86_64)...
==> Reading Terraform outputs...
    Replicas: 172.31.71.97 172.31.71.99 172.31.73.170 172.31.67.248 172.31.77.204
    Worker CPU: 172.31.74.56
    Worker GPU: 172.31.76.101
    Peers: 0@172.31.71.97:9102,1@172.31.71.99:9102,2@172.31.73.170:9102,3@172.31.67.248:9102,4@172.31.77.204:9102
    API addrs: 172.31.71.97:9001,172.31.71.99:9001,172.31.73.170:9001,172.31.67.248:9001,172.31.77.204:9001
==> Deploying replica 0 to 98.80.96.35 (172.31.71.97)...
Warning: Permanently added '98.80.96.35' (ED25519) to the list of known hosts.
Warning: Permanently added '98.80.96.35' (ED25519) to the list of known hosts.
Warning: Permanently added '98.80.96.35' (ED25519) to the list of known hosts.
Warning: Permanently added '98.80.96.35' (ED25519) to the list of known hosts.
Warning: Permanently added '98.80.96.35' (ED25519) to the list of known hosts.
Created symlink /etc/systemd/system/multi-user.target.wants/hivemind.service → /etc/systemd/system/hivemind.service.
Created symlink /etc/systemd/system/multi-user.target.wants/hivemind-api.service → /etc/systemd/system/hivemind-api.service.
    replica 0 started
==> Deploying replica 1 to 44.221.73.4 (172.31.71.99)...
Warning: Permanently added '44.221.73.4' (ED25519) to the list of known hosts.
Warning: Permanently added '44.221.73.4' (ED25519) to the list of known hosts.
Warning: Permanently added '44.221.73.4' (ED25519) to the list of known hosts.
Warning: Permanently added '44.221.73.4' (ED25519) to the list of known hosts.
Warning: Permanently added '44.221.73.4' (ED25519) to the list of known hosts.
Created symlink /etc/systemd/system/multi-user.target.wants/hivemind.service → /etc/systemd/system/hivemind.service.
Created symlink /etc/systemd/system/multi-user.target.wants/hivemind-api.service → /etc/systemd/system/hivemind-api.service.
    replica 1 started
==> Deploying replica 2 to 34.204.195.201 (172.31.73.170)...
Warning: Permanently added '34.204.195.201' (ED25519) to the list of known hosts.
Warning: Permanently added '34.204.195.201' (ED25519) to the list of known hosts.
Warning: Permanently added '34.204.195.201' (ED25519) to the list of known hosts.
Warning: Permanently added '34.204.195.201' (ED25519) to the list of known hosts.
Warning: Permanently added '34.204.195.201' (ED25519) to the list of known hosts.
Created symlink /etc/systemd/system/multi-user.target.wants/hivemind.service → /etc/systemd/system/hivemind.service.
Created symlink /etc/systemd/system/multi-user.target.wants/hivemind-api.service → /etc/systemd/system/hivemind-api.service.
    replica 2 started
==> Deploying replica 3 to 100.28.0.125 (172.31.67.248)...
Warning: Permanently added '100.28.0.125' (ED25519) to the list of known hosts.
Warning: Permanently added '100.28.0.125' (ED25519) to the list of known hosts.
Warning: Permanently added '100.28.0.125' (ED25519) to the list of known hosts.
Warning: Permanently added '100.28.0.125' (ED25519) to the list of known hosts.
Warning: Permanently added '100.28.0.125' (ED25519) to the list of known hosts.
Created symlink /etc/systemd/system/multi-user.target.wants/hivemind.service → /etc/systemd/system/hivemind.service.
Created symlink /etc/systemd/system/multi-user.target.wants/hivemind-api.service → /etc/systemd/system/hivemind-api.service.
    replica 3 started
==> Deploying replica 4 to 100.53.239.227 (172.31.77.204)...
Warning: Permanently added '100.53.239.227' (ED25519) to the list of known hosts.
Warning: Permanently added '100.53.239.227' (ED25519) to the list of known hosts.
Warning: Permanently added '100.53.239.227' (ED25519) to the list of known hosts.
Warning: Permanently added '100.53.239.227' (ED25519) to the list of known hosts.
Warning: Permanently added '100.53.239.227' (ED25519) to the list of known hosts.
Created symlink /etc/systemd/system/multi-user.target.wants/hivemind.service → /etc/systemd/system/hivemind.service.
Created symlink /etc/systemd/system/multi-user.target.wants/hivemind-api.service → /etc/systemd/system/hivemind-api.service.
    replica 4 started
==> Waiting 10s for leader election...
==> Deploying worker (cpu) to 100.31.104.187...
Warning: Permanently added '100.31.104.187' (ED25519) to the list of known hosts.
Warning: Permanently added '100.31.104.187' (ED25519) to the list of known hosts.
Warning: Permanently added '100.31.104.187' (ED25519) to the list of known hosts.
Warning: Permanently added '100.31.104.187' (ED25519) to the list of known hosts.
Created symlink /etc/systemd/system/multi-user.target.wants/hivemind-worker.service → /etc/systemd/system/hivemind-worker.service.
    worker (cpu) started
==> Deploying worker (gpu) to 44.200.194.88...
Warning: Permanently added '44.200.194.88' (ED25519) to the list of known hosts.
Warning: Permanently added '44.200.194.88' (ED25519) to the list of known hosts.
Warning: Permanently added '44.200.194.88' (ED25519) to the list of known hosts.
Warning: Permanently added '44.200.194.88' (ED25519) to the list of known hosts.
Created symlink /etc/systemd/system/multi-user.target.wants/hivemind-worker.service → /etc/systemd/system/hivemind-worker.service.
    worker (gpu) started

=== POC Deployment Complete ===
Replica IPs:  98.80.96.35 44.221.73.4 34.204.195.201 100.28.0.125 100.53.239.227
Worker CPU:    100.31.104.187
Worker GPU:    44.200.194.88
API:          http://98.80.96.35:8080/v1/health
Dashboard:    http://98.80.96.35:8080/dashboard
Smoke:        ./smoke-test.sh http://98.80.96.35:8080 --gpu-worker 44.200.194.88 --ssh-key /Users/elijahrou/.ssh/id_ed25519 --gpu-type t4

=== 4. Preload CPU image into workers ===
timeout_seconds=600
preload_cpu_image worker=100.31.104.187 image=288552132534.dkr.ecr.us-east-1.amazonaws.com/hivemind-poc:cpu-section5-20260428032916
Warning: Permanently added '100.31.104.187' (ED25519) to the list of known hosts.
time="2026-04-28T07:31:43Z" level=warning msg="DEPRECATION: The `otlp` property of `[plugins.\"io.containerd.tracing.processor.v1\".otlp]` is deprecated since containerd v1.6 and will be removed in containerd v2.0.Use OTLP environment variables instead: https://opentelemetry.io/docs/specs/otel/protocol/exporter/"
time="2026-04-28T07:31:43Z" level=warning msg="DEPRECATION: The `tracing` property of `[plugins.\"io.containerd.internal.v1\".tracing]` is deprecated since containerd v1.6 and will be removed in containerd v2.0.Use OTEL environment variables instead: https://opentelemetry.io/docs/specs/otel/configuration/sdk-environment-variables/"
preload_cpu_image worker=44.200.194.88 image=288552132534.dkr.ecr.us-east-1.amazonaws.com/hivemind-poc:cpu-section5-20260428032916
Warning: Permanently added '44.200.194.88' (ED25519) to the list of known hosts.
time="2026-04-28T07:31:56Z" level=warning msg="DEPRECATION: The `otlp` property of `[plugins.\"io.containerd.tracing.processor.v1\".otlp]` is deprecated since containerd v1.6 and will be removed in containerd v2.0.Use OTLP environment variables instead: https://opentelemetry.io/docs/specs/otel/protocol/exporter/"
time="2026-04-28T07:31:56Z" level=warning msg="DEPRECATION: The `tracing` property of `[plugins.\"io.containerd.internal.v1\".tracing]` is deprecated since containerd v1.6 and will be removed in containerd v2.0.Use OTEL environment variables instead: https://opentelemetry.io/docs/specs/otel/configuration/sdk-environment-variables/"

=== 5. Targeted Section 5 failure drill ===
timeout_seconds=900
section5_tag=section5-20260428033156
api_url=http://98.80.96.35:8080
replica_public_ips=98.80.96.35,44.221.73.4,34.204.195.201,100.28.0.125,100.53.239.227
worker_cpu_public_ip=100.31.104.187
worker_gpu_public_ip=44.200.194.88
cpu_image=288552132534.dkr.ecr.us-east-1.amazonaws.com/hivemind-poc:cpu-section5-20260428032916
timeout_seconds=900
out_dir=/Users/elijahrou/Projects/hivemind/artifacts/poc-final/05-failure-drills
log=/Users/elijahrou/Projects/hivemind/artifacts/poc-final/00-runbook/section5-section5-20260428033156.log
=== Drill A: Leader loss during traffic ===

[A1] Create deployment for drill traffic...
{"id":11177516664432764457,"name":"drill-cpu-1777361517-48414"}

[A2] Wait for deployment ready...
  ready at attempt 2
[A3] Verify /run works before kill...
  PASS: pre-kill run succeeds (attempt 1)
[A4] Current leader: 172.31.71.97:9001 public_ip=98.80.96.35
     Killing hivemind on leader...
     Leader stopped.
[A5] Wait for new leader election + API reconnect...
  PASS: api reconnects after leader loss (attempt 1)
[Diagnostics] Capturing replica state: leader-loss-recovered-1777361517-48414 -> /Users/elijahrou/Projects/hivemind/artifacts/poc-final/05-failure-drills/diagnostics-leader-loss-recovered-1777361517-48414
  capture 98.80.96.35
  capture 44.221.73.4
  capture 34.204.195.201
  capture 100.28.0.125
  capture 100.53.239.227
     New leader: 172.31.71.99:9001
  PASS: new leader different from killed
[A6] Verify /run works after failover...
  PASS: post-kill run succeeds (attempt 1)
[A7] Restart killed replica...
     Restarted.

=== Drill B: CPU worker loss during traffic ===

[B1] Verify /run works before worker kill...
  PASS: pre-worker-kill run succeeds (attempt 1)
[B2] Stop worker service on 100.31.104.187...
     Worker stopped.
[B3] Verify /run times out or errors (no worker)...
     Response: timeout_or_error
  PASS: run unavailable after CPU worker stop
[B4] Restart worker on 100.31.104.187...
[B5] Verify /run recovers after worker restart...
  PASS: run recovered (attempt 1)

=== Drill C: Client disconnect / timeout cleanup ===

[C1] Fire /run and force timeout after 2s...
     Timeout response: {"model":"poc-cpu-hash-embedder-v1","device":"cpu","input_chars":12,"embedding":[-0.458393,-0.012191,0.024383,0.202376,-0.258456,-0.234073,-0.119475,0.380369,0.021944,0.2804,0.426696,-0.258456,0.202376,0.017068,-0.031697,0.312098],"classification":{"label":"cpu","score":0.189993,"scores":{"inference":-0.355206,"routing":-0.302972,"gpu":-0.107148,"cpu":0.189993,"serverless":0.138969,"model":0.00871}}}
[C2] Check queue for in-flight leak...
     Queue state: unknown
[C3] Verify next /run still succeeds...
  PASS: post-timeout run succeeds (attempt 1)

[Cleanup] Deleting drill deployment 11177516664432764457...

=== Failure Drill Results: 8 passed, 0 failed ===
evidence=/Users/elijahrou/Projects/hivemind/artifacts/poc-final/05-failure-drills
Section 5 drill passed
log=/Users/elijahrou/Projects/hivemind/artifacts/poc-final/00-runbook/section5-section5-20260428033156.log
evidence=/Users/elijahrou/Projects/hivemind/artifacts/poc-final/05-failure-drills

=== Section 5 cycle complete ===
log=/Users/elijahrou/Projects/hivemind/artifacts/poc-final/00-runbook/section5-cycle-section5-20260428032916.log
artifacts=/Users/elijahrou/Projects/hivemind/artifacts/poc-final

=== Teardown Hivemind POC infra ===
skip EKS destroy

=== Destroy isolated Hivemind POC infra ===
[0m[1mInitializing the backend...[0m
[0m[1mInitializing provider plugins...[0m
- Reusing previous version of hashicorp/aws from the dependency lock file
- Using previously-installed hashicorp/aws v5.100.0

[0m[1m[32mTerraform has been successfully initialized![0m[32m[0m
[0m[32m
You may now begin working with Terraform. Try running "terraform plan" to see
any changes that are required for your infrastructure. All Terraform commands
should now work.

If you ever set or change modules or backend configuration for Terraform,
rerun this command to reinitialize your working directory. If you forget, other
commands will detect it and remind you to do so if necessary.[0m
[0m[1maws_key_pair.poc: Refreshing state... [id=hivemind-poc-deployer][0m
[0m[1maws_ecr_repository.workloads: Refreshing state... [id=hivemind-poc][0m
[0m[1maws_security_group.hivemind: Refreshing state... [id=sg-0b1de66da60090c99][0m
[0m[1maws_instance.worker_gpu: Refreshing state... [id=i-050d8e845c9c85c40][0m
[0m[1maws_instance.worker_cpu: Refreshing state... [id=i-0b891c0b63f01bdba][0m
[0m[1maws_instance.replica[2]: Refreshing state... [id=i-042815db0971fb959][0m
[0m[1maws_instance.replica[0]: Refreshing state... [id=i-0f23108b25e5313f5][0m
[0m[1maws_instance.replica[1]: Refreshing state... [id=i-08a9f021fd1484940][0m
[0m[1maws_instance.replica[4]: Refreshing state... [id=i-0df91ff3742056ac4][0m
[0m[1maws_instance.replica[3]: Refreshing state... [id=i-04ec5a2d811969d4c][0m

Terraform used the selected providers to generate the following execution
plan. Resource actions are indicated with the following symbols:
  [31m-[0m destroy[0m

Terraform will perform the following actions:

[1m  # aws_ecr_repository.workloads[0m will be [1m[31mdestroyed[0m
[0m  [31m-[0m[0m resource "aws_ecr_repository" "workloads" {
      [31m-[0m[0m arn                  = "arn:aws:ecr:us-east-1:288552132534:repository/hivemind-poc" [90m-> null[0m[0m
      [31m-[0m[0m force_delete         = true [90m-> null[0m[0m
      [31m-[0m[0m id                   = "hivemind-poc" [90m-> null[0m[0m
      [31m-[0m[0m image_tag_mutability = "MUTABLE" [90m-> null[0m[0m
      [31m-[0m[0m name                 = "hivemind-poc" [90m-> null[0m[0m
      [31m-[0m[0m registry_id          = "288552132534" [90m-> null[0m[0m
      [31m-[0m[0m repository_url       = "288552132534.dkr.ecr.us-east-1.amazonaws.com/hivemind-poc" [90m-> null[0m[0m
      [31m-[0m[0m tags                 = {
          [31m-[0m[0m "Name" = "hivemind-poc-workloads"
        } [90m-> null[0m[0m
      [31m-[0m[0m tags_all             = {
          [31m-[0m[0m "Name" = "hivemind-poc-workloads"
        } [90m-> null[0m[0m

      [31m-[0m[0m encryption_configuration {
          [31m-[0m[0m encryption_type = "AES256" [90m-> null[0m[0m
            [90m# (1 unchanged attribute hidden)[0m[0m
        }

      [31m-[0m[0m image_scanning_configuration {
          [31m-[0m[0m scan_on_push = false [90m-> null[0m[0m
        }
    }

[1m  # aws_instance.replica[0][0m will be [1m[31mdestroyed[0m
[0m  [31m-[0m[0m resource "aws_instance" "replica" {
      [31m-[0m[0m ami                                  = "ami-098e39bafa7e7303d" [90m-> null[0m[0m
      [31m-[0m[0m arn                                  = "arn:aws:ec2:us-east-1:288552132534:instance/i-0f23108b25e5313f5" [90m-> null[0m[0m
      [31m-[0m[0m associate_public_ip_address          = true [90m-> null[0m[0m
      [31m-[0m[0m availability_zone                    = "us-east-1f" [90m-> null[0m[0m
      [31m-[0m[0m cpu_core_count                       = 2 [90m-> null[0m[0m
      [31m-[0m[0m cpu_threads_per_core                 = 2 [90m-> null[0m[0m
      [31m-[0m[0m disable_api_stop                     = false [90m-> null[0m[0m
      [31m-[0m[0m disable_api_termination              = false [90m-> null[0m[0m
      [31m-[0m[0m ebs_optimized                        = false [90m-> null[0m[0m
      [31m-[0m[0m get_password_data                    = false [90m-> null[0m[0m
      [31m-[0m[0m hibernation                          = false [90m-> null[0m[0m
      [31m-[0m[0m id                                   = "i-0f23108b25e5313f5" [90m-> null[0m[0m
      [31m-[0m[0m instance_initiated_shutdown_behavior = "stop" [90m-> null[0m[0m
      [31m-[0m[0m instance_state                       = "running" [90m-> null[0m[0m
      [31m-[0m[0m instance_type                        = "c5.xlarge" [90m-> null[0m[0m
      [31m-[0m[0m ipv6_address_count                   = 0 [90m-> null[0m[0m
      [31m-[0m[0m ipv6_addresses                       = [] [90m-> null[0m[0m
      [31m-[0m[0m key_name                             = "hivemind-poc-deployer" [90m-> null[0m[0m
      [31m-[0m[0m monitoring                           = false [90m-> null[0m[0m
      [31m-[0m[0m placement_partition_number           = 0 [90m-> null[0m[0m
      [31m-[0m[0m primary_network_interface_id         = "eni-0b591b7bbddca27ca" [90m-> null[0m[0m
      [31m-[0m[0m private_dns                          = "ip-172-31-71-97.ec2.internal" [90m-> null[0m[0m
      [31m-[0m[0m private_ip                           = "172.31.71.97" [90m-> null[0m[0m
      [31m-[0m[0m public_dns                           = "ec2-98-80-96-35.compute-1.amazonaws.com" [90m-> null[0m[0m
      [31m-[0m[0m public_ip                            = "98.80.96.35" [90m-> null[0m[0m
      [31m-[0m[0m secondary_private_ips                = [] [90m-> null[0m[0m
      [31m-[0m[0m security_groups                      = [
          [31m-[0m[0m "hivemind-poc-20260428072919915600000001",
        ] [90m-> null[0m[0m
      [31m-[0m[0m source_dest_check                    = true [90m-> null[0m[0m
      [31m-[0m[0m subnet_id                            = "subnet-89d4f687" [90m-> null[0m[0m
      [31m-[0m[0m tags                                 = {
          [31m-[0m[0m "Name" = "hivemind-replica-0"
          [31m-[0m[0m "Role" = "replica"
        } [90m-> null[0m[0m
      [31m-[0m[0m tags_all                             = {
          [31m-[0m[0m "Name" = "hivemind-replica-0"
          [31m-[0m[0m "Role" = "replica"
        } [90m-> null[0m[0m
      [31m-[0m[0m tenancy                              = "default" [90m-> null[0m[0m
      [31m-[0m[0m user_data                            = (sensitive value) [90m-> null[0m[0m
      [31m-[0m[0m user_data_replace_on_change          = false [90m-> null[0m[0m
      [31m-[0m[0m vpc_security_group_ids               = [
          [31m-[0m[0m "sg-0b1de66da60090c99",
        ] [90m-> null[0m[0m
        [90m# (7 unchanged attributes hidden)[0m[0m

      [31m-[0m[0m capacity_reservation_specification {
          [31m-[0m[0m capacity_reservation_preference = "open" [90m-> null[0m[0m
        }

      [31m-[0m[0m cpu_options {
          [31m-[0m[0m core_count       = 2 [90m-> null[0m[0m
          [31m-[0m[0m threads_per_core = 2 [90m-> null[0m[0m
            [90m# (1 unchanged attribute hidden)[0m[0m
        }

      [31m-[0m[0m enclave_options {
          [31m-[0m[0m enabled = false [90m-> null[0m[0m
        }

      [31m-[0m[0m maintenance_options {
          [31m-[0m[0m auto_recovery = "default" [90m-> null[0m[0m
        }

      [31m-[0m[0m metadata_options {
          [31m-[0m[0m http_endpoint               = "enabled" [90m-> null[0m[0m
          [31m-[0m[0m http_protocol_ipv6          = "disabled" [90m-> null[0m[0m
          [31m-[0m[0m http_put_response_hop_limit = 2 [90m-> null[0m[0m
          [31m-[0m[0m http_tokens                 = "required" [90m-> null[0m[0m
          [31m-[0m[0m instance_metadata_tags      = "disabled" [90m-> null[0m[0m
        }

      [31m-[0m[0m private_dns_name_options {
          [31m-[0m[0m enable_resource_name_dns_a_record    = false [90m-> null[0m[0m
          [31m-[0m[0m enable_resource_name_dns_aaaa_record = false [90m-> null[0m[0m
          [31m-[0m[0m hostname_type                        = "ip-name" [90m-> null[0m[0m
        }

      [31m-[0m[0m root_block_device {
          [31m-[0m[0m delete_on_termination = true [90m-> null[0m[0m
          [31m-[0m[0m device_name           = "/dev/xvda" [90m-> null[0m[0m
          [31m-[0m[0m encrypted             = false [90m-> null[0m[0m
          [31m-[0m[0m iops                  = 3000 [90m-> null[0m[0m
          [31m-[0m[0m tags                  = {} [90m-> null[0m[0m
          [31m-[0m[0m tags_all              = {} [90m-> null[0m[0m
          [31m-[0m[0m throughput            = 125 [90m-> null[0m[0m
          [31m-[0m[0m volume_id             = "vol-04183b16333f786ca" [90m-> null[0m[0m
          [31m-[0m[0m volume_size           = 50 [90m-> null[0m[0m
          [31m-[0m[0m volume_type           = "gp3" [90m-> null[0m[0m
            [90m# (1 unchanged attribute hidden)[0m[0m
        }
    }

[1m  # aws_instance.replica[1][0m will be [1m[31mdestroyed[0m
[0m  [31m-[0m[0m resource "aws_instance" "replica" {
      [31m-[0m[0m ami                                  = "ami-098e39bafa7e7303d" [90m-> null[0m[0m
      [31m-[0m[0m arn                                  = "arn:aws:ec2:us-east-1:288552132534:instance/i-08a9f021fd1484940" [90m-> null[0m[0m
      [31m-[0m[0m associate_public_ip_address          = true [90m-> null[0m[0m
      [31m-[0m[0m availability_zone                    = "us-east-1f" [90m-> null[0m[0m
      [31m-[0m[0m cpu_core_count                       = 2 [90m-> null[0m[0m
      [31m-[0m[0m cpu_threads_per_core                 = 2 [90m-> null[0m[0m
      [31m-[0m[0m disable_api_stop                     = false [90m-> null[0m[0m
      [31m-[0m[0m disable_api_termination              = false [90m-> null[0m[0m
      [31m-[0m[0m ebs_optimized                        = false [90m-> null[0m[0m
      [31m-[0m[0m get_password_data                    = false [90m-> null[0m[0m
      [31m-[0m[0m hibernation                          = false [90m-> null[0m[0m
      [31m-[0m[0m id                                   = "i-08a9f021fd1484940" [90m-> null[0m[0m
      [31m-[0m[0m instance_initiated_shutdown_behavior = "stop" [90m-> null[0m[0m
      [31m-[0m[0m instance_state                       = "running" [90m-> null[0m[0m
      [31m-[0m[0m instance_type                        = "c5.xlarge" [90m-> null[0m[0m
      [31m-[0m[0m ipv6_address_count                   = 0 [90m-> null[0m[0m
      [31m-[0m[0m ipv6_addresses                       = [] [90m-> null[0m[0m
      [31m-[0m[0m key_name                             = "hivemind-poc-deployer" [90m-> null[0m[0m
      [31m-[0m[0m monitoring                           = false [90m-> null[0m[0m
      [31m-[0m[0m placement_partition_number           = 0 [90m-> null[0m[0m
      [31m-[0m[0m primary_network_interface_id         = "eni-02c159df67adba08b" [90m-> null[0m[0m
      [31m-[0m[0m private_dns                          = "ip-172-31-71-99.ec2.internal" [90m-> null[0m[0m
      [31m-[0m[0m private_ip                           = "172.31.71.99" [90m-> null[0m[0m
      [31m-[0m[0m public_dns                           = "ec2-44-221-73-4.compute-1.amazonaws.com" [90m-> null[0m[0m
      [31m-[0m[0m public_ip                            = "44.221.73.4" [90m-> null[0m[0m
      [31m-[0m[0m secondary_private_ips                = [] [90m-> null[0m[0m
      [31m-[0m[0m security_groups                      = [
          [31m-[0m[0m "hivemind-poc-20260428072919915600000001",
        ] [90m-> null[0m[0m
      [31m-[0m[0m source_dest_check                    = true [90m-> null[0m[0m
      [31m-[0m[0m subnet_id                            = "subnet-89d4f687" [90m-> null[0m[0m
      [31m-[0m[0m tags                                 = {
          [31m-[0m[0m "Name" = "hivemind-replica-1"
          [31m-[0m[0m "Role" = "replica"
        } [90m-> null[0m[0m
      [31m-[0m[0m tags_all                             = {
          [31m-[0m[0m "Name" = "hivemind-replica-1"
          [31m-[0m[0m "Role" = "replica"
        } [90m-> null[0m[0m
      [31m-[0m[0m tenancy                              = "default" [90m-> null[0m[0m
      [31m-[0m[0m user_data                            = (sensitive value) [90m-> null[0m[0m
      [31m-[0m[0m user_data_replace_on_change          = false [90m-> null[0m[0m
      [31m-[0m[0m vpc_security_group_ids               = [
          [31m-[0m[0m "sg-0b1de66da60090c99",
        ] [90m-> null[0m[0m
        [90m# (7 unchanged attributes hidden)[0m[0m

      [31m-[0m[0m capacity_reservation_specification {
          [31m-[0m[0m capacity_reservation_preference = "open" [90m-> null[0m[0m
        }

      [31m-[0m[0m cpu_options {
          [31m-[0m[0m core_count       = 2 [90m-> null[0m[0m
          [31m-[0m[0m threads_per_core = 2 [90m-> null[0m[0m
            [90m# (1 unchanged attribute hidden)[0m[0m
        }

      [31m-[0m[0m enclave_options {
          [31m-[0m[0m enabled = false [90m-> null[0m[0m
        }

      [31m-[0m[0m maintenance_options {
          [31m-[0m[0m auto_recovery = "default" [90m-> null[0m[0m
        }

      [31m-[0m[0m metadata_options {
          [31m-[0m[0m http_endpoint               = "enabled" [90m-> null[0m[0m
          [31m-[0m[0m http_protocol_ipv6          = "disabled" [90m-> null[0m[0m
          [31m-[0m[0m http_put_response_hop_limit = 2 [90m-> null[0m[0m
          [31m-[0m[0m http_tokens                 = "required" [90m-> null[0m[0m
          [31m-[0m[0m instance_metadata_tags      = "disabled" [90m-> null[0m[0m
        }

      [31m-[0m[0m private_dns_name_options {
          [31m-[0m[0m enable_resource_name_dns_a_record    = false [90m-> null[0m[0m
          [31m-[0m[0m enable_resource_name_dns_aaaa_record = false [90m-> null[0m[0m
          [31m-[0m[0m hostname_type                        = "ip-name" [90m-> null[0m[0m
        }

      [31m-[0m[0m root_block_device {
          [31m-[0m[0m delete_on_termination = true [90m-> null[0m[0m
          [31m-[0m[0m device_name           = "/dev/xvda" [90m-> null[0m[0m
          [31m-[0m[0m encrypted             = false [90m-> null[0m[0m
          [31m-[0m[0m iops                  = 3000 [90m-> null[0m[0m
          [31m-[0m[0m tags                  = {} [90m-> null[0m[0m
          [31m-[0m[0m tags_all              = {} [90m-> null[0m[0m
          [31m-[0m[0m throughput            = 125 [90m-> null[0m[0m
          [31m-[0m[0m volume_id             = "vol-0c3250c8c64046847" [90m-> null[0m[0m
          [31m-[0m[0m volume_size           = 50 [90m-> null[0m[0m
          [31m-[0m[0m volume_type           = "gp3" [90m-> null[0m[0m
            [90m# (1 unchanged attribute hidden)[0m[0m
        }
    }

[1m  # aws_instance.replica[2][0m will be [1m[31mdestroyed[0m
[0m  [31m-[0m[0m resource "aws_instance" "replica" {
      [31m-[0m[0m ami                                  = "ami-098e39bafa7e7303d" [90m-> null[0m[0m
      [31m-[0m[0m arn                                  = "arn:aws:ec2:us-east-1:288552132534:instance/i-042815db0971fb959" [90m-> null[0m[0m
      [31m-[0m[0m associate_public_ip_address          = true [90m-> null[0m[0m
      [31m-[0m[0m availability_zone                    = "us-east-1f" [90m-> null[0m[0m
      [31m-[0m[0m cpu_core_count                       = 2 [90m-> null[0m[0m
      [31m-[0m[0m cpu_threads_per_core                 = 2 [90m-> null[0m[0m
      [31m-[0m[0m disable_api_stop                     = false [90m-> null[0m[0m
      [31m-[0m[0m disable_api_termination              = false [90m-> null[0m[0m
      [31m-[0m[0m ebs_optimized                        = false [90m-> null[0m[0m
      [31m-[0m[0m get_password_data                    = false [90m-> null[0m[0m
      [31m-[0m[0m hibernation                          = false [90m-> null[0m[0m
      [31m-[0m[0m id                                   = "i-042815db0971fb959" [90m-> null[0m[0m
      [31m-[0m[0m instance_initiated_shutdown_behavior = "stop" [90m-> null[0m[0m
      [31m-[0m[0m instance_state                       = "running" [90m-> null[0m[0m
      [31m-[0m[0m instance_type                        = "c5.xlarge" [90m-> null[0m[0m
      [31m-[0m[0m ipv6_address_count                   = 0 [90m-> null[0m[0m
      [31m-[0m[0m ipv6_addresses                       = [] [90m-> null[0m[0m
      [31m-[0m[0m key_name                             = "hivemind-poc-deployer" [90m-> null[0m[0m
      [31m-[0m[0m monitoring                           = false [90m-> null[0m[0m
      [31m-[0m[0m placement_partition_number           = 0 [90m-> null[0m[0m
      [31m-[0m[0m primary_network_interface_id         = "eni-02f140bad849d8e79" [90m-> null[0m[0m
      [31m-[0m[0m private_dns                          = "ip-172-31-73-170.ec2.internal" [90m-> null[0m[0m
      [31m-[0m[0m private_ip                           = "172.31.73.170" [90m-> null[0m[0m
      [31m-[0m[0m public_dns                           = "ec2-34-204-195-201.compute-1.amazonaws.com" [90m-> null[0m[0m
      [31m-[0m[0m public_ip                            = "34.204.195.201" [90m-> null[0m[0m
      [31m-[0m[0m secondary_private_ips                = [] [90m-> null[0m[0m
      [31m-[0m[0m security_groups                      = [
          [31m-[0m[0m "hivemind-poc-20260428072919915600000001",
        ] [90m-> null[0m[0m
      [31m-[0m[0m source_dest_check                    = true [90m-> null[0m[0m
      [31m-[0m[0m subnet_id                            = "subnet-89d4f687" [90m-> null[0m[0m
      [31m-[0m[0m tags                                 = {
          [31m-[0m[0m "Name" = "hivemind-replica-2"
          [31m-[0m[0m "Role" = "replica"
        } [90m-> null[0m[0m
      [31m-[0m[0m tags_all                             = {
          [31m-[0m[0m "Name" = "hivemind-replica-2"
          [31m-[0m[0m "Role" = "replica"
        } [90m-> null[0m[0m
      [31m-[0m[0m tenancy                              = "default" [90m-> null[0m[0m
      [31m-[0m[0m user_data                            = (sensitive value) [90m-> null[0m[0m
      [31m-[0m[0m user_data_replace_on_change          = false [90m-> null[0m[0m
      [31m-[0m[0m vpc_security_group_ids               = [
          [31m-[0m[0m "sg-0b1de66da60090c99",
        ] [90m-> null[0m[0m
        [90m# (7 unchanged attributes hidden)[0m[0m

      [31m-[0m[0m capacity_reservation_specification {
          [31m-[0m[0m capacity_reservation_preference = "open" [90m-> null[0m[0m
        }

      [31m-[0m[0m cpu_options {
          [31m-[0m[0m core_count       = 2 [90m-> null[0m[0m
          [31m-[0m[0m threads_per_core = 2 [90m-> null[0m[0m
            [90m# (1 unchanged attribute hidden)[0m[0m
        }

      [31m-[0m[0m enclave_options {
          [31m-[0m[0m enabled = false [90m-> null[0m[0m
        }

      [31m-[0m[0m maintenance_options {
          [31m-[0m[0m auto_recovery = "default" [90m-> null[0m[0m
        }

      [31m-[0m[0m metadata_options {
          [31m-[0m[0m http_endpoint               = "enabled" [90m-> null[0m[0m
          [31m-[0m[0m http_protocol_ipv6          = "disabled" [90m-> null[0m[0m
          [31m-[0m[0m http_put_response_hop_limit = 2 [90m-> null[0m[0m
          [31m-[0m[0m http_tokens                 = "required" [90m-> null[0m[0m
          [31m-[0m[0m instance_metadata_tags      = "disabled" [90m-> null[0m[0m
        }

      [31m-[0m[0m private_dns_name_options {
          [31m-[0m[0m enable_resource_name_dns_a_record    = false [90m-> null[0m[0m
          [31m-[0m[0m enable_resource_name_dns_aaaa_record = false [90m-> null[0m[0m
          [31m-[0m[0m hostname_type                        = "ip-name" [90m-> null[0m[0m
        }

      [31m-[0m[0m root_block_device {
          [31m-[0m[0m delete_on_termination = true [90m-> null[0m[0m
          [31m-[0m[0m device_name           = "/dev/xvda" [90m-> null[0m[0m
          [31m-[0m[0m encrypted             = false [90m-> null[0m[0m
          [31m-[0m[0m iops                  = 3000 [90m-> null[0m[0m
          [31m-[0m[0m tags                  = {} [90m-> null[0m[0m
          [31m-[0m[0m tags_all              = {} [90m-> null[0m[0m
          [31m-[0m[0m throughput            = 125 [90m-> null[0m[0m
          [31m-[0m[0m volume_id             = "vol-0f9359f45257c27be" [90m-> null[0m[0m
          [31m-[0m[0m volume_size           = 50 [90m-> null[0m[0m
          [31m-[0m[0m volume_type           = "gp3" [90m-> null[0m[0m
            [90m# (1 unchanged attribute hidden)[0m[0m
        }
    }

[1m  # aws_instance.replica[3][0m will be [1m[31mdestroyed[0m
[0m  [31m-[0m[0m resource "aws_instance" "replica" {
      [31m-[0m[0m ami                                  = "ami-098e39bafa7e7303d" [90m-> null[0m[0m
      [31m-[0m[0m arn                                  = "arn:aws:ec2:us-east-1:288552132534:instance/i-04ec5a2d811969d4c" [90m-> null[0m[0m
      [31m-[0m[0m associate_public_ip_address          = true [90m-> null[0m[0m
      [31m-[0m[0m availability_zone                    = "us-east-1f" [90m-> null[0m[0m
      [31m-[0m[0m cpu_core_count                       = 2 [90m-> null[0m[0m
      [31m-[0m[0m cpu_threads_per_core                 = 2 [90m-> null[0m[0m
      [31m-[0m[0m disable_api_stop                     = false [90m-> null[0m[0m
      [31m-[0m[0m disable_api_termination              = false [90m-> null[0m[0m
      [31m-[0m[0m ebs_optimized                        = false [90m-> null[0m[0m
      [31m-[0m[0m get_password_data                    = false [90m-> null[0m[0m
      [31m-[0m[0m hibernation                          = false [90m-> null[0m[0m
      [31m-[0m[0m id                                   = "i-04ec5a2d811969d4c" [90m-> null[0m[0m
      [31m-[0m[0m instance_initiated_shutdown_behavior = "stop" [90m-> null[0m[0m
      [31m-[0m[0m instance_state                       = "running" [90m-> null[0m[0m
      [31m-[0m[0m instance_type                        = "c5.xlarge" [90m-> null[0m[0m
      [31m-[0m[0m ipv6_address_count                   = 0 [90m-> null[0m[0m
      [31m-[0m[0m ipv6_addresses                       = [] [90m-> null[0m[0m
      [31m-[0m[0m key_name                             = "hivemind-poc-deployer" [90m-> null[0m[0m
      [31m-[0m[0m monitoring                           = false [90m-> null[0m[0m
      [31m-[0m[0m placement_partition_number           = 0 [90m-> null[0m[0m
      [31m-[0m[0m primary_network_interface_id         = "eni-02f5259bd2d34e95c" [90m-> null[0m[0m
      [31m-[0m[0m private_dns                          = "ip-172-31-67-248.ec2.internal" [90m-> null[0m[0m
      [31m-[0m[0m private_ip                           = "172.31.67.248" [90m-> null[0m[0m
      [31m-[0m[0m public_dns                           = "ec2-100-28-0-125.compute-1.amazonaws.com" [90m-> null[0m[0m
      [31m-[0m[0m public_ip                            = "100.28.0.125" [90m-> null[0m[0m
      [31m-[0m[0m secondary_private_ips                = [] [90m-> null[0m[0m
      [31m-[0m[0m security_groups                      = [
          [31m-[0m[0m "hivemind-poc-20260428072919915600000001",
        ] [90m-> null[0m[0m
      [31m-[0m[0m source_dest_check                    = true [90m-> null[0m[0m
      [31m-[0m[0m subnet_id                            = "subnet-89d4f687" [90m-> null[0m[0m
      [31m-[0m[0m tags                                 = {
          [31m-[0m[0m "Name" = "hivemind-replica-3"
          [31m-[0m[0m "Role" = "replica"
        } [90m-> null[0m[0m
      [31m-[0m[0m tags_all                             = {
          [31m-[0m[0m "Name" = "hivemind-replica-3"
          [31m-[0m[0m "Role" = "replica"
        } [90m-> null[0m[0m
      [31m-[0m[0m tenancy                              = "default" [90m-> null[0m[0m
      [31m-[0m[0m user_data                            = (sensitive value) [90m-> null[0m[0m
      [31m-[0m[0m user_data_replace_on_change          = false [90m-> null[0m[0m
      [31m-[0m[0m vpc_security_group_ids               = [
          [31m-[0m[0m "sg-0b1de66da60090c99",
        ] [90m-> null[0m[0m
        [90m# (7 unchanged attributes hidden)[0m[0m

      [31m-[0m[0m capacity_reservation_specification {
          [31m-[0m[0m capacity_reservation_preference = "open" [90m-> null[0m[0m
        }

      [31m-[0m[0m cpu_options {
          [31m-[0m[0m core_count       = 2 [90m-> null[0m[0m
          [31m-[0m[0m threads_per_core = 2 [90m-> null[0m[0m
            [90m# (1 unchanged attribute hidden)[0m[0m
        }

      [31m-[0m[0m enclave_options {
          [31m-[0m[0m enabled = false [90m-> null[0m[0m
        }

      [31m-[0m[0m maintenance_options {
          [31m-[0m[0m auto_recovery = "default" [90m-> null[0m[0m
        }

      [31m-[0m[0m metadata_options {
          [31m-[0m[0m http_endpoint               = "enabled" [90m-> null[0m[0m
          [31m-[0m[0m http_protocol_ipv6          = "disabled" [90m-> null[0m[0m
          [31m-[0m[0m http_put_response_hop_limit = 2 [90m-> null[0m[0m
          [31m-[0m[0m http_tokens                 = "required" [90m-> null[0m[0m
          [31m-[0m[0m instance_metadata_tags      = "disabled" [90m-> null[0m[0m
        }

      [31m-[0m[0m private_dns_name_options {
          [31m-[0m[0m enable_resource_name_dns_a_record    = false [90m-> null[0m[0m
          [31m-[0m[0m enable_resource_name_dns_aaaa_record = false [90m-> null[0m[0m
          [31m-[0m[0m hostname_type                        = "ip-name" [90m-> null[0m[0m
        }

      [31m-[0m[0m root_block_device {
          [31m-[0m[0m delete_on_termination = true [90m-> null[0m[0m
          [31m-[0m[0m device_name           = "/dev/xvda" [90m-> null[0m[0m
          [31m-[0m[0m encrypted             = false [90m-> null[0m[0m
          [31m-[0m[0m iops                  = 3000 [90m-> null[0m[0m
          [31m-[0m[0m tags                  = {} [90m-> null[0m[0m
          [31m-[0m[0m tags_all              = {} [90m-> null[0m[0m
          [31m-[0m[0m throughput            = 125 [90m-> null[0m[0m
          [31m-[0m[0m volume_id             = "vol-0274727ba5bac65c4" [90m-> null[0m[0m
          [31m-[0m[0m volume_size           = 50 [90m-> null[0m[0m
          [31m-[0m[0m volume_type           = "gp3" [90m-> null[0m[0m
            [90m# (1 unchanged attribute hidden)[0m[0m
        }
    }

[1m  # aws_instance.replica[4][0m will be [1m[31mdestroyed[0m
[0m  [31m-[0m[0m resource "aws_instance" "replica" {
      [31m-[0m[0m ami                                  = "ami-098e39bafa7e7303d" [90m-> null[0m[0m
      [31m-[0m[0m arn                                  = "arn:aws:ec2:us-east-1:288552132534:instance/i-0df91ff3742056ac4" [90m-> null[0m[0m
      [31m-[0m[0m associate_public_ip_address          = true [90m-> null[0m[0m
      [31m-[0m[0m availability_zone                    = "us-east-1f" [90m-> null[0m[0m
      [31m-[0m[0m cpu_core_count                       = 2 [90m-> null[0m[0m
      [31m-[0m[0m cpu_threads_per_core                 = 2 [90m-> null[0m[0m
      [31m-[0m[0m disable_api_stop                     = false [90m-> null[0m[0m
      [31m-[0m[0m disable_api_termination              = false [90m-> null[0m[0m
      [31m-[0m[0m ebs_optimized                        = false [90m-> null[0m[0m
      [31m-[0m[0m get_password_data                    = false [90m-> null[0m[0m
      [31m-[0m[0m hibernation                          = false [90m-> null[0m[0m
      [31m-[0m[0m id                                   = "i-0df91ff3742056ac4" [90m-> null[0m[0m
      [31m-[0m[0m instance_initiated_shutdown_behavior = "stop" [90m-> null[0m[0m
      [31m-[0m[0m instance_state                       = "running" [90m-> null[0m[0m
      [31m-[0m[0m instance_type                        = "c5.xlarge" [90m-> null[0m[0m
      [31m-[0m[0m ipv6_address_count                   = 0 [90m-> null[0m[0m
      [31m-[0m[0m ipv6_addresses                       = [] [90m-> null[0m[0m
      [31m-[0m[0m key_name                             = "hivemind-poc-deployer" [90m-> null[0m[0m
      [31m-[0m[0m monitoring                           = false [90m-> null[0m[0m
      [31m-[0m[0m placement_partition_number           = 0 [90m-> null[0m[0m
      [31m-[0m[0m primary_network_interface_id         = "eni-0d06f5e420091447b" [90m-> null[0m[0m
      [31m-[0m[0m private_dns                          = "ip-172-31-77-204.ec2.internal" [90m-> null[0m[0m
      [31m-[0m[0m private_ip                           = "172.31.77.204" [90m-> null[0m[0m
      [31m-[0m[0m public_dns                           = "ec2-100-53-239-227.compute-1.amazonaws.com" [90m-> null[0m[0m
      [31m-[0m[0m public_ip                            = "100.53.239.227" [90m-> null[0m[0m
      [31m-[0m[0m secondary_private_ips                = [] [90m-> null[0m[0m
      [31m-[0m[0m security_groups                      = [
          [31m-[0m[0m "hivemind-poc-20260428072919915600000001",
        ] [90m-> null[0m[0m
      [31m-[0m[0m source_dest_check                    = true [90m-> null[0m[0m
      [31m-[0m[0m subnet_id                            = "subnet-89d4f687" [90m-> null[0m[0m
      [31m-[0m[0m tags                                 = {
          [31m-[0m[0m "Name" = "hivemind-replica-4"
          [31m-[0m[0m "Role" = "replica"
        } [90m-> null[0m[0m
      [31m-[0m[0m tags_all                             = {
          [31m-[0m[0m "Name" = "hivemind-replica-4"
          [31m-[0m[0m "Role" = "replica"
        } [90m-> null[0m[0m
      [31m-[0m[0m tenancy                              = "default" [90m-> null[0m[0m
      [31m-[0m[0m user_data                            = (sensitive value) [90m-> null[0m[0m
      [31m-[0m[0m user_data_replace_on_change          = false [90m-> null[0m[0m
      [31m-[0m[0m vpc_security_group_ids               = [
          [31m-[0m[0m "sg-0b1de66da60090c99",
        ] [90m-> null[0m[0m
        [90m# (7 unchanged attributes hidden)[0m[0m

      [31m-[0m[0m capacity_reservation_specification {
          [31m-[0m[0m capacity_reservation_preference = "open" [90m-> null[0m[0m
        }

      [31m-[0m[0m cpu_options {
          [31m-[0m[0m core_count       = 2 [90m-> null[0m[0m
          [31m-[0m[0m threads_per_core = 2 [90m-> null[0m[0m
            [90m# (1 unchanged attribute hidden)[0m[0m
        }

      [31m-[0m[0m enclave_options {
          [31m-[0m[0m enabled = false [90m-> null[0m[0m
        }

      [31m-[0m[0m maintenance_options {
          [31m-[0m[0m auto_recovery = "default" [90m-> null[0m[0m
        }

      [31m-[0m[0m metadata_options {
          [31m-[0m[0m http_endpoint               = "enabled" [90m-> null[0m[0m
          [31m-[0m[0m http_protocol_ipv6          = "disabled" [90m-> null[0m[0m
          [31m-[0m[0m http_put_response_hop_limit = 2 [90m-> null[0m[0m
          [31m-[0m[0m http_tokens                 = "required" [90m-> null[0m[0m
          [31m-[0m[0m instance_metadata_tags      = "disabled" [90m-> null[0m[0m
        }

      [31m-[0m[0m private_dns_name_options {
          [31m-[0m[0m enable_resource_name_dns_a_record    = false [90m-> null[0m[0m
          [31m-[0m[0m enable_resource_name_dns_aaaa_record = false [90m-> null[0m[0m
          [31m-[0m[0m hostname_type                        = "ip-name" [90m-> null[0m[0m
        }

      [31m-[0m[0m root_block_device {
          [31m-[0m[0m delete_on_termination = true [90m-> null[0m[0m
          [31m-[0m[0m device_name           = "/dev/xvda" [90m-> null[0m[0m
          [31m-[0m[0m encrypted             = false [90m-> null[0m[0m
          [31m-[0m[0m iops                  = 3000 [90m-> null[0m[0m
          [31m-[0m[0m tags                  = {} [90m-> null[0m[0m
          [31m-[0m[0m tags_all              = {} [90m-> null[0m[0m
          [31m-[0m[0m throughput            = 125 [90m-> null[0m[0m
          [31m-[0m[0m volume_id             = "vol-026de955ff6ed8ec1" [90m-> null[0m[0m
          [31m-[0m[0m volume_size           = 50 [90m-> null[0m[0m
          [31m-[0m[0m volume_type           = "gp3" [90m-> null[0m[0m
            [90m# (1 unchanged attribute hidden)[0m[0m
        }
    }

[1m  # aws_instance.worker_cpu[0m will be [1m[31mdestroyed[0m
[0m  [31m-[0m[0m resource "aws_instance" "worker_cpu" {
      [31m-[0m[0m ami                                  = "ami-0714f823ff4e72d73" [90m-> null[0m[0m
      [31m-[0m[0m arn                                  = "arn:aws:ec2:us-east-1:288552132534:instance/i-0b891c0b63f01bdba" [90m-> null[0m[0m
      [31m-[0m[0m associate_public_ip_address          = true [90m-> null[0m[0m
      [31m-[0m[0m availability_zone                    = "us-east-1f" [90m-> null[0m[0m
      [31m-[0m[0m cpu_core_count                       = 2 [90m-> null[0m[0m
      [31m-[0m[0m cpu_threads_per_core                 = 2 [90m-> null[0m[0m
      [31m-[0m[0m disable_api_stop                     = false [90m-> null[0m[0m
      [31m-[0m[0m disable_api_termination              = false [90m-> null[0m[0m
      [31m-[0m[0m ebs_optimized                        = false [90m-> null[0m[0m
      [31m-[0m[0m get_password_data                    = false [90m-> null[0m[0m
      [31m-[0m[0m hibernation                          = false [90m-> null[0m[0m
      [31m-[0m[0m id                                   = "i-0b891c0b63f01bdba" [90m-> null[0m[0m
      [31m-[0m[0m instance_initiated_shutdown_behavior = "stop" [90m-> null[0m[0m
      [31m-[0m[0m instance_state                       = "running" [90m-> null[0m[0m
      [31m-[0m[0m instance_type                        = "c5.xlarge" [90m-> null[0m[0m
      [31m-[0m[0m ipv6_address_count                   = 0 [90m-> null[0m[0m
      [31m-[0m[0m ipv6_addresses                       = [] [90m-> null[0m[0m
      [31m-[0m[0m key_name                             = "hivemind-poc-deployer" [90m-> null[0m[0m
      [31m-[0m[0m monitoring                           = false [90m-> null[0m[0m
      [31m-[0m[0m placement_partition_number           = 0 [90m-> null[0m[0m
      [31m-[0m[0m primary_network_interface_id         = "eni-0a3043de5b50761c2" [90m-> null[0m[0m
      [31m-[0m[0m private_dns                          = "ip-172-31-74-56.ec2.internal" [90m-> null[0m[0m
      [31m-[0m[0m private_ip                           = "172.31.74.56" [90m-> null[0m[0m
      [31m-[0m[0m public_dns                           = "ec2-100-31-104-187.compute-1.amazonaws.com" [90m-> null[0m[0m
      [31m-[0m[0m public_ip                            = "100.31.104.187" [90m-> null[0m[0m
      [31m-[0m[0m secondary_private_ips                = [] [90m-> null[0m[0m
      [31m-[0m[0m security_groups                      = [
          [31m-[0m[0m "hivemind-poc-20260428072919915600000001",
        ] [90m-> null[0m[0m
      [31m-[0m[0m source_dest_check                    = true [90m-> null[0m[0m
      [31m-[0m[0m subnet_id                            = "subnet-89d4f687" [90m-> null[0m[0m
      [31m-[0m[0m tags                                 = {
          [31m-[0m[0m "Name" = "hivemind-worker-cpu"
          [31m-[0m[0m "Role" = "worker"
        } [90m-> null[0m[0m
      [31m-[0m[0m tags_all                             = {
          [31m-[0m[0m "Name" = "hivemind-worker-cpu"
          [31m-[0m[0m "Role" = "worker"
        } [90m-> null[0m[0m
      [31m-[0m[0m tenancy                              = "default" [90m-> null[0m[0m
      [31m-[0m[0m user_data                            = (sensitive value) [90m-> null[0m[0m
      [31m-[0m[0m user_data_replace_on_change          = false [90m-> null[0m[0m
      [31m-[0m[0m vpc_security_group_ids               = [
          [31m-[0m[0m "sg-0b1de66da60090c99",
        ] [90m-> null[0m[0m
        [90m# (7 unchanged attributes hidden)[0m[0m

      [31m-[0m[0m capacity_reservation_specification {
          [31m-[0m[0m capacity_reservation_preference = "open" [90m-> null[0m[0m
        }

      [31m-[0m[0m cpu_options {
          [31m-[0m[0m core_count       = 2 [90m-> null[0m[0m
          [31m-[0m[0m threads_per_core = 2 [90m-> null[0m[0m
            [90m# (1 unchanged attribute hidden)[0m[0m
        }

      [31m-[0m[0m enclave_options {
          [31m-[0m[0m enabled = false [90m-> null[0m[0m
        }

      [31m-[0m[0m maintenance_options {
          [31m-[0m[0m auto_recovery = "default" [90m-> null[0m[0m
        }

      [31m-[0m[0m metadata_options {
          [31m-[0m[0m http_endpoint               = "enabled" [90m-> null[0m[0m
          [31m-[0m[0m http_protocol_ipv6          = "disabled" [90m-> null[0m[0m
          [31m-[0m[0m http_put_response_hop_limit = 2 [90m-> null[0m[0m
          [31m-[0m[0m http_tokens                 = "required" [90m-> null[0m[0m
          [31m-[0m[0m instance_metadata_tags      = "disabled" [90m-> null[0m[0m
        }

      [31m-[0m[0m private_dns_name_options {
          [31m-[0m[0m enable_resource_name_dns_a_record    = false [90m-> null[0m[0m
          [31m-[0m[0m enable_resource_name_dns_aaaa_record = false [90m-> null[0m[0m
          [31m-[0m[0m hostname_type                        = "ip-name" [90m-> null[0m[0m
        }

      [31m-[0m[0m root_block_device {
          [31m-[0m[0m delete_on_termination = true [90m-> null[0m[0m
          [31m-[0m[0m device_name           = "/dev/sda1" [90m-> null[0m[0m
          [31m-[0m[0m encrypted             = false [90m-> null[0m[0m
          [31m-[0m[0m iops                  = 4000 [90m-> null[0m[0m
          [31m-[0m[0m tags                  = {} [90m-> null[0m[0m
          [31m-[0m[0m tags_all              = {} [90m-> null[0m[0m
          [31m-[0m[0m throughput            = 1000 [90m-> null[0m[0m
          [31m-[0m[0m volume_id             = "vol-03ee46b596ae626cf" [90m-> null[0m[0m
          [31m-[0m[0m volume_size           = 100 [90m-> null[0m[0m
          [31m-[0m[0m volume_type           = "gp3" [90m-> null[0m[0m
            [90m# (1 unchanged attribute hidden)[0m[0m
        }
    }

[1m  # aws_instance.worker_gpu[0m will be [1m[31mdestroyed[0m
[0m  [31m-[0m[0m resource "aws_instance" "worker_gpu" {
      [31m-[0m[0m ami                                  = "ami-0714f823ff4e72d73" [90m-> null[0m[0m
      [31m-[0m[0m arn                                  = "arn:aws:ec2:us-east-1:288552132534:instance/i-050d8e845c9c85c40" [90m-> null[0m[0m
      [31m-[0m[0m associate_public_ip_address          = true [90m-> null[0m[0m
      [31m-[0m[0m availability_zone                    = "us-east-1f" [90m-> null[0m[0m
      [31m-[0m[0m cpu_core_count                       = 2 [90m-> null[0m[0m
      [31m-[0m[0m cpu_threads_per_core                 = 2 [90m-> null[0m[0m
      [31m-[0m[0m disable_api_stop                     = false [90m-> null[0m[0m
      [31m-[0m[0m disable_api_termination              = false [90m-> null[0m[0m
      [31m-[0m[0m ebs_optimized                        = false [90m-> null[0m[0m
      [31m-[0m[0m get_password_data                    = false [90m-> null[0m[0m
      [31m-[0m[0m hibernation                          = false [90m-> null[0m[0m
      [31m-[0m[0m id                                   = "i-050d8e845c9c85c40" [90m-> null[0m[0m
      [31m-[0m[0m instance_initiated_shutdown_behavior = "stop" [90m-> null[0m[0m
      [31m-[0m[0m instance_state                       = "running" [90m-> null[0m[0m
      [31m-[0m[0m instance_type                        = "g4dn.xlarge" [90m-> null[0m[0m
      [31m-[0m[0m ipv6_address_count                   = 0 [90m-> null[0m[0m
      [31m-[0m[0m ipv6_addresses                       = [] [90m-> null[0m[0m
      [31m-[0m[0m key_name                             = "hivemind-poc-deployer" [90m-> null[0m[0m
      [31m-[0m[0m monitoring                           = false [90m-> null[0m[0m
      [31m-[0m[0m placement_partition_number           = 0 [90m-> null[0m[0m
      [31m-[0m[0m primary_network_interface_id         = "eni-08d863a6b2d82ab1e" [90m-> null[0m[0m
      [31m-[0m[0m private_dns                          = "ip-172-31-76-101.ec2.internal" [90m-> null[0m[0m
      [31m-[0m[0m private_ip                           = "172.31.76.101" [90m-> null[0m[0m
      [31m-[0m[0m public_dns                           = "ec2-44-200-194-88.compute-1.amazonaws.com" [90m-> null[0m[0m
      [31m-[0m[0m public_ip                            = "44.200.194.88" [90m-> null[0m[0m
      [31m-[0m[0m secondary_private_ips                = [] [90m-> null[0m[0m
      [31m-[0m[0m security_groups                      = [
          [31m-[0m[0m "hivemind-poc-20260428072919915600000001",
        ] [90m-> null[0m[0m
      [31m-[0m[0m source_dest_check                    = true [90m-> null[0m[0m
      [31m-[0m[0m subnet_id                            = "subnet-89d4f687" [90m-> null[0m[0m
      [31m-[0m[0m tags                                 = {
          [31m-[0m[0m "Name" = "hivemind-worker-gpu"
          [31m-[0m[0m "Role" = "worker"
        } [90m-> null[0m[0m
      [31m-[0m[0m tags_all                             = {
          [31m-[0m[0m "Name" = "hivemind-worker-gpu"
          [31m-[0m[0m "Role" = "worker"
        } [90m-> null[0m[0m
      [31m-[0m[0m tenancy                              = "default" [90m-> null[0m[0m
      [31m-[0m[0m user_data                            = (sensitive value) [90m-> null[0m[0m
      [31m-[0m[0m user_data_replace_on_change          = false [90m-> null[0m[0m
      [31m-[0m[0m vpc_security_group_ids               = [
          [31m-[0m[0m "sg-0b1de66da60090c99",
        ] [90m-> null[0m[0m
        [90m# (7 unchanged attributes hidden)[0m[0m

      [31m-[0m[0m capacity_reservation_specification {
          [31m-[0m[0m capacity_reservation_preference = "open" [90m-> null[0m[0m
        }

      [31m-[0m[0m cpu_options {
          [31m-[0m[0m core_count       = 2 [90m-> null[0m[0m
          [31m-[0m[0m threads_per_core = 2 [90m-> null[0m[0m
            [90m# (1 unchanged attribute hidden)[0m[0m
        }

      [31m-[0m[0m enclave_options {
          [31m-[0m[0m enabled = false [90m-> null[0m[0m
        }

      [31m-[0m[0m maintenance_options {
          [31m-[0m[0m auto_recovery = "default" [90m-> null[0m[0m
        }

      [31m-[0m[0m metadata_options {
          [31m-[0m[0m http_endpoint               = "enabled" [90m-> null[0m[0m
          [31m-[0m[0m http_protocol_ipv6          = "disabled" [90m-> null[0m[0m
          [31m-[0m[0m http_put_response_hop_limit = 2 [90m-> null[0m[0m
          [31m-[0m[0m http_tokens                 = "required" [90m-> null[0m[0m
          [31m-[0m[0m instance_metadata_tags      = "disabled" [90m-> null[0m[0m
        }

      [31m-[0m[0m private_dns_name_options {
          [31m-[0m[0m enable_resource_name_dns_a_record    = false [90m-> null[0m[0m
          [31m-[0m[0m enable_resource_name_dns_aaaa_record = false [90m-> null[0m[0m
          [31m-[0m[0m hostname_type                        = "ip-name" [90m-> null[0m[0m
        }

      [31m-[0m[0m root_block_device {
          [31m-[0m[0m delete_on_termination = true [90m-> null[0m[0m
          [31m-[0m[0m device_name           = "/dev/sda1" [90m-> null[0m[0m
          [31m-[0m[0m encrypted             = false [90m-> null[0m[0m
          [31m-[0m[0m iops                  = 4000 [90m-> null[0m[0m
          [31m-[0m[0m tags                  = {} [90m-> null[0m[0m
          [31m-[0m[0m tags_all              = {} [90m-> null[0m[0m
          [31m-[0m[0m throughput            = 1000 [90m-> null[0m[0m
          [31m-[0m[0m volume_id             = "vol-02ce627c7d3f6d0eb" [90m-> null[0m[0m
          [31m-[0m[0m volume_size           = 100 [90m-> null[0m[0m
          [31m-[0m[0m volume_type           = "gp3" [90m-> null[0m[0m
            [90m# (1 unchanged attribute hidden)[0m[0m
        }
    }

[1m  # aws_key_pair.poc[0m will be [1m[31mdestroyed[0m
[0m  [31m-[0m[0m resource "aws_key_pair" "poc" {
      [31m-[0m[0m arn             = "arn:aws:ec2:us-east-1:288552132534:key-pair/hivemind-poc-deployer" [90m-> null[0m[0m
      [31m-[0m[0m fingerprint     = "bFcQiS5Kk9fwo3YpYa/nWKg73Af+SBcKS1s3BpMdneg=" [90m-> null[0m[0m
      [31m-[0m[0m id              = "hivemind-poc-deployer" [90m-> null[0m[0m
      [31m-[0m[0m key_name        = "hivemind-poc-deployer" [90m-> null[0m[0m
      [31m-[0m[0m key_pair_id     = "key-02c8a207d36add635" [90m-> null[0m[0m
      [31m-[0m[0m key_type        = "ed25519" [90m-> null[0m[0m
      [31m-[0m[0m public_key      = "ssh-ed25519 AAAAC3NzaC1lZDI1NTE5AAAAILralVpTQ0tgwve6HyxwiZ0bzY1wymH/lCm91uL5NjcP" [90m-> null[0m[0m
      [31m-[0m[0m tags            = {} [90m-> null[0m[0m
      [31m-[0m[0m tags_all        = {} [90m-> null[0m[0m
        [90m# (1 unchanged attribute hidden)[0m[0m
    }

[1m  # aws_security_group.hivemind[0m will be [1m[31mdestroyed[0m
[0m  [31m-[0m[0m resource "aws_security_group" "hivemind" {
      [31m-[0m[0m arn                    = "arn:aws:ec2:us-east-1:288552132534:security-group/sg-0b1de66da60090c99" [90m-> null[0m[0m
      [31m-[0m[0m description            = "Managed by Terraform" [90m-> null[0m[0m
      [31m-[0m[0m egress                 = [
          [31m-[0m[0m {
              [31m-[0m[0m cidr_blocks      = [
                  [31m-[0m[0m "0.0.0.0/0",
                ]
              [31m-[0m[0m from_port        = 0
              [31m-[0m[0m ipv6_cidr_blocks = []
              [31m-[0m[0m prefix_list_ids  = []
              [31m-[0m[0m protocol         = "-1"
              [31m-[0m[0m security_groups  = []
              [31m-[0m[0m self             = false
              [31m-[0m[0m to_port          = 0
                [90m# (1 unchanged attribute hidden)[0m[0m
            },
        ] [90m-> null[0m[0m
      [31m-[0m[0m id                     = "sg-0b1de66da60090c99" [90m-> null[0m[0m
      [31m-[0m[0m ingress                = [
          [31m-[0m[0m {
              [31m-[0m[0m cidr_blocks      = [
                  [31m-[0m[0m "66.108.102.239/32",
                ]
              [31m-[0m[0m from_port        = 22
              [31m-[0m[0m ipv6_cidr_blocks = []
              [31m-[0m[0m prefix_list_ids  = []
              [31m-[0m[0m protocol         = "tcp"
              [31m-[0m[0m security_groups  = []
              [31m-[0m[0m self             = false
              [31m-[0m[0m to_port          = 22
                [90m# (1 unchanged attribute hidden)[0m[0m
            },
          [31m-[0m[0m {
              [31m-[0m[0m cidr_blocks      = [
                  [31m-[0m[0m "66.108.102.239/32",
                ]
              [31m-[0m[0m from_port        = 8080
              [31m-[0m[0m ipv6_cidr_blocks = []
              [31m-[0m[0m prefix_list_ids  = []
              [31m-[0m[0m protocol         = "tcp"
              [31m-[0m[0m security_groups  = []
              [31m-[0m[0m self             = false
              [31m-[0m[0m to_port          = 8080
                [90m# (1 unchanged attribute hidden)[0m[0m
            },
          [31m-[0m[0m {
              [31m-[0m[0m cidr_blocks      = []
              [31m-[0m[0m from_port        = 8080
              [31m-[0m[0m ipv6_cidr_blocks = []
              [31m-[0m[0m prefix_list_ids  = []
              [31m-[0m[0m protocol         = "tcp"
              [31m-[0m[0m security_groups  = []
              [31m-[0m[0m self             = true
              [31m-[0m[0m to_port          = 9300
                [90m# (1 unchanged attribute hidden)[0m[0m
            },
          [31m-[0m[0m {
              [31m-[0m[0m cidr_blocks      = []
              [31m-[0m[0m from_port        = 9300
              [31m-[0m[0m ipv6_cidr_blocks = []
              [31m-[0m[0m prefix_list_ids  = []
              [31m-[0m[0m protocol         = "udp"
              [31m-[0m[0m security_groups  = []
              [31m-[0m[0m self             = true
              [31m-[0m[0m to_port          = 9300
                [90m# (1 unchanged attribute hidden)[0m[0m
            },
        ] [90m-> null[0m[0m
      [31m-[0m[0m name                   = "hivemind-poc-20260428072919915600000001" [90m-> null[0m[0m
      [31m-[0m[0m name_prefix            = "hivemind-poc-" [90m-> null[0m[0m
      [31m-[0m[0m owner_id               = "288552132534" [90m-> null[0m[0m
      [31m-[0m[0m revoke_rules_on_delete = false [90m-> null[0m[0m
      [31m-[0m[0m tags                   = {
          [31m-[0m[0m "Name" = "hivemind-poc"
        } [90m-> null[0m[0m
      [31m-[0m[0m tags_all               = {
          [31m-[0m[0m "Name" = "hivemind-poc"
        } [90m-> null[0m[0m
      [31m-[0m[0m vpc_id                 = "vpc-4b71f536" [90m-> null[0m[0m
    }

[1mPlan:[0m [0m0 to add, 0 to change, 10 to destroy.

Changes to Outputs:
  [31m-[0m[0m api_url              = "http://98.80.96.35:8080" [90m-> null[0m[0m
  [31m-[0m[0m dashboard_url        = "http://98.80.96.35:8080/dashboard" [90m-> null[0m[0m
  [31m-[0m[0m ecr_repository_name  = "hivemind-poc" [90m-> null[0m[0m
  [31m-[0m[0m ecr_repository_url   = "288552132534.dkr.ecr.us-east-1.amazonaws.com/hivemind-poc" [90m-> null[0m[0m
  [31m-[0m[0m replica_ami          = "ami-098e39bafa7e7303d" [90m-> null[0m[0m
  [31m-[0m[0m replica_ips          = [
      [31m-[0m[0m "172.31.71.97",
      [31m-[0m[0m "172.31.71.99",
      [31m-[0m[0m "172.31.73.170",
      [31m-[0m[0m "172.31.67.248",
      [31m-[0m[0m "172.31.77.204",
    ] [90m-> null[0m[0m
  [31m-[0m[0m replica_public_ips   = [
      [31m-[0m[0m "98.80.96.35",
      [31m-[0m[0m "44.221.73.4",
      [31m-[0m[0m "34.204.195.201",
      [31m-[0m[0m "100.28.0.125",
      [31m-[0m[0m "100.53.239.227",
    ] [90m-> null[0m[0m
  [31m-[0m[0m worker_ami           = "ami-0714f823ff4e72d73" [90m-> null[0m[0m
  [31m-[0m[0m worker_cpu_ip        = "172.31.74.56" [90m-> null[0m[0m
  [31m-[0m[0m worker_cpu_public_ip = "100.31.104.187" [90m-> null[0m[0m
  [31m-[0m[0m worker_gpu_ip        = "172.31.76.101" [90m-> null[0m[0m
  [31m-[0m[0m worker_gpu_public_ip = "44.200.194.88" [90m-> null[0m[0m
[0m[1maws_ecr_repository.workloads: Destroying... [id=hivemind-poc][0m[0m
[0m[1maws_instance.replica[1]: Destroying... [id=i-08a9f021fd1484940][0m[0m
[0m[1maws_instance.replica[0]: Destroying... [id=i-0f23108b25e5313f5][0m[0m
[0m[1maws_instance.replica[2]: Destroying... [id=i-042815db0971fb959][0m[0m
[0m[1maws_instance.replica[4]: Destroying... [id=i-0df91ff3742056ac4][0m[0m
[0m[1maws_instance.replica[3]: Destroying... [id=i-04ec5a2d811969d4c][0m[0m
[0m[1maws_instance.worker_gpu: Destroying... [id=i-050d8e845c9c85c40][0m[0m
[0m[1maws_instance.worker_cpu: Destroying... [id=i-0b891c0b63f01bdba][0m[0m
[0m[1maws_ecr_repository.workloads: Destruction complete after 1s[0m
[0m[1maws_instance.replica[1]: Still destroying... [id=i-08a9f021fd1484940, 00m10s elapsed][0m[0m
[0m[1maws_instance.replica[3]: Still destroying... [id=i-04ec5a2d811969d4c, 00m10s elapsed][0m[0m
[0m[1maws_instance.replica[0]: Still destroying... [id=i-0f23108b25e5313f5, 00m10s elapsed][0m[0m
[0m[1maws_instance.replica[4]: Still destroying... [id=i-0df91ff3742056ac4, 00m10s elapsed][0m[0m
[0m[1maws_instance.replica[2]: Still destroying... [id=i-042815db0971fb959, 00m10s elapsed][0m[0m
[0m[1maws_instance.worker_cpu: Still destroying... [id=i-0b891c0b63f01bdba, 00m10s elapsed][0m[0m
[0m[1maws_instance.worker_gpu: Still destroying... [id=i-050d8e845c9c85c40, 00m10s elapsed][0m[0m
[0m[1maws_instance.worker_cpu: Still destroying... [id=i-0b891c0b63f01bdba, 00m20s elapsed][0m[0m
[0m[1maws_instance.replica[3]: Still destroying... [id=i-04ec5a2d811969d4c, 00m20s elapsed][0m[0m
[0m[1maws_instance.replica[0]: Still destroying... [id=i-0f23108b25e5313f5, 00m20s elapsed][0m[0m
[0m[1maws_instance.worker_gpu: Still destroying... [id=i-050d8e845c9c85c40, 00m20s elapsed][0m[0m
[0m[1maws_instance.replica[4]: Still destroying... [id=i-0df91ff3742056ac4, 00m20s elapsed][0m[0m
[0m[1maws_instance.replica[2]: Still destroying... [id=i-042815db0971fb959, 00m20s elapsed][0m[0m
[0m[1maws_instance.replica[1]: Still destroying... [id=i-08a9f021fd1484940, 00m20s elapsed][0m[0m
[0m[1maws_instance.replica[2]: Destruction complete after 21s[0m
[0m[1maws_instance.replica[0]: Still destroying... [id=i-0f23108b25e5313f5, 00m30s elapsed][0m[0m
[0m[1maws_instance.replica[1]: Still destroying... [id=i-08a9f021fd1484940, 00m30s elapsed][0m[0m
[0m[1maws_instance.worker_cpu: Still destroying... [id=i-0b891c0b63f01bdba, 00m30s elapsed][0m[0m
[0m[1maws_instance.worker_gpu: Still destroying... [id=i-050d8e845c9c85c40, 00m30s elapsed][0m[0m
[0m[1maws_instance.replica[4]: Still destroying... [id=i-0df91ff3742056ac4, 00m30s elapsed][0m[0m
[0m[1maws_instance.replica[3]: Still destroying... [id=i-04ec5a2d811969d4c, 00m30s elapsed][0m[0m
[0m[1maws_instance.replica[0]: Destruction complete after 31s[0m
[0m[1maws_instance.replica[3]: Destruction complete after 31s[0m
[0m[1maws_instance.replica[4]: Destruction complete after 31s[0m
[0m[1maws_instance.replica[1]: Destruction complete after 31s[0m
[0m[1maws_instance.worker_cpu: Still destroying... [id=i-0b891c0b63f01bdba, 00m40s elapsed][0m[0m
[0m[1maws_instance.worker_gpu: Still destroying... [id=i-050d8e845c9c85c40, 00m40s elapsed][0m[0m
[0m[1maws_instance.worker_gpu: Still destroying... [id=i-050d8e845c9c85c40, 00m50s elapsed][0m[0m
[0m[1maws_instance.worker_cpu: Still destroying... [id=i-0b891c0b63f01bdba, 00m50s elapsed][0m[0m
[0m[1maws_instance.worker_cpu: Destruction complete after 51s[0m
[0m[1maws_instance.worker_gpu: Still destroying... [id=i-050d8e845c9c85c40, 01m00s elapsed][0m[0m
[0m[1maws_instance.worker_gpu: Still destroying... [id=i-050d8e845c9c85c40, 01m10s elapsed][0m[0m
[0m[1maws_instance.worker_gpu: Still destroying... [id=i-050d8e845c9c85c40, 01m20s elapsed][0m[0m
[0m[1maws_instance.worker_gpu: Still destroying... [id=i-050d8e845c9c85c40, 01m30s elapsed][0m[0m
[0m[1maws_instance.worker_gpu: Still destroying... [id=i-050d8e845c9c85c40, 01m40s elapsed][0m[0m
[0m[1maws_instance.worker_gpu: Still destroying... [id=i-050d8e845c9c85c40, 01m50s elapsed][0m[0m
[0m[1maws_instance.worker_gpu: Still destroying... [id=i-050d8e845c9c85c40, 02m00s elapsed][0m[0m
[0m[1maws_instance.worker_gpu: Still destroying... [id=i-050d8e845c9c85c40, 02m10s elapsed][0m[0m
[0m[1maws_instance.worker_gpu: Still destroying... [id=i-050d8e845c9c85c40, 02m20s elapsed][0m[0m
[0m[1maws_instance.worker_gpu: Still destroying... [id=i-050d8e845c9c85c40, 02m30s elapsed][0m[0m
[0m[1maws_instance.worker_gpu: Still destroying... [id=i-050d8e845c9c85c40, 02m40s elapsed][0m[0m
[0m[1maws_instance.worker_gpu: Still destroying... [id=i-050d8e845c9c85c40, 02m50s elapsed][0m[0m
[0m[1maws_instance.worker_gpu: Still destroying... [id=i-050d8e845c9c85c40, 03m00s elapsed][0m[0m
[0m[1maws_instance.worker_gpu: Still destroying... [id=i-050d8e845c9c85c40, 03m10s elapsed][0m[0m
[0m[1maws_instance.worker_gpu: Still destroying... [id=i-050d8e845c9c85c40, 03m20s elapsed][0m[0m
[0m[1maws_instance.worker_gpu: Still destroying... [id=i-050d8e845c9c85c40, 03m30s elapsed][0m[0m
[0m[1maws_instance.worker_gpu: Still destroying... [id=i-050d8e845c9c85c40, 03m40s elapsed][0m[0m
[0m[1maws_instance.worker_gpu: Still destroying... [id=i-050d8e845c9c85c40, 03m50s elapsed][0m[0m
[0m[1maws_instance.worker_gpu: Still destroying... [id=i-050d8e845c9c85c40, 04m00s elapsed][0m[0m
[0m[1maws_instance.worker_gpu: Still destroying... [id=i-050d8e845c9c85c40, 04m10s elapsed][0m[0m
[0m[1maws_instance.worker_gpu: Still destroying... [id=i-050d8e845c9c85c40, 04m20s elapsed][0m[0m
[0m[1maws_instance.worker_gpu: Still destroying... [id=i-050d8e845c9c85c40, 04m30s elapsed][0m[0m
[0m[1maws_instance.worker_gpu: Still destroying... [id=i-050d8e845c9c85c40, 04m40s elapsed][0m[0m
[0m[1maws_instance.worker_gpu: Destruction complete after 4m46s[0m
[0m[1maws_key_pair.poc: Destroying... [id=hivemind-poc-deployer][0m[0m
[0m[1maws_security_group.hivemind: Destroying... [id=sg-0b1de66da60090c99][0m[0m
[0m[1maws_key_pair.poc: Destruction complete after 0s[0m
[0m[1maws_security_group.hivemind: Destruction complete after 1s[0m
[0m[1m[32m
Destroy complete! Resources: 10 destroyed.[0m

=== Teardown complete ===
